track,target,seed,method,budget,repeat,fpr_at_thr,dr_at_thr,mcc_at_thr,pr_auc,support_attacks,threshold_on_support,selected,meta_val,finetune_val,drift_ratio,run_id
nf43,nf_unsw_v2,0,pooled-none,0,0,0.013670262833972921,0.3213881019830028,0.3968697512012483,0.39106658928635235,,,sgd/eps0.1,0.9256441656968131,0.8999521620288918,0.10725945713201004,d3ef1cf215a54c08a0d706bd95209600
nf43,nf_unsw_v2,0,pooled-adabn,0,0,0.3251176598363623,0.0018413597733711049,-0.15043194038389965,0.025174534682639974,,,sgd/eps0.1,0.9256441656968131,0.8999521620288918,0.10725945713201004,d3ef1cf215a54c08a0d706bd95209600
nf43,nf_unsw_v2,0,reptile-adabn,0,0,0.7605676634566649,0.20311614730878186,-0.27119041563160706,0.02667561155746674,,,sgd/eps0.1,0.9256441656968131,0.8999521620288918,0.10725945713201004,d3ef1cf215a54c08a0d706bd95209600
nf43,nf_unsw_v2,0,finetune-50,50,0,0.014502932445152415,0.26062322946175637,0.3297726099046887,0.4783201289319719,4.0,False,sgd/eps0.1,0.9256441656968131,0.8999521620288918,0.10725945713201004,d3ef1cf215a54c08a0d706bd95209600
nf43,nf_unsw_v2,0,reptile-50,50,0,0.5247411483600029,0.9801699716713881,0.19679167512018675,0.35992307619139435,4.0,False,sgd/eps0.1,0.9256441656968131,0.8999521620288918,0.10725945713201004,d3ef1cf215a54c08a0d706bd95209600
nf43,nf_unsw_v2,0,finetune-50,50,1,0.01929621316342046,0.30254957507082153,0.34071286336946166,0.49562363605800197,3.0,False,sgd/eps0.1,0.9256441656968131,0.8999521620288918,0.10725945713201004,d3ef1cf215a54c08a0d706bd95209600
nf43,nf_unsw_v2,0,reptile-50,50,1,0.37692419086235607,0.99985835694051,0.27272127155426945,0.4588392154066799,3.0,False,sgd/eps0.1,0.9256441656968131,0.8999521620288918,0.10725945713201004,d3ef1cf215a54c08a0d706bd95209600
nf43,nf_unsw_v2,0,finetune-50,50,2,0.011809427268119614,0.01161473087818697,-0.0003878227292242373,0.04854344448628539,1.0,False,sgd/eps0.1,0.9256441656968131,0.8999521620288918,0.10725945713201004,d3ef1cf215a54c08a0d706bd95209600
nf43,nf_unsw_v2,0,reptile-50,50,2,0.1235754109043516,0.20481586402266289,0.05238829339328495,0.06134873340478219,1.0,False,sgd/eps0.1,0.9256441656968131,0.8999521620288918,0.10725945713201004,d3ef1cf215a54c08a0d706bd95209600
nf43,nf_unsw_v2,0,finetune-50,50,3,0.012453841141119398,0.11572237960339943,0.16951678290468347,0.45655248266432913,2.0,False,sgd/eps0.1,0.9256441656968131,0.8999521620288918,0.10725945713201004,d3ef1cf215a54c08a0d706bd95209600
nf43,nf_unsw_v2,0,reptile-50,50,3,0.29355586127000216,0.9980169971671388,0.3228018612674615,0.3311313851631645,2.0,False,sgd/eps0.1,0.9256441656968131,0.8999521620288918,0.10725945713201004,d3ef1cf215a54c08a0d706bd95209600
nf43,nf_unsw_v2,0,finetune-50,50,4,0.03210484396495547,0.3518413597733711,0.3228354078553783,0.40546248843677224,3.0,False,sgd/eps0.1,0.9256441656968131,0.8999521620288918,0.10725945713201004,d3ef1cf215a54c08a0d706bd95209600
nf43,nf_unsw_v2,0,reptile-50,50,4,0.2866845268264427,0.9881019830028328,0.3232212508934109,0.3025347000651879,3.0,False,sgd/eps0.1,0.9256441656968131,0.8999521620288918,0.10725945713201004,d3ef1cf215a54c08a0d706bd95209600
nf43,nf_unsw_v2,0,finetune-200,200,0,0.15768590254145246,0.9922096317280453,0.4502288675651522,0.6048403272523003,7.0,True,sgd/eps0.1,0.9256441656968131,0.8999521620288918,0.10725945713201004,d3ef1cf215a54c08a0d706bd95209600
nf43,nf_unsw_v2,0,reptile-200,200,0,0.05308811816667874,0.9968838526912182,0.6797679232319458,0.40637356421586573,7.0,True,sgd/eps0.1,0.9256441656968131,0.8999521620288918,0.10725945713201004,d3ef1cf215a54c08a0d706bd95209600
nf43,nf_unsw_v2,0,finetune-200,200,1,0.1557454203171385,0.953257790368272,0.4333681800218757,0.4354283722298136,9.0,True,sgd/eps0.1,0.9256441656968131,0.8999521620288918,0.10725945713201004,d3ef1cf215a54c08a0d706bd95209600
nf43,nf_unsw_v2,0,reptile-200,200,1,0.04564477590326551,0.9043909348441926,0.6540172801192641,0.4420142997463566,9.0,True,sgd/eps0.1,0.9256441656968131,0.8999521620288918,0.10725945713201004,d3ef1cf215a54c08a0d706bd95209600
nf43,nf_unsw_v2,0,finetune-200,200,2,0.027065382665990876,0.6926345609065155,0.605508044086511,0.565503949073123,9.0,True,sgd/eps0.1,0.9256441656968131,0.8999521620288918,0.10725945713201004,d3ef1cf215a54c08a0d706bd95209600
nf43,nf_unsw_v2,0,reptile-200,200,2,0.42401708782854247,0.998300283286119,0.24820423971580766,0.11634078963859276,9.0,True,sgd/eps0.1,0.9256441656968131,0.8999521620288918,0.10725945713201004,d3ef1cf215a54c08a0d706bd95209600
nf43,nf_unsw_v2,0,finetune-200,200,3,0.03947578017522265,0.7975920679886686,0.614085350167574,0.6010010510755563,11.0,True,sgd/eps0.1,0.9256441656968131,0.8999521620288918,0.10725945713201004,d3ef1cf215a54c08a0d706bd95209600
nf43,nf_unsw_v2,0,reptile-200,200,3,0.03072188834986605,0.606657223796034,0.5268908908449286,0.4434652021339152,11.0,True,sgd/eps0.1,0.9256441656968131,0.8999521620288918,0.10725945713201004,d3ef1cf215a54c08a0d706bd95209600
nf43,nf_unsw_v2,0,finetune-200,200,4,0.026066179132575484,0.5803116147308782,0.5320440491742837,0.5099773844804414,6.0,True,sgd/eps0.1,0.9256441656968131,0.8999521620288918,0.10725945713201004,d3ef1cf215a54c08a0d706bd95209600
nf43,nf_unsw_v2,0,reptile-200,200,4,0.9973644196654841,0.9992917847025495,0.00823341347800376,0.11890174947032497,6.0,True,sgd/eps0.1,0.9256441656968131,0.8999521620288918,0.10725945713201004,d3ef1cf215a54c08a0d706bd95209600
nf43,nf_unsw_v2,0,finetune-1000,1000,0,0.1491781912967924,0.9552407932011332,0.44341849303606234,0.43656514430576315,39.0,True,sgd/eps0.1,0.9256441656968131,0.8999521620288918,0.10725945713201004,d3ef1cf215a54c08a0d706bd95209600
nf43,nf_unsw_v2,0,reptile-1000,1000,0,0.8445514445007603,0.9895184135977337,0.08771507037136717,0.15626919817433704,39.0,True,sgd/eps0.1,0.9256441656968131,0.8999521620288918,0.10725945713201004,d3ef1cf215a54c08a0d706bd95209600
nf43,nf_unsw_v2,0,finetune-1000,1000,1,0.11116501339511983,0.9660056657223796,0.5111408517562718,0.5091725570868975,54.0,True,sgd/eps0.1,0.9256441656968131,0.8999521620288918,0.10725945713201004,d3ef1cf215a54c08a0d706bd95209600
nf43,nf_unsw_v2,0,reptile-1000,1000,1,0.16393454492795598,0.9977337110481587,0.4446773958380098,0.4908644837789968,54.0,True,sgd/eps0.1,0.9256441656968131,0.8999521620288918,0.10725945713201004,d3ef1cf215a54c08a0d706bd95209600
nf43,nf_unsw_v2,0,finetune-1000,1000,2,0.06235609296937224,0.9211048158640227,0.6048022732845909,0.5327187608836134,53.0,True,sgd/eps0.1,0.9256441656968131,0.8999521620288918,0.10725945713201004,d3ef1cf215a54c08a0d706bd95209600
nf43,nf_unsw_v2,0,reptile-1000,1000,2,0.052805734559409165,0.955099150141643,0.656724724737101,0.3894255213121912,53.0,True,sgd/eps0.1,0.9256441656968131,0.8999521620288918,0.10725945713201004,d3ef1cf215a54c08a0d706bd95209600
nf43,nf_unsw_v2,0,finetune-1000,1000,3,0.0590905799724857,0.9552407932011332,0.6350616150583416,0.5842684338164227,58.0,True,sgd/eps0.1,0.9256441656968131,0.8999521620288918,0.10725945713201004,d3ef1cf215a54c08a0d706bd95209600
nf43,nf_unsw_v2,0,reptile-1000,1000,3,0.06824994569546014,0.9862606232294617,0.6239654195710501,0.40001736850015857,58.0,True,sgd/eps0.1,0.9256441656968131,0.8999521620288918,0.10725945713201004,d3ef1cf215a54c08a0d706bd95209600
nf43,nf_unsw_v2,0,finetune-1000,1000,4,0.048193468974006226,0.9437677053824363,0.6673274370474036,0.6891469758345059,56.0,True,sgd/eps0.1,0.9256441656968131,0.8999521620288918,0.10725945713201004,d3ef1cf215a54c08a0d706bd95209600
nf43,nf_unsw_v2,0,reptile-1000,1000,4,0.05491275070595902,0.9973087818696884,0.6734731763142611,0.39307433026861177,56.0,True,sgd/eps0.1,0.9256441656968131,0.8999521620288918,0.10725945713201004,d3ef1cf215a54c08a0d706bd95209600
nf43,nf_unsw_v2,1,pooled-none,0,0,0.01057128375932228,0.2463172804532578,0.345423832947168,0.3296557589326398,,,sgd/eps0.1,0.91445798028764,0.875330092954884,0.12081132284469094,01cd22f22c4c4f9db3dbb4528d870dcb
nf43,nf_unsw_v2,1,pooled-adabn,0,0,0.2937585982188111,0.00594900849858357,-0.13791486578046622,0.025039483726629962,,,sgd/eps0.1,0.91445798028764,0.875330092954884,0.12081132284469094,01cd22f22c4c4f9db3dbb4528d870dcb
nf43,nf_unsw_v2,1,reptile-adabn,0,0,0.5671348924770111,0.11742209631728046,-0.19426305491020285,0.025678933691215034,,,sgd/eps0.1,0.91445798028764,0.875330092954884,0.12081132284469094,01cd22f22c4c4f9db3dbb4528d870dcb
nf43,nf_unsw_v2,1,finetune-50,50,0,0.008478748823401636,0.004957507082152974,-0.008344688859748432,0.03395164021936523,0.0,False,sgd/eps0.1,0.91445798028764,0.875330092954884,0.12081132284469094,01cd22f22c4c4f9db3dbb4528d870dcb
nf43,nf_unsw_v2,1,reptile-50,50,0,0.054673810730577074,0.09348441926345609,0.036138660508063115,0.052107703901494065,0.0,False,sgd/eps0.1,0.91445798028764,0.875330092954884,0.12081132284469094,01cd22f22c4c4f9db3dbb4528d870dcb
nf43,nf_unsw_v2,1,finetune-50,50,1,0.025776554919991312,0.20184135977337112,0.20797163616662992,0.3404193173275039,3.0,False,sgd/eps0.1,0.91445798028764,0.875330092954884,0.12081132284469094,01cd22f22c4c4f9db3dbb4528d870dcb
nf43,nf_unsw_v2,1,reptile-50,50,1,0.09984794728839332,0.671529745042493,0.36849883014781487,0.32798961237409957,3.0,False,sgd/eps0.1,0.91445798028764,0.875330092954884,0.12081132284469094,01cd22f22c4c4f9db3dbb4528d870dcb
nf43,nf_unsw_v2,1,finetune-50,50,2,0.017739483020780537,0.2726628895184136,0.32073177049788804,0.3889276696897823,3.0,False,sgd/eps0.1,0.91445798028764,0.875330092954884,0.12081132284469094,01cd22f22c4c4f9db3dbb4528d870dcb
nf43,nf_unsw_v2,1,reptile-50,50,2,0.3483020780537253,0.9825779036827196,0.2812015034799079,0.1451527353165999,3.0,False,sgd/eps0.1,0.91445798028764,0.875330092954884,0.12081132284469094,01cd22f22c4c4f9db3dbb4528d870dcb
nf43,nf_unsw_v2,1,finetune-50,50,3,0.007993628267323149,0.19844192634560906,0.31457877989826666,0.5429009900741381,4.0,False,sgd/eps0.1,0.91445798028764,0.875330092954884,0.12081132284469094,01cd22f22c4c4f9db3dbb4528d870dcb
nf43,nf_unsw_v2,1,reptile-50,50,3,0.8606835131416987,0.9080736543909348,0.029644535677841397,0.5076594771883463,4.0,False,sgd/eps0.1,0.91445798028764,0.875330092954884,0.12081132284469094,01cd22f22c4c4f9db3dbb4528d870dcb
nf43,nf_unsw_v2,1,finetune-50,50,4,0.02102671783361089,0.4859773371104816,0.4895521381736718,0.4306506377468076,1.0,False,sgd/eps0.1,0.91445798028764,0.875330092954884,0.12081132284469094,01cd22f22c4c4f9db3dbb4528d870dcb
nf43,nf_unsw_v2,1,reptile-50,50,4,0.3011802186662805,0.9021246458923513,0.27481643316309773,0.31310122718625744,1.0,False,sgd/eps0.1,0.91445798028764,0.875330092954884,0.12081132284469094,01cd22f22c4c4f9db3dbb4528d870dcb
nf43,nf_unsw_v2,1,finetune-200,200,0,0.13305336326116862,0.8053824362606232,0.3889058960467391,0.46392641673500395,8.0,True,sgd/eps0.1,0.91445798028764,0.875330092954884,0.12081132284469094,01cd22f22c4c4f9db3dbb4528d870dcb
nf43,nf_unsw_v2,1,reptile-200,200,0,0.895279125334878,0.9177053824362607,0.01582734275538635,0.04934973388240839,8.0,True,sgd/eps0.1,0.91445798028764,0.875330092954884,0.12081132284469094,01cd22f22c4c4f9db3dbb4528d870dcb
nf43,nf_unsw_v2,1,finetune-200,200,1,0.09049308522192455,0.9420679886685552,0.5413065182975468,0.35241857305047775,9.0,True,sgd/eps0.1,0.91445798028764,0.875330092954884,0.12081132284469094,01cd22f22c4c4f9db3dbb4528d870dcb
nf43,nf_unsw_v2,1,reptile-200,200,1,0.032618926942292376,0.8031161473087819,0.6491722380863773,0.4503171051358773,9.0,True,sgd/eps0.1,0.91445798028764,0.875330092954884,0.12081132284469094,01cd22f22c4c4f9db3dbb4528d870dcb
nf43,nf_unsw_v2,1,finetune-200,200,2,0.10793570342480631,0.976628895184136,0.5230363845775459,0.4648939657510261,10.0,True,sgd/eps0.1,0.91445798028764,0.875330092954884,0.12081132284469094,01cd22f22c4c4f9db3dbb4528d870dcb
nf43,nf_unsw_v2,1,reptile-200,200,2,0.9534573890377236,0.993342776203966,0.041560277282235984,0.06565554344640945,10.0,True,sgd/eps0.1,0.91445798028764,0.875330092954884,0.12081132284469094,01cd22f22c4c4f9db3dbb4528d870dcb
nf43,nf_unsw_v2,1,finetune-200,200,3,0.03951198320179567,0.6879603399433428,0.5429272086464515,0.38385582267901464,10.0,True,sgd/eps0.1,0.91445798028764,0.875330092954884,0.12081132284469094,01cd22f22c4c4f9db3dbb4528d870dcb
nf43,nf_unsw_v2,1,reptile-200,200,3,0.045514445007602634,0.7322946175637394,0.5479333301017144,0.40940872561744207,10.0,True,sgd/eps0.1,0.91445798028764,0.875330092954884,0.12081132284469094,01cd22f22c4c4f9db3dbb4528d870dcb
nf43,nf_unsw_v2,1,finetune-200,200,4,0.02279342553037434,0.7801699716713881,0.6879859121664896,0.665527718932396,18.0,True,sgd/eps0.1,0.91445798028764,0.875330092954884,0.12081132284469094,01cd22f22c4c4f9db3dbb4528d870dcb
nf43,nf_unsw_v2,1,reptile-200,200,4,0.6025197306494823,0.8358356940509915,0.10308056328343529,0.0750313753037524,18.0,True,sgd/eps0.1,0.91445798028764,0.875330092954884,0.12081132284469094,01cd22f22c4c4f9db3dbb4528d870dcb
nf43,nf_unsw_v2,1,finetune-1000,1000,0,0.16656288465715735,0.9801699716713881,0.43262028859291485,0.6045058644785799,48.0,True,sgd/eps0.1,0.91445798028764,0.875330092954884,0.12081132284469094,01cd22f22c4c4f9db3dbb4528d870dcb
nf43,nf_unsw_v2,1,reptile-1000,1000,0,0.9981174426182029,0.9456090651558073,-0.16995251138546275,0.04470669758235949,48.0,True,sgd/eps0.1,0.91445798028764,0.875330092954884,0.12081132284469094,01cd22f22c4c4f9db3dbb4528d870dcb
nf43,nf_unsw_v2,1,finetune-1000,1000,1,0.38175367460719717,0.9834277620396601,0.2630379695330075,0.49383273310075076,45.0,True,sgd/eps0.1,0.91445798028764,0.875330092954884,0.12081132284469094,01cd22f22c4c4f9db3dbb4528d870dcb
nf43,nf_unsw_v2,1,reptile-1000,1000,1,0.9457389037723554,0.9869688385269122,0.03985081206504774,0.058076224365446,45.0,True,sgd/eps0.1,0.91445798028764,0.875330092954884,0.12081132284469094,01cd22f22c4c4f9db3dbb4528d870dcb
nf43,nf_unsw_v2,1,finetune-1000,1000,2,0.04744044602128738,0.9101983002832861,0.6504252061198412,0.5731027010878456,48.0,True,sgd/eps0.1,0.91445798028764,0.875330092954884,0.12081132284469094,01cd22f22c4c4f9db3dbb4528d870dcb
nf43,nf_unsw_v2,1,reptile-1000,1000,2,0.7633914995293607,0.9160056657223796,0.07810228348069859,0.058707170123192425,48.0,True,sgd/eps0.1,0.91445798028764,0.875330092954884,0.12081132284469094,01cd22f22c4c4f9db3dbb4528d870dcb
nf43,nf_unsw_v2,1,finetune-1000,1000,3,0.0634783867931359,0.980028328611898,0.6350484910895607,0.5944144114024602,59.0,True,sgd/eps0.1,0.91445798028764,0.875330092954884,0.12081132284469094,01cd22f22c4c4f9db3dbb4528d870dcb
nf43,nf_unsw_v2,1,reptile-1000,1000,3,0.6210629208601839,0.9436260623229462,0.14426649895995866,0.08260806948306415,59.0,True,sgd/eps0.1,0.91445798028764,0.875330092954884,0.12081132284469094,01cd22f22c4c4f9db3dbb4528d870dcb
nf43,nf_unsw_v2,1,finetune-1000,1000,4,0.8887480993411049,0.9722379603399434,0.05805134947383415,0.1452187151001625,58.0,True,sgd/eps0.1,0.91445798028764,0.875330092954884,0.12081132284469094,01cd22f22c4c4f9db3dbb4528d870dcb
nf43,nf_unsw_v2,1,reptile-1000,1000,4,0.17547606979943522,0.9752124645892352,0.41917399788342635,0.20174358643325258,58.0,True,sgd/eps0.1,0.91445798028764,0.875330092954884,0.12081132284469094,01cd22f22c4c4f9db3dbb4528d870dcb
nf43,nf_unsw_v2,2,pooled-none,0,0,0.011671855767142133,0.2756373937677054,0.3672054720413589,0.32318761590225864,,,sgd/eps0.1,0.9623583322652693,0.9353589185506198,0.095922766574943,270ea1da3b524247a56b3ff434a47148
nf43,nf_unsw_v2,2,pooled-adabn,0,0,0.15037289117370212,0.014589235127478754,-0.08324477137132202,0.02542931279520114,,,sgd/eps0.1,0.9623583322652693,0.9353589185506198,0.095922766574943,270ea1da3b524247a56b3ff434a47148
nf43,nf_unsw_v2,2,reptile-adabn,0,0,0.5721019477228296,0.27025495750708217,-0.13071877103820198,0.03072090479121082,,,sgd/eps0.1,0.9623583322652693,0.9353589185506198,0.095922766574943,270ea1da3b524247a56b3ff434a47148
nf43,nf_unsw_v2,2,finetune-50,50,0,0.03028745203098979,0.4790368271954674,0.43430736732042174,0.4405085790271138,2.0,False,sgd/eps0.1,0.9623583322652693,0.9353589185506198,0.095922766574943,270ea1da3b524247a56b3ff434a47148
nf43,nf_unsw_v2,2,reptile-50,50,0,0.07050177394830208,0.8943342776203966,0.5650771050538217,0.4691994993369597,2.0,False,sgd/eps0.1,0.9623583322652693,0.9353589185506198,0.095922766574943,270ea1da3b524247a56b3ff434a47148
nf43,nf_unsw_v2,2,finetune-50,50,1,0.0056259503294475415,0.03994334277620397,0.08674264254576138,0.06431967015820661,1.0,False,sgd/eps0.1,0.9623583322652693,0.9353589185506198,0.095922766574943,270ea1da3b524247a56b3ff434a47148
nf43,nf_unsw_v2,2,reptile-50,50,1,0.0907465064079357,0.230028328611898,0.10098724891783696,0.09123251153795632,1.0,False,sgd/eps0.1,0.9623583322652693,0.9353589185506198,0.095922766574943,270ea1da3b524247a56b3ff434a47148
nf43,nf_unsw_v2,2,finetune-50,50,2,0.02532039678517124,0.5647308781869689,0.5247138325208534,0.41755621034511886,3.0,False,sgd/eps0.1,0.9623583322652693,0.9353589185506198,0.095922766574943,270ea1da3b524247a56b3ff434a47148
nf43,nf_unsw_v2,2,reptile-50,50,2,0.20574904061979582,0.9861189801699717,0.39098802646746905,0.6500728935921479,3.0,False,sgd/eps0.1,0.9623583322652693,0.9353589185506198,0.095922766574943,270ea1da3b524247a56b3ff434a47148
nf43,nf_unsw_v2,2,finetune-50,50,3,0.035059010933314025,0.7301699716713881,0.5904582941421306,0.5675528334483626,4.0,False,sgd/eps0.1,0.9623583322652693,0.9353589185506198,0.095922766574943,270ea1da3b524247a56b3ff434a47148
nf43,nf_unsw_v2,2,reptile-50,50,3,0.26376801100572006,0.9526912181303117,0.32421876743148065,0.6449216992057896,4.0,False,sgd/eps0.1,0.9623583322652693,0.9353589185506198,0.095922766574943,270ea1da3b524247a56b3ff434a47148
nf43,nf_unsw_v2,2,finetune-50,50,4,0.01833321265657809,0.3495750708215297,0.3907037562295877,0.514566299693329,4.0,False,sgd/eps0.1,0.9623583322652693,0.9353589185506198,0.095922766574943,270ea1da3b524247a56b3ff434a47148
nf43,nf_unsw_v2,2,reptile-50,50,4,0.3079429440301209,0.9896600566572238,0.3093090654623016,0.5891540644401233,4.0,False,sgd/eps0.1,0.9623583322652693,0.9353589185506198,0.095922766574943,270ea1da3b524247a56b3ff434a47148
nf43,nf_unsw_v2,2,finetune-200,200,0,0.015465932951994787,0.43569405099150144,0.4858463608033489,0.5259248278479532,9.0,True,sgd/eps0.1,0.9623583322652693,0.9353589185506198,0.095922766574943,270ea1da3b524247a56b3ff434a47148
nf43,nf_unsw_v2,2,reptile-200,200,0,0.007921222214177105,0.44107648725212467,0.5553536348911442,0.6304288694567455,9.0,True,sgd/eps0.1,0.9623583322652693,0.9353589185506198,0.095922766574943,270ea1da3b524247a56b3ff434a47148
nf43,nf_unsw_v2,2,finetune-200,200,1,0.06482513938165231,0.8902266288951841,0.5792394267754043,0.49282557394135074,13.0,True,sgd/eps0.1,0.9623583322652693,0.9353589185506198,0.095922766574943,270ea1da3b524247a56b3ff434a47148
nf43,nf_unsw_v2,2,reptile-200,200,1,0.0643327782202592,0.9335694050991501,0.6058479294982947,0.6050114122909123,13.0,True,sgd/eps0.1,0.9623583322652693,0.9353589185506198,0.095922766574943,270ea1da3b524247a56b3ff434a47148
nf43,nf_unsw_v2,2,finetune-200,200,2,0.3207950184635436,0.753257790368272,0.1961162610445315,0.36897117125836826,8.0,True,sgd/eps0.1,0.9623583322652693,0.9353589185506198,0.095922766574943,270ea1da3b524247a56b3ff434a47148
nf43,nf_unsw_v2,2,reptile-200,200,2,0.019520671928173194,0.818271954674221,0.7328724343748454,0.6803605120985268,8.0,True,sgd/eps0.1,0.9623583322652693,0.9353589185506198,0.095922766574943,270ea1da3b524247a56b3ff434a47148
nf43,nf_unsw_v2,2,finetune-200,200,3,0.027796683802765912,0.6424929178470254,0.5670847204992975,0.5520903034695457,10.0,True,sgd/eps0.1,0.9623583322652693,0.9353589185506198,0.095922766574943,270ea1da3b524247a56b3ff434a47148
nf43,nf_unsw_v2,2,reptile-200,200,3,0.036355079284628194,0.8062322946175637,0.6334161306337673,0.5882846926732368,10.0,True,sgd/eps0.1,0.9623583322652693,0.9353589185506198,0.095922766574943,270ea1da3b524247a56b3ff434a47148
nf43,nf_unsw_v2,2,finetune-200,200,4,0.05380493809282456,0.9121813031161473,0.6280700281352626,0.5411730372889714,13.0,True,sgd/eps0.1,0.9623583322652693,0.9353589185506198,0.095922766574943,270ea1da3b524247a56b3ff434a47148
nf43,nf_unsw_v2,2,reptile-200,200,4,0.05242198247773514,0.9134560906515581,0.6337499056276301,0.5442629679883465,13.0,True,sgd/eps0.1,0.9623583322652693,0.9353589185506198,0.095922766574943,270ea1da3b524247a56b3ff434a47148
nf43,nf_unsw_v2,2,finetune-1000,1000,0,0.04402288031279415,0.9175637393767705,0.6684154577803494,0.619034915761758,41.0,True,sgd/eps0.1,0.9623583322652693,0.9353589185506198,0.095922766574943,270ea1da3b524247a56b3ff434a47148
nf43,nf_unsw_v2,2,reptile-1000,1000,0,0.05270436608500471,0.9594900849858357,0.6596378383673124,0.6722553814107237,41.0,True,sgd/eps0.1,0.9623583322652693,0.9353589185506198,0.095922766574943,270ea1da3b524247a56b3ff434a47148
nf43,nf_unsw_v2,2,finetune-1000,1000,1,0.06184925059734994,0.9546742209631728,0.6257583143205983,0.572630854565549,33.0,True,sgd/eps0.1,0.9623583322652693,0.9353589185506198,0.095922766574943,270ea1da3b524247a56b3ff434a47148
nf43,nf_unsw_v2,2,reptile-1000,1000,1,0.053117080587937154,0.9293201133144476,0.6405771328222296,0.5965100302451338,33.0,True,sgd/eps0.1,0.9623583322652693,0.9353589185506198,0.095922766574943,270ea1da3b524247a56b3ff434a47148
nf43,nf_unsw_v2,2,finetune-1000,1000,2,0.15300847150821809,0.9203966005665722,0.42048131738025785,0.5065674707984443,60.0,True,sgd/eps0.1,0.9623583322652693,0.9353589185506198,0.095922766574943,270ea1da3b524247a56b3ff434a47148
nf43,nf_unsw_v2,2,reptile-1000,1000,2,0.15615813482007096,0.9341359773371105,0.42319703484230203,0.6294354769644112,60.0,True,sgd/eps0.1,0.9623583322652693,0.9353589185506198,0.095922766574943,270ea1da3b524247a56b3ff434a47148
nf43,nf_unsw_v2,2,finetune-1000,1000,3,0.048294837448410684,0.936685552407932,0.6627806839969442,0.6398253213932107,51.0,True,sgd/eps0.1,0.9623583322652693,0.9353589185506198,0.095922766574943,270ea1da3b524247a56b3ff434a47148
nf43,nf_unsw_v2,2,reptile-1000,1000,3,0.06551299688653972,0.9475920679886686,0.6102767566198557,0.6888034354371829,51.0,True,sgd/eps0.1,0.9623583322652693,0.9353589185506198,0.095922766574943,270ea1da3b524247a56b3ff434a47148
nf43,nf_unsw_v2,2,finetune-1000,1000,4,0.2814350879733546,0.9541076487252125,0.31171596555110254,0.3344230875821498,47.0,True,sgd/eps0.1,0.9623583322652693,0.9353589185506198,0.095922766574943,270ea1da3b524247a56b3ff434a47148
nf43,nf_unsw_v2,2,reptile-1000,1000,4,0.15476793859966692,0.9505665722379604,0.4333356117241864,0.486034626796339,47.0,True,sgd/eps0.1,0.9623583322652693,0.9353589185506198,0.095922766574943,270ea1da3b524247a56b3ff434a47148
nf43,nf_cse_cic18_v2,0,pooled-none,0,0,0.11314166367522763,0.7215648116178579,0.5921282863631776,0.7183581334861483,,,adam/eps0.01,0.9428643351957426,0.941690930969101,0.16296408611637106,f82366228b1143fcb44f81ed70982ab2
nf43,nf_cse_cic18_v2,0,pooled-adabn,0,0,0.150575987990732,0.04361928078931124,-0.13760647551727023,0.1717999881900545,,,adam/eps0.01,0.9428643351957426,0.941690930969101,0.16296408611637106,f82366228b1143fcb44f81ed70982ab2
nf43,nf_cse_cic18_v2,0,reptile-adabn,0,0,0.2962797376236008,0.37179446938070876,0.06925100722112554,0.263512809985622,,,adam/eps0.01,0.9428643351957426,0.941690930969101,0.16296408611637106,f82366228b1143fcb44f81ed70982ab2
nf43,nf_cse_cic18_v2,0,finetune-50,50,0,0.09525503377606631,0.9380918003285309,0.7862734772283188,0.8977868920673135,12.0,True,adam/eps0.01,0.9428643351957426,0.941690930969101,0.16296408611637106,f82366228b1143fcb44f81ed70982ab2
nf43,nf_cse_cic18_v2,0,reptile-50,50,0,0.7586202395326829,0.9697835253251306,0.22860389641485163,0.5847457810809095,12.0,True,adam/eps0.01,0.9428643351957426,0.941690930969101,0.16296408611637106,f82366228b1143fcb44f81ed70982ab2
nf43,nf_cse_cic18_v2,0,finetune-50,50,1,0.5521456776425284,0.9580233738242464,0.36193177899016427,0.8540943628776911,14.0,True,adam/eps0.01,0.9428643351957426,0.941690930969101,0.16296408611637106,f82366228b1143fcb44f81ed70982ab2
nf43,nf_cse_cic18_v2,0,reptile-50,50,1,0.9807329569559117,0.994119924249558,0.045301328319507964,0.7008396897666385,14.0,True,adam/eps0.01,0.9428643351957426,0.941690930969101,0.16296408611637106,f82366228b1143fcb44f81ed70982ab2
nf43,nf_cse_cic18_v2,0,finetune-50,50,2,0.028048820285220117,0.8609498101007564,0.8476748993911843,0.9088956450390983,12.0,True,adam/eps0.01,0.9428643351957426,0.941690930969101,0.16296408611637106,f82366228b1143fcb44f81ed70982ab2
nf43,nf_cse_cic18_v2,0,reptile-50,50,2,0.11819338837581177,0.7616058256693556,0.6161224488723982,0.7968678832395185,12.0,True,adam/eps0.01,0.9428643351957426,0.941690930969101,0.16296408611637106,f82366228b1143fcb44f81ed70982ab2
nf43,nf_cse_cic18_v2,0,finetune-50,50,3,0.09758182945534054,0.9573014428157401,0.7971546955657227,0.908308713312877,17.0,True,adam/eps0.01,0.9428643351957426,0.941690930969101,0.16296408611637106,f82366228b1143fcb44f81ed70982ab2
nf43,nf_cse_cic18_v2,0,reptile-50,50,3,0.6616225565381979,0.9769819098737144,0.30478264038634967,0.6029766214295356,17.0,True,adam/eps0.01,0.9428643351957426,0.941690930969101,0.16296408611637106,f82366228b1143fcb44f81ed70982ab2
nf43,nf_cse_cic18_v2,0,finetune-50,50,4,0.028828770029044153,0.7945007690134656,0.7990465748410434,0.9277627245375837,11.0,True,adam/eps0.01,0.9428643351957426,0.941690930969101,0.16296408611637106,f82366228b1143fcb44f81ed70982ab2
nf43,nf_cse_cic18_v2,0,reptile-50,50,4,0.20893841986750644,0.7631020015275641,0.49776229866849125,0.7390298964365285,11.0,True,adam/eps0.01,0.9428643351957426,0.941690930969101,0.16296408611637106,f82366228b1143fcb44f81ed70982ab2
nf43,nf_cse_cic18_v2,0,finetune-200,200,0,0.0951603955226316,0.9371920022599579,0.785743127383179,0.9112407472752914,49.0,True,adam/eps0.01,0.9428643351957426,0.941690930969101,0.16296408611637106,f82366228b1143fcb44f81ed70982ab2
nf43,nf_cse_cic18_v2,0,reptile-200,200,0,0.8272884508696929,0.9264572020465175,0.1185125616636319,0.7508738416137786,49.0,True,adam/eps0.01,0.9428643351957426,0.941690930969101,0.16296408611637106,f82366228b1143fcb44f81ed70982ab2
nf43,nf_cse_cic18_v2,0,finetune-200,200,1,0.0995659693894201,0.9676805089090471,0.8019757508200862,0.927474747633778,44.0,True,adam/eps0.01,0.9428643351957426,0.941690930969101,0.16296408611637106,f82366228b1143fcb44f81ed70982ab2
nf43,nf_cse_cic18_v2,0,reptile-200,200,1,0.8230068857487843,0.9764692342299925,0.18799216912944716,0.5727211173264233,44.0,True,adam/eps0.01,0.9428643351957426,0.941690930969101,0.16296408611637106,f82366228b1143fcb44f81ed70982ab2
nf43,nf_cse_cic18_v2,0,finetune-200,200,2,0.04547531246940574,0.8854431505487722,0.8312061754942193,0.91895422382177,52.0,True,adam/eps0.01,0.9428643351957426,0.941690930969101,0.16296408611637106,f82366228b1143fcb44f81ed70982ab2
nf43,nf_cse_cic18_v2,0,reptile-200,200,2,0.25107202297425185,0.849691871475355,0.5216661858993182,0.7484184640781973,52.0,True,adam/eps0.01,0.9428643351957426,0.941690930969101,0.16296408611637106,f82366228b1143fcb44f81ed70982ab2
nf43,nf_cse_cic18_v2,0,finetune-200,200,3,0.04567111575237411,0.9455308285466169,0.87375817019062,0.9528611978579884,50.0,True,adam/eps0.01,0.9428643351957426,0.941690930969101,0.16296408611637106,f82366228b1143fcb44f81ed70982ab2
nf43,nf_cse_cic18_v2,0,reptile-200,200,3,0.25793166465424405,0.906766272220304,0.5611451716756185,0.6576478870934399,50.0,True,adam/eps0.01,0.9428643351957426,0.941690930969101,0.16296408611637106,f82366228b1143fcb44f81ed70982ab2
nf43,nf_cse_cic18_v2,0,finetune-200,200,4,0.06126032046470646,0.86049991106647,0.7844178863605475,0.9212394822920261,41.0,True,adam/eps0.01,0.9428643351957426,0.941690930969101,0.16296408611637106,f82366228b1143fcb44f81ed70982ab2
nf43,nf_cse_cic18_v2,0,reptile-200,200,4,0.2401331462324185,0.9060338784435586,0.5790223019211476,0.7048119279243418,41.0,True,adam/eps0.01,0.9428643351957426,0.941690930969101,0.16296408611637106,f82366228b1143fcb44f81ed70982ab2
nf43,nf_cse_cic18_v2,0,finetune-1000,1000,0,0.09012825115034429,0.917856806553878,0.7790170285152858,0.9211703723640925,250.0,True,adam/eps0.01,0.9428643351957426,0.941690930969101,0.16296408611637106,f82366228b1143fcb44f81ed70982ab2
nf43,nf_cse_cic18_v2,0,reptile-1000,1000,0,0.2900531932252064,0.9298366761877858,0.5483994952356316,0.6719041641486061,250.0,True,adam/eps0.01,0.9428643351957426,0.941690930969101,0.16296408611637106,f82366228b1143fcb44f81ed70982ab2
nf43,nf_cse_cic18_v2,0,finetune-1000,1000,1,0.06671670528342526,0.9518608033313454,0.841853744787456,0.941485813546093,226.0,True,adam/eps0.01,0.9428643351957426,0.941690930969101,0.16296408611637106,f82366228b1143fcb44f81ed70982ab2
nf43,nf_cse_cic18_v2,0,reptile-1000,1000,1,0.31166334888881636,0.9353610178180943,0.5327344005850043,0.6404726071726861,226.0,True,adam/eps0.01,0.9428643351957426,0.941690930969101,0.16296408611637106,f82366228b1143fcb44f81ed70982ab2
nf43,nf_cse_cic18_v2,0,finetune-1000,1000,2,0.03838397023790099,0.9068604371344571,0.8597887984123008,0.9481597299134941,227.0,True,adam/eps0.01,0.9428643351957426,0.941690930969101,0.16296408611637106,f82366228b1143fcb44f81ed70982ab2
nf43,nf_cse_cic18_v2,0,reptile-1000,1000,2,0.3049962471037431,0.9033344842378397,0.5122899602436298,0.7172184914785308,227.0,True,adam/eps0.01,0.9428643351957426,0.941690930969101,0.16296408611637106,f82366228b1143fcb44f81ed70982ab2
nf43,nf_cse_cic18_v2,0,finetune-1000,1000,3,0.1837320105733773,0.9530326333741381,0.6796124630415639,0.9272313745607915,230.0,True,adam/eps0.01,0.9428643351957426,0.941690930969101,0.16296408611637106,f82366228b1143fcb44f81ed70982ab2
nf43,nf_cse_cic18_v2,0,reptile-1000,1000,3,0.8636262768005744,0.93595739560773,0.09503712975382811,0.6538578325603591,230.0,True,adam/eps0.01,0.9428643351957426,0.941690930969101,0.16296408611637106,f82366228b1143fcb44f81ed70982ab2
nf43,nf_cse_cic18_v2,0,finetune-1000,1000,4,0.0522272623437653,0.9399332475386337,0.8580611463753581,0.934048802309143,234.0,True,adam/eps0.01,0.9428643351957426,0.941690930969101,0.16296408611637106,f82366228b1143fcb44f81ed70982ab2
nf43,nf_cse_cic18_v2,0,reptile-1000,1000,4,0.28787325000815844,0.9372233905646756,0.5565873647761407,0.7181937126616965,234.0,True,adam/eps0.01,0.9428643351957426,0.941690930969101,0.16296408611637106,f82366228b1143fcb44f81ed70982ab2
nf43,nf_cse_cic18_v2,1,pooled-none,0,0,0.11882322226936005,0.6309572386662063,0.5100582739567288,0.6462320094528459,,,sgd/eps0.1,0.9434856633266057,0.9255011160852231,0.07049110492793295,aba01d27453842e1b8809cd00db9182e
nf43,nf_cse_cic18_v2,1,pooled-adabn,0,0,0.15948177397774368,0.00528369796080647,-0.19998935436307674,0.15724628362515422,,,sgd/eps0.1,0.9434856633266057,0.9255011160852231,0.07049110492793295,aba01d27453842e1b8809cd00db9182e
nf43,nf_cse_cic18_v2,1,reptile-adabn,0,0,0.26191952485069997,0.20093746403423418,-0.06016119502859976,0.16355562486282743,,,sgd/eps0.1,0.9434856633266057,0.9255011160852231,0.07049110492793295,aba01d27453842e1b8809cd00db9182e
nf43,nf_cse_cic18_v2,1,finetune-50,50,0,0.04675129719674966,0.856095085637758,0.8076869534964556,0.9203208131953189,15.0,True,sgd/eps0.1,0.9434856633266057,0.9255011160852231,0.07049110492793295,aba01d27453842e1b8809cd00db9182e
nf43,nf_cse_cic18_v2,1,reptile-50,50,0,0.06433769539535947,0.7792042018477249,0.7184891074190655,0.8627805100186555,15.0,True,sgd/eps0.1,0.9434856633266057,0.9255011160852231,0.07049110492793295,aba01d27453842e1b8809cd00db9182e
nf43,nf_cse_cic18_v2,1,finetune-50,50,1,0.09031752765721372,0.888895864067715,0.7570003936600809,0.8762775789274846,13.0,True,sgd/eps0.1,0.9434856633266057,0.9255011160852231,0.07049110492793295,aba01d27453842e1b8809cd00db9182e
nf43,nf_cse_cic18_v2,1,reptile-50,50,1,0.08088633619423685,0.936009709448926,0.8071114350049432,0.859819311908948,13.0,True,sgd/eps0.1,0.9434856633266057,0.9255011160852231,0.07049110492793295,aba01d27453842e1b8809cd00db9182e
nf43,nf_cse_cic18_v2,1,finetune-50,50,2,0.1790816826028783,0.9659855404542934,0.6953495598912959,0.8806670712828231,14.0,True,sgd/eps0.1,0.9434856633266057,0.9255011160852231,0.07049110492793295,aba01d27453842e1b8809cd00db9182e
nf43,nf_cse_cic18_v2,1,reptile-50,50,2,0.1742420781255099,0.966393588415623,0.7014606326074811,0.7306094232503003,14.0,True,sgd/eps0.1,0.9434856633266057,0.9255011160852231,0.07049110492793295,aba01d27453842e1b8809cd00db9182e
nf43,nf_cse_cic18_v2,1,finetune-50,50,3,0.09095715171491042,0.7603189051759315,0.6579796501331687,0.8678267802794262,9.0,True,sgd/eps0.1,0.9434856633266057,0.9255011160852231,0.07049110492793295,aba01d27453842e1b8809cd00db9182e
nf43,nf_cse_cic18_v2,1,reptile-50,50,3,0.08577162810429788,0.734936229427582,0.6469681651679962,0.7089212906493125,9.0,True,sgd/eps0.1,0.9434856633266057,0.9255011160852231,0.07049110492793295,aba01d27453842e1b8809cd00db9182e
nf43,nf_cse_cic18_v2,1,finetune-50,50,4,0.13497372972620175,0.7701957583937559,0.5984161213928818,0.866844968389176,12.0,True,sgd/eps0.1,0.9434856633266057,0.9255011160852231,0.07049110492793295,aba01d27453842e1b8809cd00db9182e
nf43,nf_cse_cic18_v2,1,reptile-50,50,4,0.1257938191430343,0.7589064314636367,0.6027152009500578,0.7220314608923382,12.0,True,sgd/eps0.1,0.9434856633266057,0.9255011160852231,0.07049110492793295,aba01d27453842e1b8809cd00db9182e
nf43,nf_cse_cic18_v2,1,finetune-200,200,0,0.06367849100936593,0.9372547788693932,0.8363242079060379,0.9230941407369684,63.0,True,sgd/eps0.1,0.9434856633266057,0.9255011160852231,0.07049110492793295,aba01d27453842e1b8809cd00db9182e
nf43,nf_cse_cic18_v2,1,reptile-200,200,0,0.06328688444342917,0.881927660420394,0.796590465018867,0.8752419846267693,63.0,True,sgd/eps0.1,0.9434856633266057,0.9255011160852231,0.07049110492793295,aba01d27453842e1b8809cd00db9182e
nf43,nf_cse_cic18_v2,1,finetune-200,200,1,0.10807688542244559,0.8430898647164067,0.6947552440701346,0.9097909566881119,43.0,True,sgd/eps0.1,0.9434856633266057,0.9255011160852231,0.07049110492793295,aba01d27453842e1b8809cd00db9182e
nf43,nf_cse_cic18_v2,1,reptile-200,200,1,0.10200698365042588,0.8434560616047794,0.7043065258167072,0.845051954389726,43.0,True,sgd/eps0.1,0.9434856633266057,0.9255011160852231,0.07049110492793295,aba01d27453842e1b8809cd00db9182e
nf43,nf_cse_cic18_v2,1,finetune-200,200,2,0.10565218810168717,0.9737489144877952,0.7976078444567036,0.9161199514749897,48.0,True,sgd/eps0.1,0.9434856633266057,0.9255011160852231,0.07049110492793295,aba01d27453842e1b8809cd00db9182e
nf43,nf_cse_cic18_v2,1,reptile-200,200,2,0.09751982508240055,0.9664563650250584,0.8041026310236593,0.8496466925542114,48.0,True,sgd/eps0.1,0.9434856633266057,0.9255011160852231,0.07049110492793295,aba01d27453842e1b8809cd00db9182e
nf43,nf_cse_cic18_v2,1,finetune-200,200,3,0.06077733903338446,0.9578873578371365,0.8562071152449037,0.8883949921881605,38.0,True,sgd/eps0.1,0.9434856633266057,0.9255011160852231,0.07049110492793295,aba01d27453842e1b8809cd00db9182e
nf43,nf_cse_cic18_v2,1,reptile-200,200,3,0.06791436869758183,0.9641022421712336,0.8487862574511725,0.9004223731990257,38.0,True,sgd/eps0.1,0.9434856633266057,0.9255011160852231,0.07049110492793295,aba01d27453842e1b8809cd00db9182e
nf43,nf_cse_cic18_v2,1,finetune-200,200,4,0.0741343863198773,0.9229940257593354,0.8084346609056422,0.8962421089960844,31.0,True,sgd/eps0.1,0.9434856633266057,0.9255011160852231,0.07049110492793295,aba01d27453842e1b8809cd00db9182e
nf43,nf_cse_cic18_v2,1,reptile-200,200,4,0.05310185034102405,0.9012210050535171,0.8286327382397565,0.8770288264594002,31.0,True,sgd/eps0.1,0.9434856633266057,0.9255011160852231,0.07049110492793295,aba01d27453842e1b8809cd00db9182e
nf43,nf_cse_cic18_v2,1,finetune-1000,1000,0,0.04820676826681461,0.9627734706048526,0.8814962132460613,0.9448570772052914,234.0,True,sgd/eps0.1,0.9434856633266057,0.9255011160852231,0.07049110492793295,aba01d27453842e1b8809cd00db9182e
nf43,nf_cse_cic18_v2,1,reptile-1000,1000,0,0.058313481056032374,0.9536185483955345,0.8573237823558189,0.9309696451867312,234.0,True,sgd/eps0.1,0.9434856633266057,0.9255011160852231,0.07049110492793295,aba01d27453842e1b8809cd00db9182e
nf43,nf_cse_cic18_v2,1,finetune-1000,1000,1,0.07222204092288614,0.9627106939954173,0.8407197703721005,0.9349324370553159,254.0,True,sgd/eps0.1,0.9434856633266057,0.9255011160852231,0.07049110492793295,aba01d27453842e1b8809cd00db9182e
nf43,nf_cse_cic18_v2,1,reptile-1000,1000,1,0.12229546715399928,0.9300145432478525,0.7406592345206752,0.8500067531072917,254.0,True,sgd/eps0.1,0.9434856633266057,0.9255011160852231,0.07049110492793295,aba01d27453842e1b8809cd00db9182e
nf43,nf_cse_cic18_v2,1,finetune-1000,1000,2,0.03856019319257253,0.9424757002207644,0.8846104338455982,0.9309088401014628,237.0,True,sgd/eps0.1,0.9434856633266057,0.9255011160852231,0.07049110492793295,aba01d27453842e1b8809cd00db9182e
nf43,nf_cse_cic18_v2,1,reptile-1000,1000,2,0.05845380674215971,0.9413457212509285,0.8482192771939165,0.9142467344550766,237.0,True,sgd/eps0.1,0.9434856633266057,0.9255011160852231,0.07049110492793295,aba01d27453842e1b8809cd00db9182e
nf43,nf_cse_cic18_v2,1,finetune-1000,1000,3,0.04446366217406912,0.9604088849827888,0.8864963130463857,0.9408517351930459,218.0,True,sgd/eps0.1,0.9434856633266057,0.9255011160852231,0.07049110492793295,aba01d27453842e1b8809cd00db9182e
nf43,nf_cse_cic18_v2,1,reptile-1000,1000,3,0.04184316157034233,0.9484813291900771,0.8828017250735444,0.9419947777136507,218.0,True,sgd/eps0.1,0.9434856633266057,0.9255011160852231,0.07049110492793295,aba01d27453842e1b8809cd00db9182e
nf43,nf_cse_cic18_v2,1,finetune-1000,1000,4,0.13354762914858206,0.9752869414189607,0.7599461289776529,0.9077226963892405,252.0,True,sgd/eps0.1,0.9434856633266057,0.9255011160852231,0.07049110492793295,aba01d27453842e1b8809cd00db9182e
nf43,nf_cse_cic18_v2,1,reptile-1000,1000,4,0.12705675031818034,0.9479895790828338,0.7478096408592099,0.8172614037159593,252.0,True,sgd/eps0.1,0.9434856633266057,0.9255011160852231,0.07049110492793295,aba01d27453842e1b8809cd00db9182e
nf43,nf_cse_cic18_v2,2,pooled-none,0,0,0.09293802826094051,0.7311277817885056,0.6319771743079231,0.6520572717879509,,,sgd/eps0.1,0.9405141060012581,0.9191976931329833,0.07502585803609513,ed6939d168bc404cbe4c5bfa48026edb
nf43,nf_cse_cic18_v2,2,pooled-adabn,0,0,0.19526156055216526,0.005545267166786988,-0.2260849744765351,0.1387905782606405,,,sgd/eps0.1,0.9405141060012581,0.9191976931329833,0.07502585803609513,ed6939d168bc404cbe4c5bfa48026edb
nf43,nf_cse_cic18_v2,2,reptile-adabn,0,0,0.37486212185490975,0.2183998242254936,-0.14084359242621572,0.15536933062193845,,,sgd/eps0.1,0.9405141060012581,0.9191976931329833,0.07502585803609513,ed6939d168bc404cbe4c5bfa48026edb
nf43,nf_cse_cic18_v2,2,finetune-50,50,0,0.054782495186502626,0.8490954936857193,0.7877126320583644,0.7896084739774596,10.0,True,sgd/eps0.1,0.9405141060012581,0.9191976931329833,0.07502585803609513,ed6939d168bc404cbe4c5bfa48026edb
nf43,nf_cse_cic18_v2,2,reptile-50,50,0,0.024214339327089385,0.6889942140891637,0.733040898001996,0.8203231675280332,10.0,True,sgd/eps0.1,0.9405141060012581,0.9191976931329833,0.07502585803609513,ed6939d168bc404cbe4c5bfa48026edb
nf43,nf_cse_cic18_v2,2,finetune-50,50,1,0.15098717488496557,0.9233706854159474,0.6968359727440765,0.6746038087493965,10.0,True,sgd/eps0.1,0.9405141060012581,0.9191976931329833,0.07502585803609513,ed6939d168bc404cbe4c5bfa48026edb
nf43,nf_cse_cic18_v2,2,reptile-50,50,1,0.1778872825767712,0.932787176831246,0.6705945924657202,0.6739122601869917,10.0,True,sgd/eps0.1,0.9405141060012581,0.9191976931329833,0.07502585803609513,ed6939d168bc404cbe4c5bfa48026edb
nf43,nf_cse_cic18_v2,2,finetune-50,50,2,0.12868844434291682,0.9031984682507298,0.711132082097219,0.6054464657186367,8.0,True,sgd/eps0.1,0.9405141060012581,0.9191976931329833,0.07502585803609513,ed6939d168bc404cbe4c5bfa48026edb
nf43,nf_cse_cic18_v2,2,reptile-50,50,2,0.06445191397709102,0.8864998901409334,0.7979231719769032,0.7590487528442748,8.0,True,sgd/eps0.1,0.9405141060012581,0.9191976931329833,0.07502585803609513,ed6939d168bc404cbe4c5bfa48026edb
nf43,nf_cse_cic18_v2,2,finetune-50,50,3,0.1947231015240022,0.9262165583770154,0.6454766586965544,0.6742750219804391,16.0,True,sgd/eps0.1,0.9405141060012581,0.9191976931329833,0.07502585803609513,ed6939d168bc404cbe4c5bfa48026edb
nf43,nf_cse_cic18_v2,2,reptile-50,50,3,0.14616062395979507,0.9147912154597864,0.6964662567447844,0.7109648535886207,16.0,True,sgd/eps0.1,0.9405141060012581,0.9191976931329833,0.07502585803609513,ed6939d168bc404cbe4c5bfa48026edb
nf43,nf_cse_cic18_v2,2,finetune-50,50,4,0.05892699800933329,0.9222511692143507,0.8335771949910775,0.8259378988859434,14.0,True,sgd/eps0.1,0.9405141060012581,0.9191976931329833,0.07502585803609513,ed6939d168bc404cbe4c5bfa48026edb
nf43,nf_cse_cic18_v2,2,reptile-50,50,4,0.07219919720653983,0.9376628268307229,0.8224024744093217,0.7956059816419536,14.0,True,sgd/eps0.1,0.9405141060012581,0.9191976931329833,0.07502585803609513,ed6939d168bc404cbe4c5bfa48026edb
nf43,nf_cse_cic18_v2,2,finetune-200,200,0,0.06536892601899291,0.9285706812308401,0.8271359388180767,0.8892721325839837,55.0,True,sgd/eps0.1,0.9405141060012581,0.9191976931329833,0.07502585803609513,ed6939d168bc404cbe4c5bfa48026edb
nf43,nf_cse_cic18_v2,2,reptile-200,200,0,0.06621740691185589,0.9329859694277912,0.8289268709905914,0.7678318406442347,55.0,True,sgd/eps0.1,0.9405141060012581,0.9191976931329833,0.07502585803609513,ed6939d168bc404cbe4c5bfa48026edb
nf43,nf_cse_cic18_v2,2,finetune-200,200,1,0.07813856345658063,0.9243123345574772,0.802874971449079,0.8808552798580114,45.0,True,sgd/eps0.1,0.9405141060012581,0.9191976931329833,0.07502585803609513,ed6939d168bc404cbe4c5bfa48026edb
nf43,nf_cse_cic18_v2,2,reptile-200,200,1,0.1037659498090918,0.9336137355221444,0.7701226498684888,0.7421980281169873,45.0,True,sgd/eps0.1,0.9405141060012581,0.9191976931329833,0.07502585803609513,ed6939d168bc404cbe4c5bfa48026edb
nf43,nf_cse_cic18_v2,2,finetune-200,200,2,0.24187905883888652,0.9599799114849807,0.6209568862993134,0.8190178299021283,47.0,True,sgd/eps0.1,0.9405141060012581,0.9191976931329833,0.07502585803609513,ed6939d168bc404cbe4c5bfa48026edb
nf43,nf_cse_cic18_v2,2,reptile-200,200,2,0.07880755800672258,0.9497787124517405,0.8206060962008936,0.8255826421035336,47.0,True,sgd/eps0.1,0.9405141060012581,0.9191976931329833,0.07502585803609513,ed6939d168bc404cbe4c5bfa48026edb
nf43,nf_cse_cic18_v2,2,finetune-200,200,3,0.08907417681036452,0.8645176140703307,0.7406180506911642,0.7895586811616451,47.0,True,sgd/eps0.1,0.9405141060012581,0.9191976931329833,0.07502585803609513,ed6939d168bc404cbe4c5bfa48026edb
nf43,nf_cse_cic18_v2,2,reptile-200,200,3,0.11031556962438403,0.9288322504368206,0.7568797293728114,0.7643883949121185,47.0,True,sgd/eps0.1,0.9405141060012581,0.9191976931329833,0.07502585803609513,ed6939d168bc404cbe4c5bfa48026edb
nf43,nf_cse_cic18_v2,2,finetune-200,200,4,0.06160950298600006,0.9112966508678866,0.8209683197276865,0.8060329942871463,40.0,True,sgd/eps0.1,0.9405141060012581,0.9191976931329833,0.07502585803609513,ed6939d168bc404cbe4c5bfa48026edb
nf43,nf_cse_cic18_v2,2,reptile-200,200,4,0.039314035832000785,0.9081892087008381,0.8589721222310933,0.8818325599588419,40.0,True,sgd/eps0.1,0.9405141060012581,0.9191976931329833,0.07502585803609513,ed6939d168bc404cbe4c5bfa48026edb
nf43,nf_cse_cic18_v2,2,finetune-1000,1000,0,0.04679372124139281,0.9160781359532105,0.8507189635031392,0.8800192938404381,240.0,True,sgd/eps0.1,0.9405141060012581,0.9191976931329833,0.07502585803609513,ed6939d168bc404cbe4c5bfa48026edb
nf43,nf_cse_cic18_v2,2,reptile-1000,1000,0,0.059925594752472014,0.9333626290844032,0.8399063849413125,0.8290624487069493,240.0,True,sgd/eps0.1,0.9405141060012581,0.9191976931329833,0.07502585803609513,ed6939d168bc404cbe4c5bfa48026edb
nf43,nf_cse_cic18_v2,2,finetune-1000,1000,1,0.04426459550305127,0.9293658516170208,0.8648151675782689,0.8821899515452288,244.0,True,sgd/eps0.1,0.9405141060012581,0.9191976931329833,0.07502585803609513,ed6939d168bc404cbe4c5bfa48026edb
nf43,nf_cse_cic18_v2,2,reptile-1000,1000,1,0.08181313840028717,0.9449135252205029,0.8122273025832935,0.7990595279158148,244.0,True,sgd/eps0.1,0.9405141060012581,0.9191976931329833,0.07502585803609513,ed6939d168bc404cbe4c5bfa48026edb
nf43,nf_cse_cic18_v2,2,finetune-1000,1000,2,0.06113631171882648,0.9278906012952907,0.8338544659032735,0.8927051126642452,255.0,True,sgd/eps0.1,0.9405141060012581,0.9191976931329833,0.07502585803609513,ed6939d168bc404cbe4c5bfa48026edb
nf43,nf_cse_cic18_v2,2,reptile-1000,1000,2,0.10726756518617629,0.9465143287611036,0.7747153779577421,0.7804881235428445,255.0,True,sgd/eps0.1,0.9405141060012581,0.9191976931329833,0.07502585803609513,ed6939d168bc404cbe4c5bfa48026edb
nf43,nf_cse_cic18_v2,2,finetune-1000,1000,3,0.1393858303690892,0.9582012408843131,0.7390355168487154,0.8479164200200443,212.0,True,sgd/eps0.1,0.9405141060012581,0.9191976931329833,0.07502585803609513,ed6939d168bc404cbe4c5bfa48026edb
nf43,nf_cse_cic18_v2,2,reptile-1000,1000,3,0.08787325000815847,0.9510970212498823,0.8073155688481822,0.7866648607315628,212.0,True,sgd/eps0.1,0.9405141060012581,0.9191976931329833,0.07502585803609513,ed6939d168bc404cbe4c5bfa48026edb
nf43,nf_cse_cic18_v2,2,finetune-1000,1000,4,0.08922755604868975,0.9609529489312282,0.8125545595235035,0.8559462578656898,243.0,True,sgd/eps0.1,0.9405141060012581,0.9191976931329833,0.07502585803609513,ed6939d168bc404cbe4c5bfa48026edb
nf43,nf_cse_cic18_v2,2,reptile-1000,1000,4,0.12439708905785987,0.9457191583749228,0.7497437893954116,0.7663821986484758,243.0,True,sgd/eps0.1,0.9405141060012581,0.9191976931329833,0.07502585803609513,ed6939d168bc404cbe4c5bfa48026edb
nf43,nf_ton_v2,0,pooled-none,0,0,0.0587191768671279,0.23217733908807786,0.23229465945375768,0.7874169852001947,,,sgd/eps0.1,0.9406606884588296,0.9313534448796771,0.10842601718231494,c869fad2068941f6bf62b0f1dc79cf88
nf43,nf_ton_v2,0,pooled-adabn,0,0,0.14571712034901674,0.05944326974676983,-0.14483411580096514,0.5366022925176381,,,sgd/eps0.1,0.9406606884588296,0.9313534448796771,0.10842601718231494,c869fad2068941f6bf62b0f1dc79cf88
nf43,nf_ton_v2,0,reptile-adabn,0,0,0.1450206637362926,0.10609431115065841,-0.05850092902274982,0.5705142461264578,,,sgd/eps0.1,0.9406606884588296,0.9313534448796771,0.10842601718231494,c869fad2068941f6bf62b0f1dc79cf88
nf43,nf_ton_v2,0,finetune-50,50,0,0.8318122983725255,0.9242465244492554,0.14324128497554606,0.8576821125650385,31.0,True,sgd/eps0.1,0.9406606884588296,0.9313534448796771,0.10842601718231494,c869fad2068941f6bf62b0f1dc79cf88
nf43,nf_ton_v2,0,reptile-50,50,0,0.6534931241335357,0.93624525852777,0.3621283539181452,0.8185844206298041,31.0,True,sgd/eps0.1,0.9406606884588296,0.9313534448796771,0.10842601718231494,c869fad2068941f6bf62b0f1dc79cf88
nf43,nf_ton_v2,0,finetune-50,50,1,0.4317242557441245,0.7781656063809782,0.3542254640864862,0.8623164872798862,32.0,True,sgd/eps0.1,0.9406606884588296,0.9313534448796771,0.10842601718231494,c869fad2068941f6bf62b0f1dc79cf88
nf43,nf_ton_v2,0,reptile-50,50,1,0.5535713112438321,0.8465528866220536,0.32325455247743984,0.8244104509689787,32.0,True,sgd/eps0.1,0.9406606884588296,0.9313534448796771,0.10842601718231494,c869fad2068941f6bf62b0f1dc79cf88
nf43,nf_ton_v2,0,finetune-50,50,2,0.8430213076301422,0.9400155029515235,0.15918116981811734,0.7952665945028145,32.0,True,sgd/eps0.1,0.9406606884588296,0.9313534448796771,0.10842601718231494,c869fad2068941f6bf62b0f1dc79cf88
nf43,nf_ton_v2,0,reptile-50,50,2,0.7980670043824204,0.8820445549322777,0.11494181150193458,0.7391846987794127,32.0,True,sgd/eps0.1,0.9406606884588296,0.9313534448796771,0.10842601718231494,c869fad2068941f6bf62b0f1dc79cf88
nf43,nf_ton_v2,0,finetune-50,50,3,0.7532112563157445,0.9607426739380708,0.30921133299046655,0.8820696506474686,28.0,True,sgd/eps0.1,0.9406606884588296,0.9313534448796771,0.10842601718231494,c869fad2068941f6bf62b0f1dc79cf88
nf43,nf_ton_v2,0,reptile-50,50,3,0.676252800609728,0.8805492998445118,0.2497068208175511,0.8311895066554655,28.0,True,sgd/eps0.1,0.9406606884588296,0.9313534448796771,0.10842601718231494,c869fad2068941f6bf62b0f1dc79cf88
nf43,nf_ton_v2,0,finetune-50,50,4,0.502329187445384,0.8876402948312793,0.42665606710806236,0.8802301768194083,29.0,True,sgd/eps0.1,0.9406606884588296,0.9313534448796771,0.10842601718231494,c869fad2068941f6bf62b0f1dc79cf88
nf43,nf_ton_v2,0,reptile-50,50,4,0.7210954079855978,0.9071153043486238,0.24403076846816385,0.8358725925604222,29.0,True,sgd/eps0.1,0.9406606884588296,0.9313534448796771,0.10842601718231494,c869fad2068941f6bf62b0f1dc79cf88
nf43,nf_ton_v2,0,finetune-200,200,0,0.4824933146735524,0.9127293909358187,0.48016021593492,0.9161114826424713,107.0,True,sgd/eps0.1,0.9406606884588296,0.9313534448796771,0.10842601718231494,c869fad2068941f6bf62b0f1dc79cf88
nf43,nf_ton_v2,0,reptile-200,200,0,0.5171913087471008,0.9207468936763552,0.46158167747731527,0.8503943542379342,107.0,True,sgd/eps0.1,0.9406606884588296,0.9313534448796771,0.10842601718231494,c869fad2068941f6bf62b0f1dc79cf88
nf43,nf_ton_v2,0,finetune-200,200,1,0.5363175842154022,0.9296909041706609,0.4585200989363927,0.9206104588416281,111.0,True,sgd/eps0.1,0.9406606884588296,0.9313534448796771,0.10842601718231494,c869fad2068941f6bf62b0f1dc79cf88
nf43,nf_ton_v2,0,reptile-200,200,1,0.5942943120519846,0.9526976511652441,0.44540341427357677,0.877345175960553,111.0,True,sgd/eps0.1,0.9406606884588296,0.9313534448796771,0.10842601718231494,c869fad2068941f6bf62b0f1dc79cf88
nf43,nf_ton_v2,0,finetune-200,200,2,0.8157806555890643,0.9431803066648932,0.2009889659691666,0.9076957360412264,112.0,True,sgd/eps0.1,0.9406606884588296,0.9313534448796771,0.10842601718231494,c869fad2068941f6bf62b0f1dc79cf88
nf43,nf_ton_v2,0,reptile-200,200,2,0.4840044941162557,0.9333602418093504,0.5096761824363456,0.8961449294428095,112.0,True,sgd/eps0.1,0.9406606884588296,0.9313534448796771,0.10842601718231494,c869fad2068941f6bf62b0f1dc79cf88
nf43,nf_ton_v2,0,finetune-200,200,3,0.7974756732961452,0.9304477050586406,0.1983653538741351,0.8976719693448446,109.0,True,sgd/eps0.1,0.9406606884588296,0.9313534448796771,0.10842601718231494,c869fad2068941f6bf62b0f1dc79cf88
nf43,nf_ton_v2,0,reptile-200,200,3,0.4497072911122938,0.9280580489214441,0.5310243665983825,0.8825782277442296,109.0,True,sgd/eps0.1,0.9406606884588296,0.9313534448796771,0.10842601718231494,c869fad2068941f6bf62b0f1dc79cf88
nf43,nf_ton_v2,0,finetune-200,200,4,0.6670017542822226,0.9005517766474179,0.289781763681702,0.889291544582489,122.0,True,sgd/eps0.1,0.9406606884588296,0.9313534448796771,0.10842601718231494,c869fad2068941f6bf62b0f1dc79cf88
nf43,nf_ton_v2,0,reptile-200,200,4,0.7926136176978824,0.9304614650747857,0.20424303714199757,0.8340200680524827,122.0,True,sgd/eps0.1,0.9406606884588296,0.9313534448796771,0.10842601718231494,c869fad2068941f6bf62b0f1dc79cf88
nf43,nf_ton_v2,0,finetune-1000,1000,0,0.8247557474096413,0.9473450048848058,0.198397407958072,0.9017252098257349,583.0,True,sgd/eps0.1,0.9406606884588296,0.9313534448796771,0.10842601718231494,c869fad2068941f6bf62b0f1dc79cf88
nf43,nf_ton_v2,0,reptile-1000,1000,0,0.5297735201939566,0.9380019539222926,0.47742704413672504,0.8778102339331579,583.0,True,sgd/eps0.1,0.9406606884588296,0.9313534448796771,0.10842601718231494,c869fad2068941f6bf62b0f1dc79cf88
nf43,nf_ton_v2,0,finetune-1000,1000,1,0.7083489379036656,0.9303055182251414,0.2971891582975621,0.8990195223537487,612.0,True,sgd/eps0.1,0.9406606884588296,0.9313534448796771,0.10842601718231494,c869fad2068941f6bf62b0f1dc79cf88
nf43,nf_ton_v2,0,reptile-1000,1000,1,0.8006951425436435,0.9399467028707981,0.21293130185527015,0.848314070283963,612.0,True,sgd/eps0.1,0.9406606884588296,0.9313534448796771,0.10842601718231494,c869fad2068941f6bf62b0f1dc79cf88
nf43,nf_ton_v2,0,finetune-1000,1000,2,0.8121603952719795,0.9512345027818166,0.22234601619785616,0.8933226820829063,610.0,True,sgd/eps0.1,0.9406606884588296,0.9313534448796771,0.10842601718231494,c869fad2068941f6bf62b0f1dc79cf88
nf43,nf_ton_v2,0,reptile-1000,1000,2,0.6967522782672685,0.9505923686950459,0.3462457964828991,0.8699136802172671,610.0,True,sgd/eps0.1,0.9406606884588296,0.9313534448796771,0.10842601718231494,c869fad2068941f6bf62b0f1dc79cf88
nf43,nf_ton_v2,0,finetune-1000,1000,3,0.7708986261407762,0.9412630777486779,0.25026157903512025,0.8973834843071059,603.0,True,sgd/eps0.1,0.9406606884588296,0.9313534448796771,0.10842601718231494,c869fad2068941f6bf62b0f1dc79cf88
nf43,nf_ton_v2,0,reptile-1000,1000,3,0.6793211519129561,0.9499915146567105,0.3621054240375629,0.8688451142668209,603.0,True,sgd/eps0.1,0.9406606884588296,0.9313534448796771,0.10842601718231494,c869fad2068941f6bf62b0f1dc79cf88
nf43,nf_ton_v2,0,finetune-1000,1000,4,0.7195448064704761,0.941808891722433,0.30664041476236553,0.9083003088412208,562.0,True,sgd/eps0.1,0.9406606884588296,0.9313534448796771,0.10842601718231494,c869fad2068941f6bf62b0f1dc79cf88
nf43,nf_ton_v2,0,reptile-1000,1000,4,0.7555305882430239,0.9449553487476092,0.2745429032612126,0.879250269444691,562.0,True,sgd/eps0.1,0.9406606884588296,0.9313534448796771,0.10842601718231494,c869fad2068941f6bf62b0f1dc79cf88
nf43,nf_ton_v2,1,pooled-none,0,0,0.037996307465883485,0.24566215491026175,0.27851057623430625,0.8339658159343666,,,sgd/eps0.1,0.9428196478943253,0.9427703518978108,0.11208090274748828,f80347f79d2746a9b7a574a35ff85a59
nf43,nf_ton_v2,1,pooled-adabn,0,0,0.15703125513308236,0.0840232452539411,-0.11301463485020938,0.538314939600565,,,sgd/eps0.1,0.9428196478943253,0.9427703518978108,0.11208090274748828,f80347f79d2746a9b7a574a35ff85a59
nf43,nf_ton_v2,1,reptile-adabn,0,0,0.19577001162951135,0.08823381019433729,-0.15609434951406304,0.5011258490984192,,,sgd/eps0.1,0.9428196478943253,0.9427703518978108,0.11208090274748828,f80347f79d2746a9b7a574a35ff85a59
nf43,nf_ton_v2,1,finetune-50,50,0,0.5457000374509688,0.8202345624085532,0.2969000760167653,0.7753532247248908,33.0,True,sgd/eps0.1,0.9428196478943253,0.9427703518978108,0.11208090274748828,f80347f79d2746a9b7a574a35ff85a59
nf43,nf_ton_v2,1,reptile-50,50,0,0.5275396027569169,0.7875040706714429,0.2743512870940261,0.6827775708989721,33.0,True,sgd/eps0.1,0.9428196478943253,0.9427703518978108,0.11208090274748828,f80347f79d2746a9b7a574a35ff85a59
nf43,nf_ton_v2,1,finetune-50,50,1,0.611147248010828,0.8755223072795072,0.3076338310714517,0.8495412784577727,29.0,True,sgd/eps0.1,0.9428196478943253,0.9427703518978108,0.11208090274748828,f80347f79d2746a9b7a574a35ff85a59
nf43,nf_ton_v2,1,reptile-50,50,1,0.6711804939585674,0.9237236438357421,0.32336694372455405,0.7034014144380287,29.0,True,sgd/eps0.1,0.9428196478943253,0.9427703518978108,0.11208090274748828,f80347f79d2746a9b7a574a35ff85a59
nf43,nf_ton_v2,1,finetune-50,50,2,0.6788020946261145,0.9089729065282103,0.29126705062528246,0.7854428227733178,35.0,True,sgd/eps0.1,0.9428196478943253,0.9427703518978108,0.11208090274748828,f80347f79d2746a9b7a574a35ff85a59
nf43,nf_ton_v2,1,reptile-50,50,2,0.8968127254449766,0.9455745494741381,0.09138706654904381,0.7226807104520463,35.0,True,sgd/eps0.1,0.9428196478943253,0.9427703518978108,0.11208090274748828,f80347f79d2746a9b7a574a35ff85a59
nf43,nf_ton_v2,1,finetune-50,50,3,0.6101879775819815,0.7895451397329639,0.19566392679845893,0.8209877183675538,30.0,True,sgd/eps0.1,0.9428196478943253,0.9427703518978108,0.11208090274748828,f80347f79d2746a9b7a574a35ff85a59
nf43,nf_ton_v2,1,reptile-50,50,3,0.328753802587402,0.6863908853653055,0.3530348410668214,0.7757958001254731,30.0,True,sgd/eps0.1,0.9428196478943253,0.9427703518978108,0.11208090274748828,f80347f79d2746a9b7a574a35ff85a59
nf43,nf_ton_v2,1,finetune-50,50,4,0.7211808224758376,0.8824711154327755,0.20487991735097202,0.8244142508196035,33.0,True,sgd/eps0.1,0.9428196478943253,0.9427703518978108,0.11208090274748828,f80347f79d2746a9b7a574a35ff85a59
nf43,nf_ton_v2,1,reptile-50,50,4,0.6966405823954165,0.9173252363282773,0.2868111574278379,0.652433732210357,33.0,True,sgd/eps0.1,0.9428196478943253,0.9427703518978108,0.11208090274748828,f80347f79d2746a9b7a574a35ff85a59
nf43,nf_ton_v2,1,finetune-200,200,0,0.5377170677862535,0.9472532714438385,0.485563876802032,0.8975292375279089,109.0,True,sgd/eps0.1,0.9428196478943253,0.9427703518978108,0.11208090274748828,f80347f79d2746a9b7a574a35ff85a59
nf43,nf_ton_v2,1,reptile-200,200,0,0.4038857022713684,0.9489778601340225,0.6005860289947814,0.7653141138982033,109.0,True,sgd/eps0.1,0.9428196478943253,0.9427703518978108,0.11208090274748828,f80347f79d2746a9b7a574a35ff85a59
nf43,nf_ton_v2,1,finetune-200,200,1,0.7914572369069443,0.9611187810460364,0.26827201720708527,0.86092668715235,112.0,True,sgd/eps0.1,0.9428196478943253,0.9427703518978108,0.11208090274748828,f80347f79d2746a9b7a574a35ff85a59
nf43,nf_ton_v2,1,reptile-200,200,1,0.6901622218280015,0.9427675061805406,0.33810939443777266,0.7762793985606506,112.0,True,sgd/eps0.1,0.9428196478943253,0.9427703518978108,0.11208090274748828,f80347f79d2746a9b7a574a35ff85a59
nf43,nf_ton_v2,1,finetune-200,200,2,0.7417657146236177,0.933988615879976,0.26859002449104136,0.8478302314714714,128.0,True,sgd/eps0.1,0.9428196478943253,0.9427703518978108,0.11208090274748828,f80347f79d2746a9b7a574a35ff85a59
nf43,nf_ton_v2,1,reptile-200,200,2,0.7333293911260915,0.9354288309031616,0.2803035378579088,0.7612525744019129,128.0,True,sgd/eps0.1,0.9428196478943253,0.9427703518978108,0.11208090274748828,f80347f79d2746a9b7a574a35ff85a59
nf43,nf_ton_v2,1,finetune-200,200,3,0.5069612809545397,0.9056017025726644,0.4481368847105466,0.8689204297955428,112.0,True,sgd/eps0.1,0.9428196478943253,0.9427703518978108,0.11208090274748828,f80347f79d2746a9b7a574a35ff85a59
nf43,nf_ton_v2,1,reptile-200,200,3,0.5724873356592356,0.9276590084532366,0.42300782601068254,0.7316482369926545,112.0,True,sgd/eps0.1,0.9428196478943253,0.9427703518978108,0.11208090274748828,f80347f79d2746a9b7a574a35ff85a59
nf43,nf_ton_v2,1,finetune-200,200,4,0.5831115841759801,0.9312182659627654,0.4191401164496164,0.8644604308169751,114.0,True,sgd/eps0.1,0.9428196478943253,0.9427703518978108,0.11208090274748828,f80347f79d2746a9b7a574a35ff85a59
nf43,nf_ton_v2,1,reptile-200,200,4,0.5400363997135329,0.9475880985033689,0.48411576128738465,0.7330862376242093,114.0,True,sgd/eps0.1,0.9428196478943253,0.9427703518978108,0.11208090274748828,f80347f79d2746a9b7a574a35ff85a59
nf43,nf_ton_v2,1,finetune-1000,1000,0,0.706568374299437,0.9536929589997386,0.3425160055674054,0.8768855273180904,567.0,True,sgd/eps0.1,0.9428196478943253,0.9427703518978108,0.11208090274748828,f80347f79d2746a9b7a574a35ff85a59
nf43,nf_ton_v2,1,reptile-1000,1000,0,0.5324805025000164,0.9354563509354518,0.47100667989744405,0.7397808018565608,567.0,True,sgd/eps0.1,0.9428196478943253,0.9427703518978108,0.11208090274748828,f80347f79d2746a9b7a574a35ff85a59
nf43,nf_ton_v2,1,finetune-1000,1000,1,0.7196827837239403,0.9594492324204327,0.34089305675823234,0.8755729312958225,604.0,True,sgd/eps0.1,0.9428196478943253,0.9427703518978108,0.11208090274748828,f80347f79d2746a9b7a574a35ff85a59
nf43,nf_ton_v2,1,reptile-1000,1000,1,0.8929822140749939,0.9384927278314673,0.08243873683839618,0.8031308844934237,604.0,True,sgd/eps0.1,0.9428196478943253,0.9427703518978108,0.11208090274748828,f80347f79d2746a9b7a574a35ff85a59
nf43,nf_ton_v2,1,finetune-1000,1000,2,0.7421008022391737,0.9441572678111942,0.2874606883332002,0.8787602435223777,565.0,True,sgd/eps0.1,0.9428196478943253,0.9427703518978108,0.11208090274748828,f80347f79d2746a9b7a574a35ff85a59
nf43,nf_ton_v2,1,reptile-1000,1000,2,0.8559057549655386,0.9571100296757682,0.17903883510976398,0.7911263818306377,565.0,True,sgd/eps0.1,0.9428196478943253,0.9427703518978108,0.11208090274748828,f80347f79d2746a9b7a574a35ff85a59
nf43,nf_ton_v2,1,finetune-1000,1000,3,0.5929342505535516,0.9466661774216482,0.4361425371302579,0.8886048160722941,575.0,True,sgd/eps0.1,0.9428196478943253,0.9427703518978108,0.11208090274748828,f80347f79d2746a9b7a574a35ff85a59
nf43,nf_ton_v2,1,reptile-1000,1000,3,0.409404792409937,0.9344564564289088,0.57450571340824,0.7649709820923397,575.0,True,sgd/eps0.1,0.9428196478943253,0.9427703518978108,0.11208090274748828,f80347f79d2746a9b7a574a35ff85a59
nf43,nf_ton_v2,1,finetune-1000,1000,4,0.6629412808231329,0.9405750769414236,0.360691542067856,0.8759961038291393,610.0,True,sgd/eps0.1,0.9428196478943253,0.9427703518978108,0.11208090274748828,f80347f79d2746a9b7a574a35ff85a59
nf43,nf_ton_v2,1,reptile-1000,1000,4,0.5477171334897075,0.9574815501116855,0.49416204933018837,0.75023400093373,610.0,True,sgd/eps0.1,0.9428196478943253,0.9427703518978108,0.11208090274748828,f80347f79d2746a9b7a574a35ff85a59
nf43,nf_ton_v2,2,pooled-none,0,0,0.08473117431783389,0.35729716589534133,0.3117192136207601,0.7981341330202276,,,adam/eps0.01,0.9372681498836526,0.9509679488936781,0.1367038867168316,238ba29566e14abb89a9d7ddf5487d07
nf43,nf_ton_v2,2,pooled-adabn,0,0,0.11318734025847739,0.0850690064809676,-0.04682724246728819,0.5621278159561204,,,adam/eps0.01,0.9372681498836526,0.9509679488936781,0.1367038867168316,238ba29566e14abb89a9d7ddf5487d07
nf43,nf_ton_v2,2,reptile-adabn,0,0,0.21640746654051604,0.08453236585130927,-0.18770729118924726,0.5262185123615559,,,adam/eps0.01,0.9372681498836526,0.9509679488936781,0.1367038867168316,238ba29566e14abb89a9d7ddf5487d07
nf43,nf_ton_v2,2,finetune-50,50,0,0.1445870209396908,0.7368029978488508,0.582832091857461,0.9171212499249847,26.0,True,adam/eps0.01,0.9372681498836526,0.9509679488936781,0.1367038867168316,238ba29566e14abb89a9d7ddf5487d07
nf43,nf_ton_v2,2,reptile-50,50,0,0.16011931747251953,0.7510858946074497,0.5816279716708682,0.9055859908910344,26.0,True,adam/eps0.01,0.9372681498836526,0.9509679488936781,0.1367038867168316,238ba29566e14abb89a9d7ddf5487d07
nf43,nf_ton_v2,2,finetune-50,50,1,0.33097457933363555,0.9397219559404283,0.6473220925586076,0.9164409693421384,29.0,True,adam/eps0.01,0.9372681498836526,0.9509679488936781,0.1367038867168316,238ba29566e14abb89a9d7ddf5487d07
nf43,nf_ton_v2,2,reptile-50,50,1,0.49663269798093285,0.9257830595854566,0.48722885653087566,0.8952856606284234,29.0,True,adam/eps0.01,0.9372681498836526,0.9509679488936781,0.1367038867168316,238ba29566e14abb89a9d7ddf5487d07
nf43,nf_ton_v2,2,finetune-50,50,2,0.309785215408774,0.9558395215183719,0.6874690980866385,0.946414436031201,27.0,True,adam/eps0.01,0.9372681498836526,0.9509679488936781,0.1367038867168316,238ba29566e14abb89a9d7ddf5487d07
nf43,nf_ton_v2,2,reptile-50,50,2,0.22905538144140236,0.9109360021649092,0.6951540296812105,0.9196788666323753,27.0,True,adam/eps0.01,0.9372681498836526,0.9509679488936781,0.1367038867168316,238ba29566e14abb89a9d7ddf5487d07
nf43,nf_ton_v2,2,finetune-50,50,3,0.1363412374588532,0.7555487265105058,0.609343078009429,0.8843111458354059,32.0,True,adam/eps0.01,0.9372681498836526,0.9509679488936781,0.1367038867168316,238ba29566e14abb89a9d7ddf5487d07
nf43,nf_ton_v2,2,reptile-50,50,3,0.1425764952463551,0.7229145548864111,0.5713721819502802,0.8692253916688377,32.0,True,adam/eps0.01,0.9372681498836526,0.9509679488936781,0.1367038867168316,238ba29566e14abb89a9d7ddf5487d07
nf43,nf_ton_v2,2,finetune-50,50,4,0.7397617592756851,0.9847676621273902,0.3765215678715682,0.9319141849389063,31.0,True,adam/eps0.01,0.9372681498836526,0.9509679488936781,0.1367038867168316,238ba29566e14abb89a9d7ddf5487d07
nf43,nf_ton_v2,2,reptile-50,50,4,0.6591961839433899,0.9835384340184292,0.4471803640703038,0.9028109788699936,31.0,True,adam/eps0.01,0.9372681498836526,0.9509679488936781,0.1367038867168316,238ba29566e14abb89a9d7ddf5487d07
nf43,nf_ton_v2,2,finetune-200,200,0,0.26927903599892244,0.922645775904377,0.6758313842897883,0.9472673795836619,122.0,True,adam/eps0.01,0.9372681498836526,0.9509679488936781,0.1367038867168316,238ba29566e14abb89a9d7ddf5487d07
nf43,nf_ton_v2,2,reptile-200,200,0,0.44358372919664385,0.9189718515936393,0.5229921572101457,0.9240965439150332,122.0,True,adam/eps0.01,0.9372681498836526,0.9509679488936781,0.1367038867168316,238ba29566e14abb89a9d7ddf5487d07
nf43,nf_ton_v2,2,finetune-200,200,1,0.31659866359174504,0.9542020795971067,0.6795934286973785,0.9480817757161208,133.0,True,adam/eps0.01,0.9372681498836526,0.9509679488936781,0.1367038867168316,238ba29566e14abb89a9d7ddf5487d07
nf43,nf_ton_v2,2,reptile-200,200,1,0.5026905564425522,0.9502391949473221,0.5203250129274193,0.9146649316487074,133.0,True,adam/eps0.01,0.9372681498836526,0.9509679488936781,0.1367038867168316,238ba29566e14abb89a9d7ddf5487d07
nf43,nf_ton_v2,2,finetune-200,200,2,0.4192734512053299,0.9561972819381441,0.5989435578632805,0.9494008890005703,107.0,True,adam/eps0.01,0.9372681498836526,0.9509679488936781,0.1367038867168316,238ba29566e14abb89a9d7ddf5487d07
nf43,nf_ton_v2,2,reptile-200,200,2,0.5089455252662632,0.9488861266930553,0.5128390003152518,0.91606240502658,107.0,True,adam/eps0.01,0.9372681498836526,0.9509679488936781,0.1367038867168316,238ba29566e14abb89a9d7ddf5487d07
nf43,nf_ton_v2,2,finetune-200,200,3,0.41464792804157713,0.9749109038954605,0.6321305732759569,0.9509623580840553,118.0,True,adam/eps0.01,0.9372681498836526,0.9509679488936781,0.1367038867168316,238ba29566e14abb89a9d7ddf5487d07
nf43,nf_ton_v2,2,reptile-200,200,3,0.6170802699097891,0.9703242318470987,0.457536990960914,0.9126319067996203,118.0,True,adam/eps0.01,0.9372681498836526,0.9509679488936781,0.1367038867168316,238ba29566e14abb89a9d7ddf5487d07
nf43,nf_ton_v2,2,finetune-200,200,4,0.27305041426027765,0.9398366227416374,0.6954730030272236,0.9376840924228296,119.0,True,adam/eps0.01,0.9372681498836526,0.9509679488936781,0.1367038867168316,238ba29566e14abb89a9d7ddf5487d07
nf43,nf_ton_v2,2,reptile-200,200,4,0.43326171656844,0.9308283988386546,0.5490851549709412,0.9141302587052007,119.0,True,adam/eps0.01,0.9372681498836526,0.9509679488936781,0.1367038867168316,238ba29566e14abb89a9d7ddf5487d07
nf43,nf_ton_v2,2,finetune-1000,1000,0,0.31837922719597367,0.9568394160249148,0.6819209939151846,0.9483511991578277,576.0,True,adam/eps0.01,0.9372681498836526,0.9509679488936781,0.1367038867168316,238ba29566e14abb89a9d7ddf5487d07
nf43,nf_ton_v2,2,reptile-1000,1000,0,0.5449510180750202,0.9607059805616839,0.5020517392272529,0.926132503810317,576.0,True,adam/eps0.01,0.9372681498836526,0.9509679488936781,0.1367038867168316,238ba29566e14abb89a9d7ddf5487d07
nf43,nf_ton_v2,2,finetune-1000,1000,1,0.25039586331053426,0.9476981786325296,0.724813939185186,0.9511432486956,573.0,True,adam/eps0.01,0.9372681498836526,0.9509679488936781,0.1367038867168316,238ba29566e14abb89a9d7ddf5487d07
nf43,nf_ton_v2,2,reptile-1000,1000,1,0.5061071360521423,0.9492209537525857,0.5157875014455715,0.92835560938706,573.0,True,adam/eps0.01,0.9372681498836526,0.9509679488936781,0.1367038867168316,238ba29566e14abb89a9d7ddf5487d07
nf43,nf_ton_v2,2,finetune-1000,1000,2,0.2795747672455141,0.956233975314531,0.7125947169916621,0.9535023172694052,586.0,True,adam/eps0.01,0.9372681498836526,0.9509679488936781,0.1367038867168316,238ba29566e14abb89a9d7ddf5487d07
nf43,nf_ton_v2,2,reptile-1000,1000,2,0.4480647047615293,0.9395339023864455,0.5495916297378185,0.9301184227266527,586.0,True,adam/eps0.01,0.9372681498836526,0.9509679488936781,0.1367038867168316,238ba29566e14abb89a9d7ddf5487d07
nf43,nf_ton_v2,2,finetune-1000,1000,3,0.22562566114100618,0.9437307073106965,0.7400648319900047,0.9522206910221953,584.0,True,adam/eps0.01,0.9372681498836526,0.9509679488936781,0.1367038867168316,238ba29566e14abb89a9d7ddf5487d07
nf43,nf_ton_v2,2,reptile-1000,1000,3,0.5297603795031505,0.9576237369451847,0.5096514522751163,0.9160614554423223,584.0,True,adam/eps0.01,0.9372681498836526,0.9509679488936781,0.1367038867168316,238ba29566e14abb89a9d7ddf5487d07
nf43,nf_ton_v2,2,finetune-1000,1000,4,0.27761680431540287,0.9530187182086294,0.7097220777842302,0.9493157031720204,602.0,True,adam/eps0.01,0.9372681498836526,0.9509679488936781,0.1367038867168316,238ba29566e14abb89a9d7ddf5487d07
nf43,nf_ton_v2,2,reptile-1000,1000,4,0.4885511731351717,0.9515922632015889,0.534404063774071,0.920408437905679,602.0,True,adam/eps0.01,0.9372681498836526,0.9509679488936781,0.1367038867168316,238ba29566e14abb89a9d7ddf5487d07
core,lycos17,0,pooled-none,0,0,0.022300974839642742,0.2613628280816559,0.3700649205688352,0.47970569381458966,,,sgd/eps0.1,0.9626231147644363,0.929478490261522,0.07587023895603713,4cbbcf2ddb234b2bb7e82cc1b1365926
core,lycos17,0,pooled-adabn,0,0,0.07517194934808288,0.2958425208051782,0.26270678931651,0.3002131521882421,,,sgd/eps0.1,0.9626231147644363,0.929478490261522,0.07587023895603713,4cbbcf2ddb234b2bb7e82cc1b1365926
core,lycos17,0,reptile-adabn,0,0,0.11708747796582725,0.48458282950423215,0.360460663295326,0.4571525008676909,,,sgd/eps0.1,0.9626231147644363,0.929478490261522,0.07587023895603713,4cbbcf2ddb234b2bb7e82cc1b1365926
core,lycos17,0,finetune-50,50,0,0.029097988128226924,0.8147627854043673,0.8001210518018169,0.8662004733523687,10.0,True,sgd/eps0.1,0.9626231147644363,0.929478490261522,0.07587023895603713,4cbbcf2ddb234b2bb7e82cc1b1365926
core,lycos17,0,reptile-50,50,0,0.03588396133025683,0.8525144035848923,0.8084229767426571,0.8330959586983088,10.0,True,sgd/eps0.1,0.9626231147644363,0.929478490261522,0.07587023895603713,4cbbcf2ddb234b2bb7e82cc1b1365926
core,lycos17,0,finetune-50,50,1,0.0435641815431833,0.8233693719325699,0.7696260269580696,0.9313176353313142,11.0,True,sgd/eps0.1,0.9626231147644363,0.929478490261522,0.07587023895603713,4cbbcf2ddb234b2bb7e82cc1b1365926
core,lycos17,0,reptile-50,50,1,0.08023934907649675,0.8632726367451454,0.719010467380049,0.8568662314735022,11.0,True,sgd/eps0.1,0.9626231147644363,0.929478490261522,0.07587023895603713,4cbbcf2ddb234b2bb7e82cc1b1365926
core,lycos17,0,finetune-50,50,2,0.049106304993431146,0.8832420513550039,0.7980139256996096,0.736001332469899,12.0,True,sgd/eps0.1,0.9626231147644363,0.929478490261522,0.07587023895603713,4cbbcf2ddb234b2bb7e82cc1b1365926
core,lycos17,0,reptile-50,50,2,0.09640571582081203,0.9089195533110463,0.7215184976642858,0.8737779837396654,12.0,True,sgd/eps0.1,0.9626231147644363,0.929478490261522,0.07587023895603713,4cbbcf2ddb234b2bb7e82cc1b1365926
core,lycos17,0,finetune-50,50,3,0.020865763587586527,0.8408137136353937,0.8399185035204803,0.8586059262530213,12.0,True,sgd/eps0.1,0.9626231147644363,0.929478490261522,0.07587023895603713,4cbbcf2ddb234b2bb7e82cc1b1365926
core,lycos17,0,reptile-50,50,3,0.04410514578434295,0.8829397538943026,0.8093186509866213,0.8945051003922133,12.0,True,sgd/eps0.1,0.9626231147644363,0.929478490261522,0.07587023895603713,4cbbcf2ddb234b2bb7e82cc1b1365926
core,lycos17,0,finetune-50,50,4,0.036373405167496514,0.6375631268226759,0.6541074964473091,0.7372089094576442,11.0,True,sgd/eps0.1,0.9626231147644363,0.929478490261522,0.07587023895603713,4cbbcf2ddb234b2bb7e82cc1b1365926
core,lycos17,0,reptile-50,50,4,0.033370501624732735,0.8948893946937905,0.8432220201511053,0.8549050502220562,11.0,True,sgd/eps0.1,0.9626231147644363,0.929478490261522,0.07587023895603713,4cbbcf2ddb234b2bb7e82cc1b1365926
core,lycos17,0,finetune-200,200,0,0.029138468445592612,0.9256703890746141,0.8741767708408943,0.9356978132906684,53.0,True,sgd/eps0.1,0.9626231147644363,0.929478490261522,0.07587023895603713,4cbbcf2ddb234b2bb7e82cc1b1365926
core,lycos17,0,reptile-200,200,0,0.06824981507855021,0.9506010384806886,0.8034356420822067,0.8661351923979418,53.0,True,sgd/eps0.1,0.9626231147644363,0.929478490261522,0.07587023895603713,4cbbcf2ddb234b2bb7e82cc1b1365926
core,lycos17,0,finetune-200,200,1,0.03841214115118662,0.8898570310832918,0.8275153161494361,0.8954216492597018,38.0,True,sgd/eps0.1,0.9626231147644363,0.929478490261522,0.07587023895603713,4cbbcf2ddb234b2bb7e82cc1b1365926
core,lycos17,0,reptile-200,200,1,0.0393358283928946,0.902909168504161,0.8340877786460061,0.8605960663954404,38.0,True,sgd/eps0.1,0.9626231147644363,0.929478490261522,0.07587023895603713,4cbbcf2ddb234b2bb7e82cc1b1365926
core,lycos17,0,finetune-200,200,2,0.04605924110445026,0.8775695284159613,0.8011103892925787,0.9007856463712771,46.0,True,sgd/eps0.1,0.9626231147644363,0.929478490261522,0.07587023895603713,4cbbcf2ddb234b2bb7e82cc1b1365926
core,lycos17,0,reptile-200,200,2,0.07595579549343667,0.9444306138416673,0.784058211607651,0.8332142448018897,46.0,True,sgd/eps0.1,0.9626231147644363,0.929478490261522,0.07587023895603713,4cbbcf2ddb234b2bb7e82cc1b1365926
core,lycos17,0,finetune-200,200,3,0.019367991845056064,0.8649797282879295,0.8600143046052983,0.8607464442790568,34.0,True,sgd/eps0.1,0.9626231147644363,0.929478490261522,0.07587023895603713,4cbbcf2ddb234b2bb7e82cc1b1365926
core,lycos17,0,reptile-200,200,3,0.030974802842454286,0.8511273917063803,0.8198925334055228,0.8713323107248145,34.0,True,sgd/eps0.1,0.9626231147644363,0.929478490261522,0.07587023895603713,4cbbcf2ddb234b2bb7e82cc1b1365926
core,lycos17,0,finetune-200,200,4,0.021130725664889213,0.8879365530976598,0.8702579119198113,0.9247438840670166,43.0,True,sgd/eps0.1,0.9626231147644363,0.929478490261522,0.07587023895603713,4cbbcf2ddb234b2bb7e82cc1b1365926
core,lycos17,0,reptile-200,200,4,0.03136856592955689,0.8570844299025535,0.8229013189777835,0.8977526166591638,43.0,True,sgd/eps0.1,0.9626231147644363,0.929478490261522,0.07587023895603713,4cbbcf2ddb234b2bb7e82cc1b1365926
core,lycos17,0,finetune-1000,1000,0,0.030065835716152015,0.9319830713422007,0.8760035415620178,0.8789593484589894,215.0,True,sgd/eps0.1,0.9626231147644363,0.929478490261522,0.07587023895603713,4cbbcf2ddb234b2bb7e82cc1b1365926
core,lycos17,0,reptile-1000,1000,0,0.040299995951968266,0.9252436161889181,0.8467803821563412,0.8688772605829919,215.0,True,sgd/eps0.1,0.9626231147644363,0.929478490261522,0.07587023895603713,4cbbcf2ddb234b2bb7e82cc1b1365926
core,lycos17,0,finetune-1000,1000,1,0.03807725852570684,0.9517924461199232,0.8696653415190893,0.9453638601404794,215.0,True,sgd/eps0.1,0.9626231147644363,0.929478490261522,0.07587023895603713,4cbbcf2ddb234b2bb7e82cc1b1365926
core,lycos17,0,reptile-1000,1000,1,0.05241833095971472,0.940287360409702,0.8294721508615953,0.9126161478576307,215.0,True,sgd/eps0.1,0.9626231147644363,0.929478490261522,0.07587023895603713,4cbbcf2ddb234b2bb7e82cc1b1365926
core,lycos17,0,finetune-1000,1000,2,0.024409631371509952,0.9079059677075183,0.8746347282208186,0.9133467277750865,217.0,True,sgd/eps0.1,0.9626231147644363,0.929478490261522,0.07587023895603713,4cbbcf2ddb234b2bb7e82cc1b1365926
core,lycos17,0,reptile-1000,1000,2,0.03919966732539183,0.9031047727434384,0.8345440444339868,0.852882113555973,217.0,True,sgd/eps0.1,0.9626231147644363,0.929478490261522,0.07587023895603713,4cbbcf2ddb234b2bb7e82cc1b1365926
core,lycos17,0,finetune-1000,1000,3,0.024755554083544015,0.8943559285866705,0.8648379038342171,0.9446575877234715,211.0,True,sgd/eps0.1,0.9626231147644363,0.929478490261522,0.07587023895603713,4cbbcf2ddb234b2bb7e82cc1b1365926
core,lycos17,0,reptile-1000,1000,3,0.042515373320526836,0.8966676150508571,0.8223588470727148,0.898863167237834,211.0,True,sgd/eps0.1,0.9626231147644363,0.929478490261522,0.07587023895603713,4cbbcf2ddb234b2bb7e82cc1b1365926
core,lycos17,0,finetune-1000,1000,4,0.02374354614940181,0.9178284372999502,0.8828550209655978,0.928726569870255,261.0,True,sgd/eps0.1,0.9626231147644363,0.929478490261522,0.07587023895603713,4cbbcf2ddb234b2bb7e82cc1b1365926
core,lycos17,0,reptile-1000,1000,4,0.03528779665632579,0.9300448111529981,0.8619165365169904,0.8724230992951739,261.0,True,sgd/eps0.1,0.9626231147644363,0.929478490261522,0.07587023895603713,4cbbcf2ddb234b2bb7e82cc1b1365926
core,lycos17,1,pooled-none,0,0,0.01599708541714967,0.06954619816487659,0.1288293849115851,0.37734715924425505,,,sgd/eps0.1,0.9469756227487031,0.9026155693919715,0.07992316471547951,3927b01dd311488184d90a8c4d463876
core,lycos17,1,pooled-adabn,0,0,0.028877186397141354,0.2220463759869123,0.3019168502420476,0.3369400674282648,,,sgd/eps0.1,0.9469756227487031,0.9026155693919715,0.07992316471547951,3927b01dd311488184d90a8c4d463876
core,lycos17,1,reptile-adabn,0,0,0.08428002075536273,0.10486165445622021,0.027410112374365882,0.20223115642429504,,,sgd/eps0.1,0.9469756227487031,0.9026155693919715,0.07992316471547951,3927b01dd311488184d90a8c4d463876
core,lycos17,1,finetune-50,50,0,0.03414698771238366,0.788338430898357,0.7687250033774208,0.9164081827485759,11.0,True,sgd/eps0.1,0.9469756227487031,0.9026155693919715,0.07992316471547951,3927b01dd311488184d90a8c4d463876
core,lycos17,1,reptile-50,50,0,0.03305769917236151,0.8244007397396685,0.7963886997819714,0.8730794946672534,11.0,True,sgd/eps0.1,0.9469756227487031,0.9026155693919715,0.07992316471547951,3927b01dd311488184d90a8c4d463876
core,lycos17,1,finetune-50,50,1,0.05345241906696548,0.787751618180525,0.7214032714881935,0.8221736988328461,9.0,True,sgd/eps0.1,0.9469756227487031,0.9026155693919715,0.07992316471547951,3927b01dd311488184d90a8c4d463876
core,lycos17,1,reptile-50,50,1,0.03449659045326915,0.7560459492140266,0.7452166990506819,0.8735957587055586,9.0,True,sgd/eps0.1,0.9469756227487031,0.9026155693919715,0.07992316471547951,3927b01dd311488184d90a8c4d463876
core,lycos17,1,finetune-50,50,2,0.024821794602869686,0.8476420798065296,0.833698377501487,0.9410931445788197,13.0,True,sgd/eps0.1,0.9469756227487031,0.9026155693919715,0.07992316471547951,3927b01dd311488184d90a8c4d463876
core,lycos17,1,reptile-50,50,2,0.027861498434147723,0.8423785475496124,0.8220919762873928,0.9052730438030344,13.0,True,sgd/eps0.1,0.9469756227487031,0.9026155693919715,0.07992316471547951,3927b01dd311488184d90a8c4d463876
core,lycos17,1,finetune-50,50,3,0.04461666979469119,0.9164592076250089,0.8308486069797753,0.8565854821368227,10.0,True,sgd/eps0.1,0.9469756227487031,0.9026155693919715,0.07992316471547951,3927b01dd311488184d90a8c4d463876
core,lycos17,1,reptile-50,50,3,0.039074546344443344,0.8923465395831851,0.827601020107675,0.9112577499305385,10.0,True,sgd/eps0.1,0.9469756227487031,0.9026155693919715,0.07992316471547951,3927b01dd311488184d90a8c4d463876
core,lycos17,1,finetune-50,50,4,0.04050975759649956,0.9587275055124831,0.8685780284452066,0.9166046457582725,13.0,True,sgd/eps0.1,0.9469756227487031,0.9026155693919715,0.07992316471547951,3927b01dd311488184d90a8c4d463876
core,lycos17,1,reptile-50,50,4,0.06659380209540842,0.9279820755388007,0.791241164222646,0.914316943024992,13.0,True,sgd/eps0.1,0.9469756227487031,0.9026155693919715,0.07992316471547951,3927b01dd311488184d90a8c4d463876
core,lycos17,1,finetune-200,200,0,0.03906718628674049,0.9725087132797496,0.8810274062773448,0.9469154094173536,55.0,True,sgd/eps0.1,0.9469756227487031,0.9026155693919715,0.07992316471547951,3927b01dd311488184d90a8c4d463876
core,lycos17,1,reptile-200,200,0,0.02783573823218774,0.933725727292126,0.8827364146060761,0.928693392440811,55.0,True,sgd/eps0.1,0.9469756227487031,0.9026155693919715,0.07992316471547951,3927b01dd311488184d90a8c4d463876
core,lycos17,1,finetune-200,200,1,0.03621148389803376,0.9115335372359343,0.8473714072745191,0.9173880003752618,50.0,True,sgd/eps0.1,0.9469756227487031,0.9026155693919715,0.07992316471547951,3927b01dd311488184d90a8c4d463876
core,lycos17,1,reptile-200,200,1,0.025752841902280513,0.8122377124973327,0.8073617527639989,0.9000298911239446,50.0,True,sgd/eps0.1,0.9469756227487031,0.9026155693919715,0.07992316471547951,3927b01dd311488184d90a8c4d463876
core,lycos17,1,finetune-200,200,2,0.025819082421606184,0.9138096592929796,0.8748443153205794,0.9239275648870945,49.0,True,sgd/eps0.1,0.9469756227487031,0.9026155693919715,0.07992316471547951,3927b01dd311488184d90a8c4d463876
core,lycos17,1,reptile-200,200,2,0.029333509974718203,0.867238068141404,0.8349437081978023,0.9108057295026519,49.0,True,sgd/eps0.1,0.9469756227487031,0.9026155693919715,0.07992316471547951,3927b01dd311488184d90a8c4d463876
core,lycos17,1,finetune-200,200,3,0.02392754759197312,0.9077992744860943,0.8758252341324437,0.9487447205023766,38.0,True,sgd/eps0.1,0.9469756227487031,0.9026155693919715,0.07992316471547951,3927b01dd311488184d90a8c4d463876
core,lycos17,1,reptile-200,200,3,0.010572722890147459,0.8005014581406928,0.8431478142560788,0.916791392426526,38.0,True,sgd/eps0.1,0.9469756227487031,0.9026155693919715,0.07992316471547951,3927b01dd311488184d90a8c4d463876
core,lycos17,1,finetune-200,200,4,0.05460794812631331,0.8985347464257771,0.7962506282906725,0.9142317046036496,52.0,True,sgd/eps0.1,0.9469756227487031,0.9026155693919715,0.07992316471547951,3927b01dd311488184d90a8c4d463876
core,lycos17,1,reptile-200,200,4,0.03525467639666295,0.8838644284799773,0.8311761447752218,0.8926044102056524,52.0,True,sgd/eps0.1,0.9469756227487031,0.9026155693919715,0.07992316471547951,3927b01dd311488184d90a8c4d463876
core,lycos17,1,finetune-1000,1000,0,0.02461571298718982,0.9500497901699979,0.9015307586909664,0.9595434735774828,207.0,True,sgd/eps0.1,0.9469756227487031,0.9026155693919715,0.07992316471547951,3927b01dd311488184d90a8c4d463876
core,lycos17,1,reptile-1000,1000,0,0.012894821095397389,0.8459705526708869,0.86594754206327,0.927229037779847,207.0,True,sgd/eps0.1,0.9469756227487031,0.9026155693919715,0.07992316471547951,3927b01dd311488184d90a8c4d463876
core,lycos17,1,finetune-1000,1000,1,0.02554308025774922,0.9579984351660857,0.9043159677920198,0.9530419864901003,209.0,True,sgd/eps0.1,0.9469756227487031,0.9026155693919715,0.07992316471547951,3927b01dd311488184d90a8c4d463876
core,lycos17,1,reptile-1000,1000,1,0.022352495243562708,0.8915996870332171,0.8693820779788936,0.9337390400827077,209.0,True,sgd/eps0.1,0.9469756227487031,0.9026155693919715,0.07992316471547951,3927b01dd311488184d90a8c4d463876
core,lycos17,1,finetune-1000,1000,2,0.027364694539205186,0.9500497901699979,0.8945679889293807,0.9150545182739088,247.0,True,sgd/eps0.1,0.9469756227487031,0.9026155693919715,0.07992316471547951,3927b01dd311488184d90a8c4d463876
core,lycos17,1,reptile-1000,1000,2,0.04031103603852254,0.8806814140408279,0.8167520496724715,0.9076214450050358,247.0,True,sgd/eps0.1,0.9469756227487031,0.9026155693919715,0.07992316471547951,3927b01dd311488184d90a8c4d463876
core,lycos17,1,finetune-1000,1000,3,0.02487699503564108,0.938046802759798,0.8930798044730147,0.9569622666217057,230.0,True,sgd/eps0.1,0.9469756227487031,0.9026155693919715,0.07992316471547951,3927b01dd311488184d90a8c4d463876
core,lycos17,1,reptile-1000,1000,3,0.013903149000688165,0.8932889963724304,0.8936518169167995,0.9286598761546166,230.0,True,sgd/eps0.1,0.9469756227487031,0.9026155693919715,0.07992316471547951,3927b01dd311488184d90a8c4d463876
core,lycos17,1,finetune-1000,1000,4,0.02888822648369563,0.9672273988192617,0.9019363581175719,0.9465991640436304,237.0,True,sgd/eps0.1,0.9469756227487031,0.9026155693919715,0.07992316471547951,3927b01dd311488184d90a8c4d463876
core,lycos17,1,reptile-1000,1000,4,0.023121621273510785,0.8962764065723025,0.8704031220344466,0.9327094690813132,237.0,True,sgd/eps0.1,0.9469756227487031,0.9026155693919715,0.07992316471547951,3927b01dd311488184d90a8c4d463876
core,lycos17,2,pooled-none,0,0,0.01855102544003945,0.14167081584749983,0.2377787582152602,0.4127125769611675,,,sgd/eps0.1,0.8902034828349492,0.8188010032030102,0.08300379986182321,01263adf43104bcfbc827566c73b9a80
core,lycos17,2,pooled-adabn,0,0,0.0379594976024612,0.15484742869336368,0.18848103907859523,0.25584357354822335,,,sgd/eps0.1,0.8902034828349492,0.8188010032030102,0.08300379986182321,01263adf43104bcfbc827566c73b9a80
core,lycos17,2,reptile-adabn,0,0,0.3362626362990686,0.7714453375062238,0.3333922690410977,0.4270076607186379,,,sgd/eps0.1,0.8902034828349492,0.8188010032030102,0.08300379986182321,01263adf43104bcfbc827566c73b9a80
core,lycos17,2,finetune-50,50,0,0.0324946547580933,0.7885873817483463,0.7731958958242722,0.8966464442737466,13.0,True,sgd/eps0.1,0.8902034828349492,0.8188010032030102,0.08300379986182321,01263adf43104bcfbc827566c73b9a80
core,lycos17,2,reptile-50,50,0,0.009479754321273879,0.6975424994665339,0.7776673511668513,0.9038801024080209,13.0,True,sgd/eps0.1,0.8902034828349492,0.8188010032030102,0.08300379986182321,01263adf43104bcfbc827566c73b9a80
core,lycos17,2,finetune-50,50,1,0.06089711743340068,0.909470801621737,0.790276156444785,0.8727096955985606,12.0,True,sgd/eps0.1,0.8902034828349492,0.8188010032030102,0.08300379986182321,01263adf43104bcfbc827566c73b9a80
core,lycos17,2,reptile-50,50,1,0.015526041724167118,0.8807525428551106,0.8809950887156506,0.9130283629994872,12.0,True,sgd/eps0.1,0.8902034828349492,0.8188010032030102,0.08300379986182321,01263adf43104bcfbc827566c73b9a80
core,lycos17,2,finetune-50,50,2,0.06089711743340068,0.7680667188277971,0.6905794412967111,0.8260930242886577,8.0,True,sgd/eps0.1,0.8902034828349492,0.8188010032030102,0.08300379986182321,01263adf43104bcfbc827566c73b9a80
core,lycos17,2,reptile-50,50,2,0.011860732988146628,0.7378547549612348,0.7974229951066045,0.847176111906998,8.0,True,sgd/eps0.1,0.8902034828349492,0.8188010032030102,0.08300379986182321,01263adf43104bcfbc827566c73b9a80
core,lycos17,2,finetune-50,50,3,0.006395890143778727,0.660217654171705,0.7624769962064768,0.8922077978307501,16.0,True,sgd/eps0.1,0.8902034828349492,0.8188010032030102,0.08300379986182321,01263adf43104bcfbc827566c73b9a80
core,lycos17,2,reptile-50,50,3,0.0152426795026073,0.8351589728999218,0.8520648390215056,0.9116601988252724,16.0,True,sgd/eps0.1,0.8902034828349492,0.8188010032030102,0.08300379986182321,01263adf43104bcfbc827566c73b9a80
core,lycos17,2,finetune-50,50,4,0.03247625461383617,0.8596095028095881,0.8217850424752124,0.9065831776115375,11.0,True,sgd/eps0.1,0.8902034828349492,0.8188010032030102,0.08300379986182321,01263adf43104bcfbc827566c73b9a80
core,lycos17,2,reptile-50,50,4,0.011724571920643858,0.713422007255139,0.781247949576467,0.8858877320773473,11.0,True,sgd/eps0.1,0.8902034828349492,0.8188010032030102,0.08300379986182321,01263adf43104bcfbc827566c73b9a80
core,lycos17,2,finetune-200,200,0,0.021263206703540555,0.8676648410271001,0.8565902129832828,0.9312930319154393,50.0,True,sgd/eps0.1,0.8902034828349492,0.8188010032030102,0.08300379986182321,01263adf43104bcfbc827566c73b9a80
core,lycos17,2,reptile-200,200,0,0.01628780769641234,0.8759691300946013,0.8757551538486408,0.9113768819697504,50.0,True,sgd/eps0.1,0.8902034828349492,0.8188010032030102,0.08300379986182321,01263adf43104bcfbc827566c73b9a80
core,lycos17,2,finetune-200,200,1,0.026613968653514244,0.8768048936624226,0.8483769078947014,0.9259451082072063,44.0,True,sgd/eps0.1,0.8902034828349492,0.8188010032030102,0.08300379986182321,01263adf43104bcfbc827566c73b9a80
core,lycos17,2,reptile-200,200,1,0.01897790878680489,0.8850914005263533,0.8742445272139477,0.9005255613040261,44.0,True,sgd/eps0.1,0.8902034828349492,0.8188010032030102,0.08300379986182321,01263adf43104bcfbc827566c73b9a80
core,lycos17,2,finetune-200,200,2,0.033278500903447084,0.8715057969983641,0.827777336948645,0.9014738628837651,50.0,True,sgd/eps0.1,0.8902034828349492,0.8188010032030102,0.08300379986182321,01263adf43104bcfbc827566c73b9a80
core,lycos17,2,reptile-200,200,2,0.01303834222060301,0.8254676719539086,0.8521364946105704,0.9170746859204356,50.0,True,sgd/eps0.1,0.8902034828349492,0.8188010032030102,0.08300379986182321,01263adf43104bcfbc827566c73b9a80
core,lycos17,2,finetune-200,200,3,0.037558374457655745,0.8978945870972331,0.8349835372336274,0.8960176978282389,43.0,True,sgd/eps0.1,0.8902034828349492,0.8188010032030102,0.08300379986182321,01263adf43104bcfbc827566c73b9a80
core,lycos17,2,reptile-200,200,3,0.018109421977868308,0.876520378405292,0.8710440833323272,0.9075056014342997,43.0,True,sgd/eps0.1,0.8902034828349492,0.8188010032030102,0.08300379986182321,01263adf43104bcfbc827566c73b9a80
core,lycos17,2,finetune-200,200,4,0.03422058828941219,0.8973077743794011,0.8427350596263511,0.917605803777759,55.0,True,sgd/eps0.1,0.8902034828349492,0.8188010032030102,0.08300379986182321,01263adf43104bcfbc827566c73b9a80
core,lycos17,2,reptile-200,200,4,0.015003477627264597,0.8846290632335159,0.8849716288874736,0.9230513425021065,55.0,True,sgd/eps0.1,0.8902034828349492,0.8188010032030102,0.08300379986182321,01263adf43104bcfbc827566c73b9a80
core,lycos17,2,finetune-1000,1000,0,0.016379808417697993,0.8576712426203855,0.8635701053346732,0.9468078159471865,222.0,True,sgd/eps0.1,0.8902034828349492,0.8188010032030102,0.08300379986182321,01263adf43104bcfbc827566c73b9a80
core,lycos17,2,reptile-1000,1000,0,0.015400920743218628,0.8705633402091187,0.8747388192367036,0.9255650395898122,222.0,True,sgd/eps0.1,0.8902034828349492,0.8188010032030102,0.08300379986182321,01263adf43104bcfbc827566c73b9a80
core,lycos17,2,finetune-1000,1000,1,0.034809392905640384,0.8868518386798492,0.8342806828744176,0.8882401339401,212.0,True,sgd/eps0.1,0.8902034828349492,0.8188010032030102,0.08300379986182321,01263adf43104bcfbc827566c73b9a80
core,lycos17,2,reptile-1000,1000,1,0.016637410437297828,0.87646703179458,0.8751008065014315,0.9174247609726278,212.0,True,sgd/eps0.1,0.8902034828349492,0.8188010032030102,0.08300379986182321,01263adf43104bcfbc827566c73b9a80
core,lycos17,2,finetune-1000,1000,2,0.04025215557689972,0.9158190482964649,0.8405822838668521,0.913911922756276,245.0,True,sgd/eps0.1,0.8902034828349492,0.8188010032030102,0.08300379986182321,01263adf43104bcfbc827566c73b9a80
core,lycos17,2,reptile-1000,1000,2,0.017638378284885754,0.8846112810299452,0.8776151114692651,0.9117282808516185,245.0,True,sgd/eps0.1,0.8902034828349492,0.8188010032030102,0.08300379986182321,01263adf43104bcfbc827566c73b9a80
core,lycos17,2,finetune-1000,1000,3,0.017561097679005804,0.904882993100505,0.8909639112589475,0.9604277532975621,240.0,True,sgd/eps0.1,0.8902034828349492,0.8188010032030102,0.08300379986182321,01263adf43104bcfbc827566c73b9a80
core,lycos17,2,reptile-1000,1000,3,0.014031950010488082,0.8699587452877161,0.8782359712146742,0.9335078994508841,240.0,True,sgd/eps0.1,0.8902034828349492,0.8188010032030102,0.08300379986182321,01263adf43104bcfbc827566c73b9a80
core,lycos17,2,finetune-1000,1000,4,0.020788482981706578,0.8447791450316523,0.8427639419164467,0.945037071638108,231.0,True,sgd/eps0.1,0.8902034828349492,0.8188010032030102,0.08300379986182321,01263adf43104bcfbc827566c73b9a80
core,lycos17,2,reptile-1000,1000,4,0.016457089023577946,0.9009175617042464,0.8914372286624456,0.9257562461676835,231.0,True,sgd/eps0.1,0.8902034828349492,0.8188010032030102,0.08300379986182321,01263adf43104bcfbc827566c73b9a80
core,lycos18,0,pooled-none,0,0,0.039780134153423165,0.11633786000252336,0.14580461751406984,0.44907876010655434,,,sgd/eps0.1,0.9368507035315587,0.8722509057594741,0.08856349193955755,9468a046eb524d64a9da79a3b1eb1683
core,lycos18,0,pooled-adabn,0,0,0.04460867967907467,0.8650384813040254,0.8299440298851058,0.8512858274844267,,,sgd/eps0.1,0.9368507035315587,0.8722509057594741,0.08856349193955755,9468a046eb524d64a9da79a3b1eb1683
core,lycos18,0,reptile-adabn,0,0,0.08526208506654341,0.9134209125346578,0.8109050883442033,0.7695070833914756,,,sgd/eps0.1,0.9368507035315587,0.8722509057594741,0.08856349193955755,9468a046eb524d64a9da79a3b1eb1683
core,lycos18,0,finetune-50,50,0,0.16249214870646236,0.9985567587694599,0.790033276604946,0.9678366926426772,11.0,True,sgd/eps0.1,0.9368507035315587,0.8722509057594741,0.08856349193955755,9468a046eb524d64a9da79a3b1eb1683
core,lycos18,0,reptile-50,50,0,0.009502287244758892,0.8338303129894789,0.8623611995879235,0.9511576261930011,11.0,True,sgd/eps0.1,0.9368507035315587,0.8722509057594741,0.08856349193955755,9468a046eb524d64a9da79a3b1eb1683
core,lycos18,0,finetune-50,50,1,0.10018917173297306,0.947115517766638,0.819173080352012,0.9629370202953297,12.0,True,sgd/eps0.1,0.9368507035315587,0.8722509057594741,0.08856349193955755,9468a046eb524d64a9da79a3b1eb1683
core,lycos18,0,reptile-50,50,1,0.016314395420770077,0.8921369509759572,0.8943472567171257,0.9418282117586031,12.0,True,sgd/eps0.1,0.9368507035315587,0.8722509057594741,0.08856349193955755,9468a046eb524d64a9da79a3b1eb1683
core,lycos18,0,finetune-50,50,2,0.12217945983100462,0.9988860270246152,0.8357895136228332,0.9760488939015205,16.0,True,sgd/eps0.1,0.9368507035315587,0.8722509057594741,0.08856349193955755,9468a046eb524d64a9da79a3b1eb1683
core,lycos18,0,reptile-50,50,2,0.019592680816771547,0.9953887057911208,0.9670884327635817,0.9491039680440231,16.0,True,sgd/eps0.1,0.9368507035315587,0.8722509057594741,0.08856349193955755,9468a046eb524d64a9da79a3b1eb1683
core,lycos18,0,finetune-50,50,3,0.04426277835057655,0.9275655997759745,0.8789468791022896,0.9550118331145999,13.0,True,sgd/eps0.1,0.9368507035315587,0.8722509057594741,0.08856349193955755,9468a046eb524d64a9da79a3b1eb1683
core,lycos18,0,reptile-50,50,3,0.018527571372702386,0.995902610451036,0.969045257158029,0.9665738923517767,13.0,True,sgd/eps0.1,0.9368507035315587,0.8722509057594741,0.08856349193955755,9468a046eb524d64a9da79a3b1eb1683
core,lycos18,0,finetune-50,50,4,0.007730561382301703,0.8783015297126134,0.8980007599517205,0.9547398970868972,16.0,True,sgd/eps0.1,0.9368507035315587,0.8722509057594741,0.08856349193955755,9468a046eb524d64a9da79a3b1eb1683
core,lycos18,0,reptile-50,50,4,0.01916085967220109,0.909629711690254,0.9029506141633044,0.9367466136940504,16.0,True,sgd/eps0.1,0.9368507035315587,0.8722509057594741,0.08856349193955755,9468a046eb524d64a9da79a3b1eb1683
core,lycos18,0,finetune-200,200,0,0.06150673729868098,0.9591430409000409,0.8795974737491526,0.9868394859228297,51.0,True,sgd/eps0.1,0.9368507035315587,0.8722509057594741,0.08856349193955755,9468a046eb524d64a9da79a3b1eb1683
core,lycos18,0,reptile-200,200,0,0.010134094168118415,0.9494819410209778,0.9468094629849056,0.95197846696405,51.0,True,sgd/eps0.1,0.9368507035315587,0.8722509057594741,0.08856349193955755,9468a046eb524d64a9da79a3b1eb1683
core,lycos18,0,finetune-200,200,1,0.0045004207108235265,0.9342109717106255,0.9443694186074847,0.9772893071747895,67.0,True,sgd/eps0.1,0.9368507035315587,0.8722509057594741,0.08856349193955755,9468a046eb524d64a9da79a3b1eb1683
core,lycos18,0,reptile-200,200,1,0.014071591946054207,0.944858337718448,0.9372577186607081,0.9369168514267439,67.0,True,sgd/eps0.1,0.9368507035315587,0.8722509057594741,0.08856349193955755,9468a046eb524d64a9da79a3b1eb1683
core,lycos18,0,finetune-200,200,2,0.0077357461987888265,0.8639783606133621,0.8874694122966726,0.9617912708439177,65.0,True,sgd/eps0.1,0.9368507035315587,0.8722509057594741,0.08856349193955755,9468a046eb524d64a9da79a3b1eb1683
core,lycos18,0,reptile-200,200,2,0.022136203647740604,0.9893372476251142,0.9587452218050311,0.9379998829325943,65.0,True,sgd/eps0.1,0.9368507035315587,0.8722509057594741,0.08856349193955755,9468a046eb524d64a9da79a3b1eb1683
core,lycos18,0,finetune-200,200,3,0.007709822116353207,0.8652154245252537,0.8884208248146108,0.9755977062541912,58.0,True,sgd/eps0.1,0.9368507035315587,0.8722509057594741,0.08856349193955755,9468a046eb524d64a9da79a3b1eb1683
core,lycos18,0,reptile-200,200,3,0.015632221708678493,0.9923652846631771,0.9706447171731005,0.951841533868074,58.0,True,sgd/eps0.1,0.9368507035315587,0.8722509057594741,0.08856349193955755,9468a046eb524d64a9da79a3b1eb1683
core,lycos18,0,finetune-200,200,4,0.0025835199867268697,0.8863624474170906,0.9124190721658559,0.9676318201693757,60.0,True,sgd/eps0.1,0.9368507035315587,0.8722509057594741,0.08856349193955755,9468a046eb524d64a9da79a3b1eb1683
core,lycos18,0,reptile-200,200,4,0.008733453028525379,0.952239177998726,0.9510406265379348,0.9596859696892227,60.0,True,sgd/eps0.1,0.9368507035315587,0.8722509057594741,0.08856349193955755,9468a046eb524d64a9da79a3b1eb1683
core,lycos18,0,finetune-1000,1000,0,0.008027577298206943,0.9376929065770565,0.9413479992451133,0.9649177325154552,303.0,True,sgd/eps0.1,0.9368507035315587,0.8722509057594741,0.08856349193955755,9468a046eb524d64a9da79a3b1eb1683
core,lycos18,0,reptile-1000,1000,0,0.01815352389755988,0.9953394694165182,0.9691681754736188,0.943934716519963,303.0,True,sgd/eps0.1,0.9368507035315587,0.8722509057594741,0.08856349193955755,9468a046eb524d64a9da79a3b1eb1683
core,lycos18,0,finetune-1000,1000,1,0.0443479574785793,0.9551702809242898,0.9003269055487396,0.9775895085802537,336.0,True,sgd/eps0.1,0.9368507035315587,0.8722509057594741,0.08856349193955755,9468a046eb524d64a9da79a3b1eb1683
core,lycos18,0,reptile-1000,1000,1,0.004630781811071212,0.9561180811353908,0.9603312989931008,0.975944287065921,336.0,True,sgd/eps0.1,0.9368507035315587,0.8722509057594741,0.08856349193955755,9468a046eb524d64a9da79a3b1eb1683
core,lycos18,0,finetune-1000,1000,2,0.008967510458515543,0.9258515584851198,0.9310876869134426,0.9739104370139919,330.0,True,sgd/eps0.1,0.9368507035315587,0.8722509057594741,0.08856349193955755,9468a046eb524d64a9da79a3b1eb1683
core,lycos18,0,reptile-1000,1000,2,0.01347533805003496,0.9583752611835809,0.9483005987341633,0.9678925056428697,330.0,True,sgd/eps0.1,0.9368507035315587,0.8722509057594741,0.08856349193955755,9468a046eb524d64a9da79a3b1eb1683
core,lycos18,0,finetune-1000,1000,3,0.00835199867268698,0.9504143548650154,0.9502788593242524,0.9782818701355837,307.0,True,sgd/eps0.1,0.9368507035315587,0.8722509057594741,0.08856349193955755,9468a046eb524d64a9da79a3b1eb1683
core,lycos18,0,reptile-1000,1000,3,0.01137548737274979,0.9944932192280352,0.9786065192801118,0.974822376155541,307.0,True,sgd/eps0.1,0.9368507035315587,0.8722509057594741,0.08856349193955755,9468a046eb524d64a9da79a3b1eb1683
core,lycos18,0,finetune-1000,1000,4,0.008449769497872744,0.9267055018571345,0.9325415777737117,0.9717965573690172,340.0,True,sgd/eps0.1,0.9368507035315587,0.8722509057594741,0.08856349193955755,9468a046eb524d64a9da79a3b1eb1683
core,lycos18,0,reptile-1000,1000,4,0.025453745511430297,0.9997384317599234,0.961882642441086,0.9651350023939033,340.0,True,sgd/eps0.1,0.9368507035315587,0.8722509057594741,0.08856349193955755,9468a046eb524d64a9da79a3b1eb1683
core,lycos18,1,pooled-none,0,0,0.03863132695749043,0.11722565338207734,0.15021113374273545,0.44113155409110105,,,sgd/eps0.1,0.9576820552097016,0.9036427296245535,0.08297593276362929,40a928a853244474b40ce9f2252dc68a
core,lycos18,1,pooled-adabn,0,0,0.07540574892452093,0.9248622150829479,0.8333331294031182,0.7400380524562088,,,sgd/eps0.1,0.9576820552097016,0.9036427296245535,0.08297593276362929,40a928a853244474b40ce9f2252dc68a
core,lycos18,1,reptile-adabn,0,0,0.10627022078429978,0.996550376504402,0.8527476767392864,0.9219070383053273,,,sgd/eps0.1,0.9576820552097016,0.9036427296245535,0.08297593276362929,40a928a853244474b40ce9f2252dc68a
core,lycos18,1,finetune-50,50,0,0.007310591246844669,0.8045669814717368,0.8446712598057371,0.9442127981945381,16.0,True,sgd/eps0.1,0.9576820552097016,0.9036427296245535,0.08297593276362929,40a928a853244474b40ce9f2252dc68a
core,lycos18,1,reptile-50,50,0,0.009305264218248184,0.9465216039979936,0.9458974376294649,0.9886067249512432,16.0,True,sgd/eps0.1,0.9576820552097016,0.9036427296245535,0.08297593276362929,40a928a853244474b40ce9f2252dc68a
core,lycos18,1,finetune-50,50,1,0.05252959789526078,0.9249483787385026,0.8650499047661044,0.7681382993862056,15.0,True,sgd/eps0.1,0.9576820552097016,0.9036427296245535,0.08297593276362929,40a928a853244474b40ce9f2252dc68a
core,lycos18,1,reptile-50,50,1,0.04888541259288228,0.9278425543831144,0.8725124299970256,0.9356878508824703,15.0,True,sgd/eps0.1,0.9576820552097016,0.9036427296245535,0.08297593276362929,40a928a853244474b40ce9f2252dc68a
core,lycos18,1,finetune-50,50,2,0.08024021995472914,0.9984798269341433,0.8866509646135907,0.9347212195855864,18.0,True,sgd/eps0.1,0.9576820552097016,0.9036427296245535,0.08297593276362929,40a928a853244474b40ce9f2252dc68a
core,lycos18,1,reptile-50,50,2,0.05684336521254785,0.9746401898062241,0.8982707462063043,0.9568717120960439,18.0,True,sgd/eps0.1,0.9576820552097016,0.9036427296245535,0.08297593276362929,40a928a853244474b40ce9f2252dc68a
core,lycos18,1,finetune-50,50,3,0.009559320226117255,0.9368866609429382,0.9383392992907564,0.969998079450498,24.0,True,sgd/eps0.1,0.9576820552097016,0.9036427296245535,0.08297593276362929,40a928a853244474b40ce9f2252dc68a
core,lycos18,1,reptile-50,50,3,0.004156000758464584,0.8262155999298382,0.8659394842908559,0.9849748610011513,24.0,True,sgd/eps0.1,0.9576820552097016,0.9036427296245535,0.08297593276362929,40a928a853244474b40ce9f2252dc68a
core,lycos18,1,finetune-50,50,4,0.011371783932401845,0.9440151648033777,0.940810930602627,0.9748125763649251,10.0,True,sgd/eps0.1,0.9576820552097016,0.9036427296245535,0.08297593276362929,40a928a853244474b40ce9f2252dc68a
core,lycos18,1,reptile-50,50,4,0.009730419170192342,0.9624464939085373,0.9570989184681873,0.9882356533800741,10.0,True,sgd/eps0.1,0.9576820552097016,0.9036427296245535,0.08297593276362929,40a928a853244474b40ce9f2252dc68a
core,lycos18,1,finetune-200,200,0,0.04599524774534552,0.9567504608216936,0.8992268842994937,0.9702157437474455,63.0,True,sgd/eps0.1,0.9576820552097016,0.9036427296245535,0.08297593276362929,40a928a853244474b40ce9f2252dc68a
core,lycos18,1,reptile-200,200,0,0.014257504651521077,0.9788760566587581,0.9625177669022001,0.9855743918273976,63.0,True,sgd/eps0.1,0.9576820552097016,0.9036427296245535,0.08297593276362929,40a928a853244474b40ce9f2252dc68a
core,lycos18,1,finetune-200,200,1,0.008175714912124767,0.9384099112822075,0.941646028326428,0.9864005626854994,63.0,True,sgd/eps0.1,0.9576820552097016,0.9036427296245535,0.08297593276362929,40a928a853244474b40ce9f2252dc68a
core,lycos18,1,reptile-200,200,1,0.009763750133323852,0.9661269129100851,0.959794417497059,0.9907732609059187,63.0,True,sgd/eps0.1,0.9576820552097016,0.9036427296245535,0.08297593276362929,40a928a853244474b40ce9f2252dc68a
core,lycos18,1,finetune-200,200,2,0.08228081558644719,0.9988798724777898,0.8843836282699252,0.9732304394925246,67.0,True,sgd/eps0.1,0.9576820552097016,0.9036427296245535,0.08297593276362929,40a928a853244474b40ce9f2252dc68a
core,lycos18,1,reptile-200,200,2,0.010263714580296512,0.9648052239793453,0.9580388734358355,0.99031087043441,67.0,True,sgd/eps0.1,0.9576820552097016,0.9036427296245535,0.08297593276362929,40a928a853244474b40ce9f2252dc68a
core,lycos18,1,finetune-200,200,3,0.01202729287398822,0.9963395832756344,0.9790203632966542,0.9882417965859108,60.0,True,sgd/eps0.1,0.9576820552097016,0.9036427296245535,0.08297593276362929,40a928a853244474b40ce9f2252dc68a
core,lycos18,1,reptile-200,200,3,0.0071846742750145175,0.9599862138151113,0.9592085648037988,0.9927161695950377,60.0,True,sgd/eps0.1,0.9576820552097016,0.9036427296245535,0.08297593276362929,40a928a853244474b40ce9f2252dc68a
core,lycos18,1,finetune-200,200,4,0.008674938671027838,0.9576936451226755,0.9551894606981736,0.9870516506823709,62.0,True,sgd/eps0.1,0.9576820552097016,0.9036427296245535,0.08297593276362929,40a928a853244474b40ce9f2252dc68a
core,lycos18,1,reptile-200,200,4,0.009996326187174838,0.9668993085366642,0.9600138605359766,0.9906362801846897,62.0,True,sgd/eps0.1,0.9576820552097016,0.9036427296245535,0.08297593276362929,40a928a853244474b40ce9f2252dc68a
core,lycos18,1,finetune-1000,1000,0,0.008349035920408622,0.9389807455002569,0.9417964206883669,0.9587601956845156,337.0,True,sgd/eps0.1,0.9576820552097016,0.9036427296245535,0.08297593276362929,40a928a853244474b40ce9f2252dc68a
core,lycos18,1,reptile-1000,1000,0,0.00971486472073097,0.9611401913448608,0.9561484410526728,0.991103359510169,337.0,True,sgd/eps0.1,0.9576820552097016,0.9036427296245535,0.08297593276362929,40a928a853244474b40ce9f2252dc68a
core,lycos18,1,finetune-1000,1000,1,0.011614729619227077,0.9689764680902133,0.9590893192197695,0.9701895583220181,329.0,True,sgd/eps0.1,0.9576820552097016,0.9036427296245535,0.08297593276362929,40a928a853244474b40ce9f2252dc68a
core,lycos18,1,reptile-1000,1000,1,0.004830767589860277,0.9741016669590077,0.9733421394474113,0.9890015849442836,329.0,True,sgd/eps0.1,0.9576820552097016,0.9036427296245535,0.08297593276362929,40a928a853244474b40ce9f2252dc68a
core,lycos18,1,finetune-1000,1000,2,0.001533964992119079,0.9097312617128719,0.9312087211012767,0.977436941498168,330.0,True,sgd/eps0.1,0.9576820552097016,0.9036427296245535,0.08297593276362929,40a928a853244474b40ce9f2252dc68a
core,lycos18,1,reptile-1000,1000,2,0.0028553525082660788,0.9086665251120897,0.9282690128162879,0.9931403570675007,330.0,True,sgd/eps0.1,0.9576820552097016,0.9036427296245535,0.08297593276362929,40a928a853244474b40ce9f2252dc68a
core,lycos18,1,finetune-1000,1000,3,0.008457917066638225,0.9419733938940741,0.9438453774393003,0.9765580880553364,324.0,True,sgd/eps0.1,0.9576820552097016,0.9036427296245535,0.08297593276362929,40a928a853244474b40ce9f2252dc68a
core,lycos18,1,reptile-1000,1000,3,0.009665979308138088,0.9649175444589077,0.9590420728385658,0.9901867081718531,324.0,True,sgd/eps0.1,0.9576820552097016,0.9036427296245535,0.08297593276362929,40a928a853244474b40ce9f2252dc68a
core,lycos18,1,finetune-1000,1000,4,0.00946969696969697,0.9237605512012137,0.9287416594909667,0.9636454343822637,329.0,True,sgd/eps0.1,0.9576820552097016,0.9036427296245535,0.08297593276362929,40a928a853244474b40ce9f2252dc68a
core,lycos18,1,reptile-1000,1000,4,0.013266464014410827,0.93308468964159,0.9297054017687696,0.9734163097064893,329.0,True,sgd/eps0.1,0.9576820552097016,0.9036427296245535,0.08297593276362929,40a928a853244474b40ce9f2252dc68a
core,lycos18,2,pooled-none,0,0,0.03773287232907882,0.1138237276243757,0.14727136437843644,0.5298732345253692,,,adam/eps0.01,0.9365948807380393,0.9017777659852222,0.08247793441462947,648292a130814504bd89f0e3f14a3209
core,lycos18,2,pooled-adabn,0,0,0.00943562531849587,0.7970661275283648,0.8354773761788292,0.947341058058373,,,adam/eps0.01,0.9365948807380393,0.9017777659852222,0.08247793441462947,648292a130814504bd89f0e3f14a3209
core,lycos18,2,reptile-adabn,0,0,0.01661141133667532,0.9266285700218179,0.9196703282763445,0.9609542753097646,,,adam/eps0.01,0.9365948807380393,0.9017777659852222,0.08247793441462947,648292a130814504bd89f0e3f14a3209
core,lycos18,2,finetune-50,50,0,0.008118681930766404,0.7619713628936218,0.8120714441963669,0.9484978494322898,19.0,True,adam/eps0.01,0.9365948807380393,0.9017777659852222,0.08247793441462947,648292a130814504bd89f0e3f14a3209
core,lycos18,2,reptile-50,50,0,0.008323111837973003,0.7875511981364032,0.8304456679541661,0.946624532721939,19.0,True,adam/eps0.01,0.9365948807380393,0.9017777659852222,0.08247793441462947,648292a130814504bd89f0e3f14a3209
core,lycos18,2,finetune-50,50,1,0.007577979639966343,0.9496558069687934,0.9509252430158457,0.9917656696935248,19.0,True,adam/eps0.01,0.9365948807380393,0.9017777659852222,0.08247793441462947,648292a130814504bd89f0e3f14a3209
core,lycos18,2,reptile-50,50,1,0.002754618930801958,0.9339017057326526,0.9469345076670537,0.9915635310539735,19.0,True,adam/eps0.01,0.9365948807380393,0.9017777659852222,0.08247793441462947,648292a130814504bd89f0e3f14a3209
core,lycos18,2,finetune-50,50,2,0.0022583579241772437,0.8619227419737017,0.8951631645319513,0.9678403066147184,17.0,True,adam/eps0.01,0.9365948807380393,0.9017777659852222,0.08247793441462947,648292a130814504bd89f0e3f14a3209
core,lycos18,2,reptile-50,50,2,0.0032842109005581824,0.8695112982093346,0.8989591833127796,0.9623578450166271,17.0,True,adam/eps0.01,0.9365948807380393,0.9017777659852222,0.08247793441462947,648292a130814504bd89f0e3f14a3209
core,lycos18,2,finetune-50,50,3,0.0031968097083466657,0.8983468887227162,0.920159336088496,0.9737063166005386,21.0,True,adam/eps0.01,0.9365948807380393,0.9017777659852222,0.08247793441462947,648292a130814504bd89f0e3f14a3209
core,lycos18,2,reptile-50,50,3,0.009192679631670636,0.9232728033653061,0.9288198793934607,0.9846815170040448,21.0,True,adam/eps0.01,0.9365948807380393,0.9017777659852222,0.08247793441462947,648292a130814504bd89f0e3f14a3209
core,lycos18,2,finetune-50,50,4,0.007303925054218367,0.8817650009385684,0.9012487736660175,0.9599279297849502,16.0,True,adam/eps0.01,0.9365948807380393,0.9017777659852222,0.08247793441462947,648292a130814504bd89f0e3f14a3209
core,lycos18,2,reptile-50,50,4,0.008211267939465045,0.8950557448078704,0.9095468391639271,0.9703051888852542,16.0,True,adam/eps0.01,0.9365948807380393,0.9017777659852222,0.08247793441462947,648292a130814504bd89f0e3f14a3209
core,lycos18,2,finetune-200,200,0,0.008556428579893577,0.9169290042250964,0.9251380412847315,0.9629915040444738,67.0,True,adam/eps0.01,0.9365948807380393,0.9017777659852222,0.08247793441462947,648292a130814504bd89f0e3f14a3209
core,lycos18,2,reptile-200,200,0,0.008543096194640974,0.9118699667346745,0.9214197118302149,0.9669518062850498,67.0,True,adam/eps0.01,0.9365948807380393,0.9017777659852222,0.08247793441462947,648292a130814504bd89f0e3f14a3209
core,lycos18,2,finetune-200,200,1,0.008271263673101764,0.9281995180989836,0.9339308949256898,0.9951490484339001,49.0,True,adam/eps0.01,0.9365948807380393,0.9017777659852222,0.08247793441462947,648292a130814504bd89f0e3f14a3209
core,lycos18,2,reptile-200,200,1,0.009120832888920492,0.918929231943329,0.9257174084093222,0.9952193713603241,49.0,True,adam/eps0.01,0.9365948807380393,0.9017777659852222,0.08247793441462947,648292a130814504bd89f0e3f14a3209
core,lycos18,2,finetune-200,200,2,0.06345919105011792,0.9716029209479233,0.886896087793501,0.9821946985148804,66.0,True,adam/eps0.01,0.9365948807380393,0.9017777659852222,0.08247793441462947,648292a130814504bd89f0e3f14a3209
core,lycos18,2,reptile-200,200,2,0.013690137590215807,0.994274732815736,0.9749794779025209,0.9822055273795443,66.0,True,adam/eps0.01,0.9365948807380393,0.9017777659852222,0.08247793441462947,648292a130814504bd89f0e3f14a3209
core,lycos18,2,finetune-200,200,3,0.003987123878598262,0.9223542372516256,0.93647007197266,0.9822904126659694,61.0,True,adam/eps0.01,0.9365948807380393,0.9017777659852222,0.08247793441462947,648292a130814504bd89f0e3f14a3209
core,lycos18,2,reptile-200,200,3,0.010199274718242259,0.9643744057015722,0.957816152921524,0.9832828832853474,61.0,True,adam/eps0.01,0.9365948807380393,0.9017777659852222,0.08247793441462947,648292a130814504bd89f0e3f14a3209
core,lycos18,2,finetune-200,200,4,0.007743893767554307,0.8648323039853768,0.8880828500115596,0.9833811177420604,58.0,True,adam/eps0.01,0.9365948807380393,0.9017777659852222,0.08247793441462947,648292a130814504bd89f0e3f14a3209
core,lycos18,2,reptile-200,200,4,0.008357924177243693,0.9264762449878909,0.9325176715918387,0.9792574708248886,58.0,True,adam/eps0.01,0.9365948807380393,0.9017777659852222,0.08247793441462947,648292a130814504bd89f0e3f14a3209
core,lycos18,2,finetune-1000,1000,0,0.00451449378414572,0.9534285441727212,0.9585258128382271,0.9777770683708419,366.0,True,adam/eps0.01,0.9365948807380393,0.9017777659852222,0.08247793441462947,648292a130814504bd89f0e3f14a3209
core,lycos18,2,reptile-1000,1000,0,0.005713667768810514,0.9830473007696261,0.9786306217709618,0.9858980087765052,366.0,True,adam/eps0.01,0.9365948807380393,0.9017777659852222,0.08247793441462947,648292a130814504bd89f0e3f14a3209
core,lycos18,2,finetune-1000,1000,1,0.007452062668136192,0.9450845173142789,0.9477322589920213,0.9943086600610295,317.0,True,adam/eps0.01,0.9365948807380393,0.9017777659852222,0.08247793441462947,648292a130814504bd89f0e3f14a3209
core,lycos18,2,reptile-1000,1000,1,0.01003558265486306,0.9366312472496869,0.9374017518376022,0.9954463369951351,317.0,True,adam/eps0.01,0.9365948807380393,0.9017777659852222,0.08247793441462947,648292a130814504bd89f0e3f14a3209
core,lycos18,2,finetune-1000,1000,2,0.0026635142982424954,0.9406624754202786,0.9520487474636502,0.9860625678921694,310.0,True,adam/eps0.01,0.9365948807380393,0.9017777659852222,0.08247793441462947,648292a130814504bd89f0e3f14a3209
core,lycos18,2,reptile-1000,1000,2,0.0036671466325357603,0.9469939654668378,0.9551142219931347,0.9929432700846059,310.0,True,adam/eps0.01,0.9365948807380393,0.9017777659852222,0.08247793441462947,648292a130814504bd89f0e3f14a3209
core,lycos18,2,finetune-1000,1000,3,0.0042937687394081605,0.9578798201641417,0.9621628818043659,0.9769110566487506,344.0,True,adam/eps0.01,0.9365948807380393,0.9017777659852222,0.08247793441462947,648292a130814504bd89f0e3f14a3209
core,lycos18,2,reptile-1000,1000,3,0.006596567947760752,0.978311376987534,0.9737481957433093,0.9784701402259752,344.0,True,adam/eps0.01,0.9365948807380393,0.9017777659852222,0.08247793441462947,648292a130814504bd89f0e3f14a3209
core,lycos18,2,finetune-1000,1000,4,0.002478342280845214,0.9351972378393848,0.9483290223147925,0.9950472639715392,306.0,True,adam/eps0.01,0.9365948807380393,0.9017777659852222,0.08247793441462947,648292a130814504bd89f0e3f14a3209
core,lycos18,2,reptile-1000,1000,4,0.008242376838387789,0.9371836178272603,0.9406319251496839,0.9961084674698484,306.0,True,adam/eps0.01,0.9365948807380393,0.9017777659852222,0.08247793441462947,648292a130814504bd89f0e3f14a3209
core,nf_unsw_v2,0,pooled-none,0,0,0.013561653754253855,0.3640226628895184,0.437650822430467,0.33096583690558234,,,sgd/eps0.1,0.9453463639285374,0.8889443169844826,0.07318811460179273,1c7142b1d59f4631befd86ef5e0f8f34
core,nf_unsw_v2,0,pooled-adabn,0,0,0.02624719426544059,0.6477337110481587,0.5791309412208917,0.4758212835967866,,,sgd/eps0.1,0.9453463639285374,0.8889443169844826,0.07318811460179273,1c7142b1d59f4631befd86ef5e0f8f34
core,nf_unsw_v2,0,reptile-adabn,0,0,0.25431178046484687,0.8310198300283286,0.2755749838869123,0.277682950654346,,,sgd/eps0.1,0.9453463639285374,0.8889443169844826,0.07318811460179273,1c7142b1d59f4631befd86ef5e0f8f34
core,nf_unsw_v2,0,finetune-50,50,0,0.04038085583954819,0.8389518413597734,0.6360079523202548,0.5245017773968988,4.0,False,sgd/eps0.1,0.9453463639285374,0.8889443169844826,0.07318811460179273,1c7142b1d59f4631befd86ef5e0f8f34
core,nf_unsw_v2,0,reptile-50,50,0,0.09390341032510317,0.8390934844192635,0.47639740209472414,0.5246555612143117,4.0,False,sgd/eps0.1,0.9453463639285374,0.8889443169844826,0.07318811460179273,1c7142b1d59f4631befd86ef5e0f8f34
core,nf_unsw_v2,0,finetune-50,50,1,0.024791832597205125,0.693484419263456,0.6188100489291283,0.5433729220379246,3.0,False,sgd/eps0.1,0.9453463639285374,0.8889443169844826,0.07318811460179273,1c7142b1d59f4631befd86ef5e0f8f34
core,nf_unsw_v2,0,reptile-50,50,1,0.12439359930490189,0.8511331444759207,0.42668423889271573,0.4390599519872799,3.0,False,sgd/eps0.1,0.9453463639285374,0.8889443169844826,0.07318811460179273,1c7142b1d59f4631befd86ef5e0f8f34
core,nf_unsw_v2,0,finetune-50,50,2,0.02304684671638549,0.6001416430594901,0.5636562345503886,0.5531653643567491,1.0,False,sgd/eps0.1,0.9453463639285374,0.8889443169844826,0.07318811460179273,1c7142b1d59f4631befd86ef5e0f8f34
core,nf_unsw_v2,0,reptile-50,50,2,0.2246035768590254,0.9243626062322946,0.3437375852802509,0.4584546690796292,1.0,False,sgd/eps0.1,0.9453463639285374,0.8889443169844826,0.07318811460179273,1c7142b1d59f4631befd86ef5e0f8f34
core,nf_unsw_v2,0,finetune-50,50,3,0.019607559191948447,0.5495750708215298,0.5476889169147969,0.5142796393290566,2.0,False,sgd/eps0.1,0.9453463639285374,0.8889443169844826,0.07318811460179273,1c7142b1d59f4631befd86ef5e0f8f34
core,nf_unsw_v2,0,reptile-50,50,3,0.07231192527695315,0.8422096317280453,0.5297924035878719,0.5080304358344323,2.0,False,sgd/eps0.1,0.9453463639285374,0.8889443169844826,0.07318811460179273,1c7142b1d59f4631befd86ef5e0f8f34
core,nf_unsw_v2,0,finetune-50,50,4,0.038961697197885746,0.7835694050991502,0.6074379117268721,0.5108599982499099,3.0,False,sgd/eps0.1,0.9453463639285374,0.8889443169844826,0.07318811460179273,1c7142b1d59f4631befd86ef5e0f8f34
core,nf_unsw_v2,0,reptile-50,50,4,0.10456882195351531,0.8715297450424929,0.4728156076288487,0.4550066953529902,3.0,False,sgd/eps0.1,0.9453463639285374,0.8889443169844826,0.07318811460179273,1c7142b1d59f4631befd86ef5e0f8f34
core,nf_unsw_v2,0,finetune-200,200,0,0.015712113532691332,0.4492917847025496,0.4953758266339109,0.5915101478063395,7.0,True,sgd/eps0.1,0.9453463639285374,0.8889443169844826,0.07318811460179273,1c7142b1d59f4631befd86ef5e0f8f34
core,nf_unsw_v2,0,reptile-200,200,0,0.05658533053363261,0.8240793201133144,0.5659397682541736,0.5487216445407368,7.0,True,sgd/eps0.1,0.9453463639285374,0.8889443169844826,0.07318811460179273,1c7142b1d59f4631befd86ef5e0f8f34
core,nf_unsw_v2,0,finetune-200,200,1,0.04138005937296358,0.838385269121813,0.6314113177521387,0.5676344431204842,9.0,True,sgd/eps0.1,0.9453463639285374,0.8889443169844826,0.07318811460179273,1c7142b1d59f4631befd86ef5e0f8f34
core,nf_unsw_v2,0,reptile-200,200,1,0.05007602635580335,0.8018413597733711,0.5748418510899328,0.48584850427894294,9.0,True,sgd/eps0.1,0.9453463639285374,0.8889443169844826,0.07318811460179273,1c7142b1d59f4631befd86ef5e0f8f34
core,nf_unsw_v2,0,finetune-200,200,2,0.021873868655419595,0.7082152974504249,0.6461666609483592,0.5631584362228136,9.0,True,sgd/eps0.1,0.9453463639285374,0.8889443169844826,0.07318811460179273,1c7142b1d59f4631befd86ef5e0f8f34
core,nf_unsw_v2,0,reptile-200,200,2,0.04297299254217653,0.7728045325779037,0.5837980530326669,0.5057404370397797,9.0,True,sgd/eps0.1,0.9453463639285374,0.8889443169844826,0.07318811460179273,1c7142b1d59f4631befd86ef5e0f8f34
core,nf_unsw_v2,0,finetune-200,200,3,0.02698573600753023,0.746600566572238,0.6419454364548919,0.6018487959190976,11.0,True,sgd/eps0.1,0.9453463639285374,0.8889443169844826,0.07318811460179273,1c7142b1d59f4631befd86ef5e0f8f34
core,nf_unsw_v2,0,reptile-200,200,3,0.04535515169068134,0.7885269121813031,0.5842716147665991,0.5335315852031343,11.0,True,sgd/eps0.1,0.9453463639285374,0.8889443169844826,0.07318811460179273,1c7142b1d59f4631befd86ef5e0f8f34
core,nf_unsw_v2,0,finetune-200,200,4,0.016841647961769603,0.5828611898016998,0.5912702953740391,0.5874500816882798,6.0,True,sgd/eps0.1,0.9453463639285374,0.8889443169844826,0.07318811460179273,1c7142b1d59f4631befd86ef5e0f8f34
core,nf_unsw_v2,0,reptile-200,200,4,0.02427774961986822,0.5970254957507082,0.5542112880661412,0.5451961129681793,6.0,True,sgd/eps0.1,0.9453463639285374,0.8889443169844826,0.07318811460179273,1c7142b1d59f4631befd86ef5e0f8f34
core,nf_unsw_v2,0,finetune-1000,1000,0,0.19892839041343857,0.944900849858357,0.37832388236033915,0.6291825248440142,39.0,True,sgd/eps0.1,0.9453463639285374,0.8889443169844826,0.07318811460179273,1c7142b1d59f4631befd86ef5e0f8f34
core,nf_unsw_v2,0,reptile-1000,1000,0,0.9995366012598653,0.9912181303116148,-0.06076076885811951,0.540934531342637,39.0,True,sgd/eps0.1,0.9453463639285374,0.8889443169844826,0.07318811460179273,1c7142b1d59f4631befd86ef5e0f8f34
core,nf_unsw_v2,0,finetune-1000,1000,1,0.05744696256607052,0.9426345609065155,0.6332824849789712,0.6299628100727421,54.0,True,sgd/eps0.1,0.9453463639285374,0.8889443169844826,0.07318811460179273,1c7142b1d59f4631befd86ef5e0f8f34
core,nf_unsw_v2,0,reptile-1000,1000,1,0.11962928100789226,0.9436260623229462,0.4838282794387181,0.5627959447846083,54.0,True,sgd/eps0.1,0.9453463639285374,0.8889443169844826,0.07318811460179273,1c7142b1d59f4631befd86ef5e0f8f34
core,nf_unsw_v2,0,finetune-1000,1000,2,0.04321193251755847,0.873371104815864,0.6451930779447849,0.6232262311846513,53.0,True,sgd/eps0.1,0.9453463639285374,0.8889443169844826,0.07318811460179273,1c7142b1d59f4631befd86ef5e0f8f34
core,nf_unsw_v2,0,reptile-1000,1000,2,0.06429657519368619,0.8912181303116147,0.5814193395278339,0.5924787716344958,53.0,True,sgd/eps0.1,0.9453463639285374,0.8889443169844826,0.07318811460179273,1c7142b1d59f4631befd86ef5e0f8f34
core,nf_unsw_v2,0,finetune-1000,1000,3,0.06772862211280863,0.9473087818696884,0.6034633086139899,0.5894225992861967,58.0,True,sgd/eps0.1,0.9453463639285374,0.8889443169844826,0.07318811460179273,1c7142b1d59f4631befd86ef5e0f8f34
core,nf_unsw_v2,0,reptile-1000,1000,3,0.07389037723553689,0.8811614730878187,0.5481569284087036,0.5278245637296625,58.0,True,sgd/eps0.1,0.9453463639285374,0.8889443169844826,0.07318811460179273,1c7142b1d59f4631befd86ef5e0f8f34
core,nf_unsw_v2,0,finetune-1000,1000,4,0.2158352038230396,0.9599150141643059,0.3686328643014758,0.6055122854166258,56.0,True,sgd/eps0.1,0.9453463639285374,0.8889443169844826,0.07318811460179273,1c7142b1d59f4631befd86ef5e0f8f34
core,nf_unsw_v2,0,reptile-1000,1000,4,0.565216132068641,0.9014164305949008,0.14659636704618081,0.4970093584688882,56.0,True,sgd/eps0.1,0.9453463639285374,0.8889443169844826,0.07318811460179273,1c7142b1d59f4631befd86ef5e0f8f34
core,nf_unsw_v2,1,pooled-none,0,0,0.01149808123959163,0.3460339943342776,0.4379532394168578,0.38976196186484163,,,sgd/eps0.1,0.9098411855735792,0.8588351789472417,0.08044640046200073,1f467b01b6514393b1ee7290be1be0a7
core,nf_unsw_v2,1,pooled-adabn,0,0,0.013156179856636014,0.5028328611898017,0.5582134458066227,0.6091675567999693,,,sgd/eps0.1,0.9098411855735792,0.8588351789472417,0.08044640046200073,1f467b01b6514393b1ee7290be1be0a7
core,nf_unsw_v2,1,reptile-adabn,0,0,0.1425675186445587,0.6770538243626062,0.3071007491637664,0.26654623711872777,,,sgd/eps0.1,0.9098411855735792,0.8588351789472417,0.08044640046200073,1f467b01b6514393b1ee7290be1be0a7
core,nf_unsw_v2,1,finetune-50,50,0,0.01257693143146767,0.4709631728045326,0.5374696551311158,0.6025494242846505,0.0,False,sgd/eps0.1,0.9098411855735792,0.8588351789472417,0.08044640046200073,1f467b01b6514393b1ee7290be1be0a7
core,nf_unsw_v2,1,reptile-50,50,0,0.041553833900514085,0.6070821529745043,0.4797633722580898,0.49492801357578015,0.0,False,sgd/eps0.1,0.9098411855735792,0.8588351789472417,0.08044640046200073,1f467b01b6514393b1ee7290be1be0a7
core,nf_unsw_v2,1,finetune-50,50,1,0.013380638621388748,0.610056657223796,0.6369548307196812,0.6393236708173583,3.0,False,sgd/eps0.1,0.9098411855735792,0.8588351789472417,0.08044640046200073,1f467b01b6514393b1ee7290be1be0a7
core,nf_unsw_v2,1,reptile-50,50,1,0.060669031931069435,0.8164305949008499,0.5482120081938239,0.4738062737065119,3.0,False,sgd/eps0.1,0.9098411855735792,0.8588351789472417,0.08044640046200073,1f467b01b6514393b1ee7290be1be0a7
core,nf_unsw_v2,1,finetune-50,50,2,0.019086235609296936,0.7620396600566572,0.6996702509767309,0.6927273403437617,3.0,False,sgd/eps0.1,0.9098411855735792,0.8588351789472417,0.08044640046200073,1f467b01b6514393b1ee7290be1be0a7
core,nf_unsw_v2,1,reptile-50,50,2,0.0745637535297951,0.7711048158640227,0.48185632378906446,0.49216924285952596,3.0,False,sgd/eps0.1,0.9098411855735792,0.8588351789472417,0.08044640046200073,1f467b01b6514393b1ee7290be1be0a7
core,nf_unsw_v2,1,finetune-50,50,3,0.018760408370139744,0.6644475920679886,0.6362803419463547,0.6902114313240622,4.0,False,sgd/eps0.1,0.9098411855735792,0.8588351789472417,0.08044640046200073,1f467b01b6514393b1ee7290be1be0a7
core,nf_unsw_v2,1,reptile-50,50,3,0.050213597856780826,0.8154390934844192,0.5827300729054354,0.4435730458936036,4.0,False,sgd/eps0.1,0.9098411855735792,0.8588351789472417,0.08044640046200073,1f467b01b6514393b1ee7290be1be0a7
core,nf_unsw_v2,1,finetune-50,50,4,0.010759539497501991,0.36883852691218133,0.4654782258948784,0.5398178963761961,1.0,False,sgd/eps0.1,0.9098411855735792,0.8588351789472417,0.08044640046200073,1f467b01b6514393b1ee7290be1be0a7
core,nf_unsw_v2,1,reptile-50,50,4,0.09944971399609007,0.6635977337110481,0.3645769305816944,0.34250457788153454,1.0,False,sgd/eps0.1,0.9098411855735792,0.8588351789472417,0.08044640046200073,1f467b01b6514393b1ee7290be1be0a7
core,nf_unsw_v2,1,finetune-200,200,0,0.0056838751719643765,0.44872521246458924,0.5855341975716836,0.66058806652455,8.0,True,sgd/eps0.1,0.9098411855735792,0.8588351789472417,0.08044640046200073,1f467b01b6514393b1ee7290be1be0a7
core,nf_unsw_v2,1,reptile-200,200,0,0.01294620230251249,0.4603399433427762,0.5257836481873909,0.5636843126964096,8.0,True,sgd/eps0.1,0.9098411855735792,0.8588351789472417,0.08044640046200073,1f467b01b6514393b1ee7290be1be0a7
core,nf_unsw_v2,1,finetune-200,200,1,0.017348490333791905,0.6725212464589235,0.6515077242364088,0.6507848167861239,9.0,True,sgd/eps0.1,0.9098411855735792,0.8588351789472417,0.08044640046200073,1f467b01b6514393b1ee7290be1be0a7
core,nf_unsw_v2,1,reptile-200,200,1,0.025964810658171023,0.6447592067988669,0.5786173397534485,0.5809936955165267,9.0,True,sgd/eps0.1,0.9098411855735792,0.8588351789472417,0.08044640046200073,1f467b01b6514393b1ee7290be1be0a7
core,nf_unsw_v2,1,finetune-200,200,2,0.04557236985011947,0.8917847025495751,0.6467588664793177,0.7113512409141274,10.0,True,sgd/eps0.1,0.9098411855735792,0.8588351789472417,0.08044640046200073,1f467b01b6514393b1ee7290be1be0a7
core,nf_unsw_v2,1,reptile-200,200,2,0.04458040692201868,0.7944759206798867,0.5910399278230033,0.6114621387418859,10.0,True,sgd/eps0.1,0.9098411855735792,0.8588351789472417,0.08044640046200073,1f467b01b6514393b1ee7290be1be0a7
core,nf_unsw_v2,1,finetune-200,200,3,0.05974223445080009,0.8640226628895185,0.5796234119692902,0.6823510285730203,10.0,True,sgd/eps0.1,0.9098411855735792,0.8588351789472417,0.08044640046200073,1f467b01b6514393b1ee7290be1be0a7
core,nf_unsw_v2,1,reptile-200,200,3,0.05193686192165665,0.8186968838526912,0.578556186860333,0.5130391940297612,10.0,True,sgd/eps0.1,0.9098411855735792,0.8588351789472417,0.08044640046200073,1f467b01b6514393b1ee7290be1be0a7
core,nf_unsw_v2,1,finetune-200,200,4,0.024654261096227644,0.7475920679886685,0.6557454803093155,0.6862638917795629,18.0,True,sgd/eps0.1,0.9098411855735792,0.8588351789472417,0.08044640046200073,1f467b01b6514393b1ee7290be1be0a7
core,nf_unsw_v2,1,reptile-200,200,4,0.037701831873144596,0.7944759206798867,0.6199012716992239,0.5669458780467629,18.0,True,sgd/eps0.1,0.9098411855735792,0.8588351789472417,0.08044640046200073,1f467b01b6514393b1ee7290be1be0a7
core,nf_unsw_v2,1,finetune-1000,1000,0,0.06037216711317066,0.8868271954674221,0.5910840224433538,0.7569878673195247,48.0,True,sgd/eps0.1,0.9098411855735792,0.8588351789472417,0.08044640046200073,1f467b01b6514393b1ee7290be1be0a7
core,nf_unsw_v2,1,reptile-1000,1000,0,0.06568677141409021,0.8794617563739376,0.5703706563198805,0.5327146724647461,48.0,True,sgd/eps0.1,0.9098411855735792,0.8588351789472417,0.08044640046200073,1f467b01b6514393b1ee7290be1be0a7
core,nf_unsw_v2,1,finetune-1000,1000,1,0.41782637028455577,0.9291784702549575,0.22144165826515577,0.6747673434407325,45.0,True,sgd/eps0.1,0.9098411855735792,0.8588351789472417,0.08044640046200073,1f467b01b6514393b1ee7290be1be0a7
core,nf_unsw_v2,1,reptile-1000,1000,1,0.23156903917167476,0.9478753541076487,0.34852785916983103,0.6050422290496725,45.0,True,sgd/eps0.1,0.9098411855735792,0.8588351789472417,0.08044640046200073,1f467b01b6514393b1ee7290be1be0a7
core,nf_unsw_v2,1,finetune-1000,1000,2,0.07260154948953733,0.9463172804532578,0.5888917841882129,0.7177867221676678,48.0,True,sgd/eps0.1,0.9098411855735792,0.8588351789472417,0.08044640046200073,1f467b01b6514393b1ee7290be1be0a7
core,nf_unsw_v2,1,reptile-1000,1000,2,0.06137137064658606,0.9179886685552407,0.6061112345140923,0.6324058870850796,48.0,True,sgd/eps0.1,0.9098411855735792,0.8588351789472417,0.08044640046200073,1f467b01b6514393b1ee7290be1be0a7
core,nf_unsw_v2,1,finetune-1000,1000,3,0.3011802186662805,0.9735127478753541,0.30665604121596385,0.7502022916797763,59.0,True,sgd/eps0.1,0.9098411855735792,0.8588351789472417,0.08044640046200073,1f467b01b6514393b1ee7290be1be0a7
core,nf_unsw_v2,1,reptile-1000,1000,3,0.2567084208239809,0.9592067988668556,0.33271298273339334,0.5955469270512233,59.0,True,sgd/eps0.1,0.9098411855735792,0.8588351789472417,0.08044640046200073,1f467b01b6514393b1ee7290be1be0a7
core,nf_unsw_v2,1,finetune-1000,1000,4,0.2840199840706683,0.9464589235127479,0.3064256169457121,0.6950250148048636,58.0,True,sgd/eps0.1,0.9098411855735792,0.8588351789472417,0.08044640046200073,1f467b01b6514393b1ee7290be1be0a7
core,nf_unsw_v2,1,reptile-1000,1000,4,0.49924697704728116,0.9487252124645892,0.19353698868722316,0.6048346355542598,58.0,True,sgd/eps0.1,0.9098411855735792,0.8588351789472417,0.08044640046200073,1f467b01b6514393b1ee7290be1be0a7
core,nf_unsw_v2,2,pooled-none,0,0,0.016653392223589893,0.42308781869688383,0.46667901891931607,0.3824116866922587,,,sgd/eps0.1,0.9238551496713537,0.884502581912016,0.08184189175337264,53090085e71844a693aa527e72b60c92
core,nf_unsw_v2,2,pooled-adabn,0,0,0.015147346318152198,0.3881019830028329,0.4472185608003413,0.32626149113130665,,,sgd/eps0.1,0.9238551496713537,0.884502581912016,0.08184189175337264,53090085e71844a693aa527e72b60c92
core,nf_unsw_v2,2,reptile-adabn,0,0,0.20358409963072913,0.3603399433427762,0.08260868034794645,0.1633053532356965,,,sgd/eps0.1,0.9238551496713537,0.884502581912016,0.08184189175337264,53090085e71844a693aa527e72b60c92
core,nf_unsw_v2,2,finetune-50,50,0,0.014481210629208601,0.38257790368271954,0.4472923371126299,0.39251893769299234,2.0,False,sgd/eps0.1,0.9238551496713537,0.884502581912016,0.08184189175337264,53090085e71844a693aa527e72b60c92
core,nf_unsw_v2,2,reptile-50,50,0,0.15767142133082326,0.5668555240793202,0.23031458563601237,0.3127532439412004,2.0,False,sgd/eps0.1,0.9238551496713537,0.884502581912016,0.08184189175337264,53090085e71844a693aa527e72b60c92
core,nf_unsw_v2,2,finetune-50,50,1,0.009340380855839547,0.369971671388102,0.47963712190248436,0.40958161269072424,1.0,False,sgd/eps0.1,0.9238551496713537,0.884502581912016,0.08184189175337264,53090085e71844a693aa527e72b60c92
core,nf_unsw_v2,2,reptile-50,50,1,0.16565056838751718,0.415014164305949,0.14029356350206862,0.2397248112116534,1.0,False,sgd/eps0.1,0.9238551496713537,0.884502581912016,0.08184189175337264,53090085e71844a693aa527e72b60c92
core,nf_unsw_v2,2,finetune-50,50,2,0.013554413148939251,0.4192634560906516,0.4864951295443412,0.4662434258062347,3.0,False,sgd/eps0.1,0.9238551496713537,0.884502581912016,0.08184189175337264,53090085e71844a693aa527e72b60c92
core,nf_unsw_v2,2,reptile-50,50,2,0.050257041488668455,0.5385269121813031,0.40120727410052676,0.36366671806884066,3.0,False,sgd/eps0.1,0.9238551496713537,0.884502581912016,0.08184189175337264,53090085e71844a693aa527e72b60c92
core,nf_unsw_v2,2,finetune-50,50,3,0.013510969517051625,0.48810198300283286,0.5437030055160433,0.5622344273353539,4.0,False,sgd/eps0.1,0.9238551496713537,0.884502581912016,0.08184189175337264,53090085e71844a693aa527e72b60c92
core,nf_unsw_v2,2,reptile-50,50,3,0.0668525088697415,0.7560906515580736,0.49336644836732835,0.4665843943279804,4.0,False,sgd/eps0.1,0.9238551496713537,0.884502581912016,0.08184189175337264,53090085e71844a693aa527e72b60c92
core,nf_unsw_v2,2,finetune-50,50,4,0.01237419448265875,0.43257790368271953,0.5073879209138256,0.505913213812436,4.0,False,sgd/eps0.1,0.9238551496713537,0.884502581912016,0.08184189175337264,53090085e71844a693aa527e72b60c92
core,nf_unsw_v2,2,reptile-50,50,4,0.10348273115632467,0.6757790368271954,0.3644774253117098,0.3020619499976283,4.0,False,sgd/eps0.1,0.9238551496713537,0.884502581912016,0.08184189175337264,53090085e71844a693aa527e72b60c92
core,nf_unsw_v2,2,finetune-200,200,0,0.029773369053652885,0.7203966005665723,0.6097961119817589,0.5750350088617983,9.0,True,sgd/eps0.1,0.9238551496713537,0.884502581912016,0.08184189175337264,53090085e71844a693aa527e72b60c92
core,nf_unsw_v2,2,reptile-200,200,0,0.062269205705596985,0.8508498583569405,0.5638589210732906,0.4559067799348377,9.0,True,sgd/eps0.1,0.9238551496713537,0.884502581912016,0.08184189175337264,53090085e71844a693aa527e72b60c92
core,nf_unsw_v2,2,finetune-200,200,1,0.04708565636087177,0.7899433427762039,0.5785146414927353,0.6103671996237536,13.0,True,sgd/eps0.1,0.9238551496713537,0.884502581912016,0.08184189175337264,53090085e71844a693aa527e72b60c92
core,nf_unsw_v2,2,reptile-200,200,1,0.05922815147346318,0.8262039660056657,0.5586441873237901,0.511344663026443,13.0,True,sgd/eps0.1,0.9238551496713537,0.884502581912016,0.08184189175337264,53090085e71844a693aa527e72b60c92
core,nf_unsw_v2,2,finetune-200,200,2,0.0382159148504815,0.8022662889518414,0.622539612506211,0.6435689050811267,8.0,True,sgd/eps0.1,0.9238551496713537,0.884502581912016,0.08184189175337264,53090085e71844a693aa527e72b60c92
core,nf_unsw_v2,2,reptile-200,200,2,0.018427340525667947,0.5644475920679887,0.566660314577108,0.5751804183737743,8.0,True,sgd/eps0.1,0.9238551496713537,0.884502581912016,0.08184189175337264,53090085e71844a693aa527e72b60c92
core,nf_unsw_v2,2,finetune-200,200,3,0.020802259068858155,0.7341359773371104,0.6702040332506582,0.6418616370854705,10.0,True,sgd/eps0.1,0.9238551496713537,0.884502581912016,0.08184189175337264,53090085e71844a693aa527e72b60c92
core,nf_unsw_v2,2,reptile-200,200,3,0.0525233509521396,0.7856940509915015,0.5561666217223108,0.5225993566340743,10.0,True,sgd/eps0.1,0.9238551496713537,0.884502581912016,0.08184189175337264,53090085e71844a693aa527e72b60c92
core,nf_unsw_v2,2,finetune-200,200,4,0.05718630077474477,0.8746458923512748,0.5942805088229729,0.6400671660562594,13.0,True,sgd/eps0.1,0.9238551496713537,0.884502581912016,0.08184189175337264,53090085e71844a693aa527e72b60c92
core,nf_unsw_v2,2,reptile-200,200,4,0.059720512634856275,0.8614730878186969,0.5781784676442658,0.5427764912520678,13.0,True,sgd/eps0.1,0.9238551496713537,0.884502581912016,0.08184189175337264,53090085e71844a693aa527e72b60c92
core,nf_unsw_v2,2,finetune-1000,1000,0,0.03276373904858446,0.8837110481586402,0.698588463928057,0.6759333430522615,41.0,True,sgd/eps0.1,0.9238551496713537,0.884502581912016,0.08184189175337264,53090085e71844a693aa527e72b60c92
core,nf_unsw_v2,2,reptile-1000,1000,0,0.06061834769386721,0.885127478753541,0.5892981388342236,0.5881401612601348,41.0,True,sgd/eps0.1,0.9238551496713537,0.884502581912016,0.08184189175337264,53090085e71844a693aa527e72b60c92
core,nf_unsw_v2,2,finetune-1000,1000,1,0.18729273767286944,0.9575070821529745,0.3968978080984733,0.6209630123160167,33.0,True,sgd/eps0.1,0.9238551496713537,0.884502581912016,0.08184189175337264,53090085e71844a693aa527e72b60c92
core,nf_unsw_v2,2,reptile-1000,1000,1,0.5196365216132068,0.9725212464589235,0.19550981085669306,0.571388550222246,33.0,True,sgd/eps0.1,0.9238551496713537,0.884502581912016,0.08184189175337264,53090085e71844a693aa527e72b60c92
core,nf_unsw_v2,2,finetune-1000,1000,2,0.05038013177901673,0.8905099150141643,0.6275838534309953,0.6143666286943555,60.0,True,sgd/eps0.1,0.9238551496713537,0.884502581912016,0.08184189175337264,53090085e71844a693aa527e72b60c92
core,nf_unsw_v2,2,reptile-1000,1000,2,0.07556295706321048,0.876628895184136,0.5410965407682732,0.5247714581270629,60.0,True,sgd/eps0.1,0.9238551496713537,0.884502581912016,0.08184189175337264,53090085e71844a693aa527e72b60c92
core,nf_unsw_v2,2,finetune-1000,1000,3,0.19892839041343857,0.9621813031161474,0.38661054375228776,0.6239770939630354,51.0,True,sgd/eps0.1,0.9238551496713537,0.884502581912016,0.08184189175337264,53090085e71844a693aa527e72b60c92
core,nf_unsw_v2,2,reptile-1000,1000,3,0.24795452899862427,0.9264872521246459,0.3247231005632286,0.5493830829726761,51.0,True,sgd/eps0.1,0.9238551496713537,0.884502581912016,0.08184189175337264,53090085e71844a693aa527e72b60c92
core,nf_unsw_v2,2,finetune-1000,1000,4,0.059220910868148575,0.8740793201133145,0.5872648966951222,0.5872173333690921,47.0,True,sgd/eps0.1,0.9238551496713537,0.884502581912016,0.08184189175337264,53090085e71844a693aa527e72b60c92
core,nf_unsw_v2,2,reptile-1000,1000,4,0.058808196365216135,0.8661473087818697,0.5838981565467777,0.5664469675498508,47.0,True,sgd/eps0.1,0.9238551496713537,0.884502581912016,0.08184189175337264,53090085e71844a693aa527e72b60c92
core,nf_cse_cic18_v2,0,pooled-none,0,0,0.15754658486440623,0.5772518492942863,0.4087043402531,0.5832306272963508,,,sgd/eps0.1,0.9378339094630908,0.877171903839695,0.052089097752762104,e58eb008d3474235b29c1b898aaf48f7
core,nf_cse_cic18_v2,0,pooled-adabn,0,0,0.02462878960937245,0.7190642100086841,0.753975513594305,0.8193322082123382,,,sgd/eps0.1,0.9378339094630908,0.877171903839695,0.052089097752762104,e58eb008d3474235b29c1b898aaf48f7
core,nf_cse_cic18_v2,0,reptile-adabn,0,0,0.0715628365368926,0.7147221611894075,0.656215211071731,0.7545683588396271,,,sgd/eps0.1,0.9378339094630908,0.877171903839695,0.052089097752762104,e58eb008d3474235b29c1b898aaf48f7
core,nf_cse_cic18_v2,0,finetune-50,50,0,0.022873086838755996,0.9671155194241292,0.9316013635332633,0.979428012930909,12.0,True,sgd/eps0.1,0.9378339094630908,0.877171903839695,0.052089097752762104,e58eb008d3474235b29c1b898aaf48f7
core,nf_cse_cic18_v2,0,reptile-50,50,0,0.056365238390497015,0.9690929826213419,0.8718061415296786,0.9702014395918424,12.0,True,sgd/eps0.1,0.9378339094630908,0.877171903839695,0.052089097752762104,e58eb008d3474235b29c1b898aaf48f7
core,nf_cse_cic18_v2,0,finetune-50,50,1,0.116173351173188,0.9753915691013528,0.78382766858507,0.9727268006565,14.0,True,sgd/eps0.1,0.9378339094630908,0.877171903839695,0.052089097752762104,e58eb008d3474235b29c1b898aaf48f7
core,nf_cse_cic18_v2,0,reptile-50,50,1,0.21334725712234442,0.9817529321907991,0.6688466278760001,0.977880048184062,14.0,True,sgd/eps0.1,0.9378339094630908,0.877171903839695,0.052089097752762104,e58eb008d3474235b29c1b898aaf48f7
core,nf_cse_cic18_v2,0,finetune-50,50,2,0.009245178344156904,0.9023405212551137,0.9154518683226905,0.9563769151820658,12.0,True,sgd/eps0.1,0.9378339094630908,0.877171903839695,0.052089097752762104,e58eb008d3474235b29c1b898aaf48f7
core,nf_cse_cic18_v2,0,reptile-50,50,2,0.019420422282413603,0.8960628603115812,0.8897364146963068,0.9547597814313854,12.0,True,sgd/eps0.1,0.9378339094630908,0.877171903839695,0.052089097752762104,e58eb008d3474235b29c1b898aaf48f7
core,nf_cse_cic18_v2,0,finetune-50,50,3,0.018105276898476,0.9716668236081902,0.944087559776299,0.9807013227348176,17.0,True,sgd/eps0.1,0.9378339094630908,0.877171903839695,0.052089097752762104,e58eb008d3474235b29c1b898aaf48f7
core,nf_cse_cic18_v2,0,reptile-50,50,3,0.06391998172502693,0.9746068614834112,0.8630311731833262,0.9728530705292463,17.0,True,sgd/eps0.1,0.9378339094630908,0.877171903839695,0.052089097752762104,e58eb008d3474235b29c1b898aaf48f7
core,nf_cse_cic18_v2,0,finetune-50,50,4,0.0037365793166465426,0.763666991012482,0.8341700996447948,0.9605484769520984,11.0,True,sgd/eps0.1,0.9378339094630908,0.877171903839695,0.052089097752762104,e58eb008d3474235b29c1b898aaf48f7
core,nf_cse_cic18_v2,0,reptile-50,50,4,0.038818000848480895,0.9244902016175439,0.8714395211669256,0.9596293393625048,11.0,True,sgd/eps0.1,0.9378339094630908,0.877171903839695,0.052089097752762104,e58eb008d3474235b29c1b898aaf48f7
core,nf_cse_cic18_v2,0,finetune-200,200,0,0.15889436412883856,0.9788756709250134,0.7300252865199679,0.978992272320164,49.0,True,sgd/eps0.1,0.9378339094630908,0.877171903839695,0.052089097752762104,e58eb008d3474235b29c1b898aaf48f7
core,nf_cse_cic18_v2,0,reptile-200,200,0,0.14840257154978298,0.9799533360536531,0.7441149149641091,0.9700925802533407,49.0,True,sgd/eps0.1,0.9378339094630908,0.877171903839695,0.052089097752762104,e58eb008d3474235b29c1b898aaf48f7
core,nf_cse_cic18_v2,0,finetune-200,200,1,0.04908461965212283,0.9767517289724515,0.8899010260693793,0.9754369342692747,44.0,True,sgd/eps0.1,0.9378339094630908,0.877171903839695,0.052089097752762104,e58eb008d3474235b29c1b898aaf48f7
core,nf_cse_cic18_v2,0,reptile-200,200,1,0.04534804033547629,0.9776410642727853,0.8971258497486528,0.9725193585638633,44.0,True,sgd/eps0.1,0.9378339094630908,0.877171903839695,0.052089097752762104,e58eb008d3474235b29c1b898aaf48f7
core,nf_cse_cic18_v2,0,finetune-200,200,2,0.010266618803641941,0.9212572062316248,0.9260159345994183,0.9807146865277923,52.0,True,sgd/eps0.1,0.9378339094630908,0.877171903839695,0.052089097752762104,e58eb008d3474235b29c1b898aaf48f7
core,nf_cse_cic18_v2,0,reptile-200,200,2,0.03219332310805078,0.9059606390658841,0.871033254622854,0.9687627711411196,52.0,True,sgd/eps0.1,0.9378339094630908,0.877171903839695,0.052089097752762104,e58eb008d3474235b29c1b898aaf48f7
core,nf_cse_cic18_v2,0,finetune-200,200,3,0.0061710668015533725,0.9325569959299832,0.9423047492256136,0.9826668969161619,50.0,True,sgd/eps0.1,0.9378339094630908,0.877171903839695,0.052089097752762104,e58eb008d3474235b29c1b898aaf48f7
core,nf_cse_cic18_v2,0,reptile-200,200,3,0.027516888033156023,0.9719911694236061,0.9259989776039367,0.9806144439851435,50.0,True,sgd/eps0.1,0.9378339094630908,0.877171903839695,0.052089097752762104,e58eb008d3474235b29c1b898aaf48f7
core,nf_cse_cic18_v2,0,finetune-200,200,4,0.005195313774760957,0.9267815478619333,0.9405496981203183,0.9611987922983838,41.0,True,sgd/eps0.1,0.9378339094630908,0.877171903839695,0.052089097752762104,e58eb008d3474235b29c1b898aaf48f7
core,nf_cse_cic18_v2,0,reptile-200,200,4,0.021916914140260417,0.932975506659552,0.9100451269464088,0.9626416249573918,41.0,True,sgd/eps0.1,0.9378339094630908,0.877171903839695,0.052089097752762104,e58eb008d3474235b29c1b898aaf48f7
core,nf_cse_cic18_v2,0,finetune-1000,1000,0,0.00812909963123715,0.9311654477541668,0.9372022246683536,0.9823045105034467,250.0,True,sgd/eps0.1,0.9378339094630908,0.877171903839695,0.052089097752762104,e58eb008d3474235b29c1b898aaf48f7
core,nf_cse_cic18_v2,0,reptile-1000,1000,0,0.021822275886825702,0.9366793266162361,0.91277926527126,0.9780547324144584,250.0,True,sgd/eps0.1,0.9378339094630908,0.877171903839695,0.052089097752762104,e58eb008d3474235b29c1b898aaf48f7
core,nf_cse_cic18_v2,0,finetune-1000,1000,1,0.009065692001435892,0.9368990447492598,0.9390664591202578,0.980576625114907,226.0,True,sgd/eps0.1,0.9378339094630908,0.877171903839695,0.052089097752762104,e58eb008d3474235b29c1b898aaf48f7
core,nf_cse_cic18_v2,0,reptile-1000,1000,1,0.0331201253141011,0.9519026544043023,0.9014092141473646,0.9776727809929114,226.0,True,sgd/eps0.1,0.9378339094630908,0.877171903839695,0.052089097752762104,e58eb008d3474235b29c1b898aaf48f7
core,nf_cse_cic18_v2,0,finetune-1000,1000,2,0.010690859250073426,0.9341473367023447,0.933803726738084,0.97935006136873,227.0,True,sgd/eps0.1,0.9378339094630908,0.877171903839695,0.052089097752762104,e58eb008d3474235b29c1b898aaf48f7
core,nf_cse_cic18_v2,0,reptile-1000,1000,2,0.03237933622687074,0.9201900038712243,0.8806468159130438,0.9703550918369159,227.0,True,sgd/eps0.1,0.9378339094630908,0.877171903839695,0.052089097752762104,e58eb008d3474235b29c1b898aaf48f7
core,nf_cse_cic18_v2,0,finetune-1000,1000,3,0.02490291420552818,0.9679943919562238,0.9282639927956263,0.9816688012989953,230.0,True,sgd/eps0.1,0.9378339094630908,0.877171903839695,0.052089097752762104,e58eb008d3474235b29c1b898aaf48f7
core,nf_cse_cic18_v2,0,reptile-1000,1000,3,0.0621120647456189,0.9550728731807862,0.8519104949853318,0.9735050670777393,230.0,True,sgd/eps0.1,0.9378339094630908,0.877171903839695,0.052089097752762104,e58eb008d3474235b29c1b898aaf48f7
core,nf_cse_cic18_v2,0,finetune-1000,1000,4,0.01680971184283523,0.9485859568724693,0.930983229002208,0.9809794856212015,234.0,True,sgd/eps0.1,0.9378339094630908,0.877171903839695,0.052089097752762104,e58eb008d3474235b29c1b898aaf48f7
core,nf_cse_cic18_v2,0,reptile-1000,1000,4,0.041924746271579154,0.9492137229668226,0.8831706975770779,0.9700741795129556,234.0,True,sgd/eps0.1,0.9378339094630908,0.877171903839695,0.052089097752762104,e58eb008d3474235b29c1b898aaf48f7
core,nf_cse_cic18_v2,1,pooled-none,0,0,0.10997944065528832,0.17977128388629063,0.08935737333255553,0.5292898954122907,,,sgd/eps0.1,0.924114674331566,0.8573978106163083,0.05490543322823728,43913071727c446d8a42f93fadf7973d
core,nf_cse_cic18_v2,1,pooled-adabn,0,0,0.12089547368077538,0.17230086736348704,0.06441993625124989,0.38517218068198417,,,sgd/eps0.1,0.924114674331566,0.8573978106163083,0.05490543322823728,43913071727c446d8a42f93fadf7973d
core,nf_cse_cic18_v2,1,reptile-adabn,0,0,0.09364292007962667,0.2023708632830074,0.14269617898396914,0.41276696417286773,,,sgd/eps0.1,0.924114674331566,0.8573978106163083,0.05490543322823728,43913071727c446d8a42f93fadf7973d
core,nf_cse_cic18_v2,1,finetune-50,50,0,0.0450575987990732,0.9618736725362796,0.8864684099220658,0.9519800709620442,15.0,True,sgd/eps0.1,0.924114674331566,0.8573978106163083,0.05490543322823728,43913071727c446d8a42f93fadf7973d
core,nf_cse_cic18_v2,1,reptile-50,50,0,0.028832033417093627,0.9610994276865773,0.9159507059654982,0.9498664362019116,15.0,True,sgd/eps0.1,0.924114674331566,0.8573978106163083,0.05490543322823728,43913071727c446d8a42f93fadf7973d
core,nf_cse_cic18_v2,1,finetune-50,50,1,0.03018960284567438,0.9453424987183109,0.9024113703539548,0.9629240358529039,13.0,True,sgd/eps0.1,0.924114674331566,0.8573978106163083,0.05490543322823728,43913071727c446d8a42f93fadf7973d
core,nf_cse_cic18_v2,1,reptile-50,50,1,0.020350487876513397,0.9576885652405913,0.9301035077948715,0.9784047005155074,13.0,True,sgd/eps0.1,0.924114674331566,0.8573978106163083,0.05490543322823728,43913071727c446d8a42f93fadf7973d
core,nf_cse_cic18_v2,1,finetune-50,50,2,0.018154227719218093,0.954926394425437,0.932593509961577,0.9756100848793416,14.0,True,sgd/eps0.1,0.924114674331566,0.8573978106163083,0.05490543322823728,43913071727c446d8a42f93fadf7973d
core,nf_cse_cic18_v2,1,reptile-50,50,2,0.020001305355219788,0.937003672431652,0.9166462573945013,0.9725928818841656,14.0,True,sgd/eps0.1,0.924114674331566,0.8573978106163083,0.05490543322823728,43913071727c446d8a42f93fadf7973d
core,nf_cse_cic18_v2,1,finetune-50,50,3,0.013213458212316027,0.8629900499074045,0.880193338480319,0.9281070089717428,9.0,True,sgd/eps0.1,0.924114674331566,0.8573978106163083,0.05490543322823728,43913071727c446d8a42f93fadf7973d
core,nf_cse_cic18_v2,1,reptile-50,50,3,0.0055412329080050905,0.7530368184814338,0.822514260107171,0.9764034787095592,9.0,True,sgd/eps0.1,0.924114674331566,0.8573978106163083,0.05490543322823728,43913071727c446d8a42f93fadf7973d
core,nf_cse_cic18_v2,1,finetune-50,50,4,0.013954247299546389,0.9090157673917365,0.9099651850340119,0.9284460151391987,12.0,True,sgd/eps0.1,0.924114674331566,0.8573978106163083,0.05490543322823728,43913071727c446d8a42f93fadf7973d
core,nf_cse_cic18_v2,1,reptile-50,50,4,0.0006233071174493359,0.7795494731996192,0.8525211663287815,0.9605789660299904,12.0,True,sgd/eps0.1,0.924114674331566,0.8573978106163083,0.05490543322823728,43913071727c446d8a42f93fadf7973d
core,nf_cse_cic18_v2,1,finetune-200,200,0,0.004092288614039095,0.8738817916444332,0.9076749549987098,0.9653343050104344,63.0,True,sgd/eps0.1,0.924114674331566,0.8573978106163083,0.05490543322823728,43913071727c446d8a42f93fadf7973d
core,nf_cse_cic18_v2,1,reptile-200,200,0,0.016055869203406976,0.8979147702899233,0.8979982975151729,0.970348880519044,63.0,True,sgd/eps0.1,0.924114674331566,0.8573978106163083,0.05490543322823728,43913071727c446d8a42f93fadf7973d
core,nf_cse_cic18_v2,1,finetune-200,200,1,0.029569559116274517,0.9438149345553847,0.9025396455054464,0.9659040256574223,43.0,True,sgd/eps0.1,0.924114674331566,0.8573978106163083,0.05490543322823728,43913071727c446d8a42f93fadf7973d
core,nf_cse_cic18_v2,1,reptile-200,200,1,0.042841758313481054,0.9533674419577932,0.8844396907558602,0.9688822678092306,43.0,True,sgd/eps0.1,0.924114674331566,0.8573978106163083,0.05490543322823728,43913071727c446d8a42f93fadf7973d
core,nf_cse_cic18_v2,1,finetune-200,200,2,0.021740691185588877,0.9437626207141886,0.9178055571637079,0.9753522147102905,48.0,True,sgd/eps0.1,0.924114674331566,0.8573978106163083,0.05490543322823728,43913071727c446d8a42f93fadf7973d
core,nf_cse_cic18_v2,1,reptile-200,200,2,0.015426035309858695,0.9293553888487817,0.9207304763659002,0.9798025563297553,48.0,True,sgd/eps0.1,0.924114674331566,0.8573978106163083,0.05490543322823728,43913071727c446d8a42f93fadf7973d
core,nf_cse_cic18_v2,1,finetune-200,200,3,0.03651404888555298,0.9636104920639903,0.9032560837457968,0.9450039713146332,38.0,True,sgd/eps0.1,0.924114674331566,0.8573978106163083,0.05490543322823728,43913071727c446d8a42f93fadf7973d
core,nf_cse_cic18_v2,1,reptile-200,200,3,0.055885520347224486,0.9467340468941272,0.8565484191441509,0.9375079780224577,38.0,True,sgd/eps0.1,0.924114674331566,0.8573978106163083,0.05490543322823728,43913071727c446d8a42f93fadf7973d
core,nf_cse_cic18_v2,1,finetune-200,200,4,0.01115752374114806,0.8668926624606338,0.8873230194876596,0.943657428698419,31.0,True,sgd/eps0.1,0.924114674331566,0.8573978106163083,0.05490543322823728,43913071727c446d8a42f93fadf7973d
core,nf_cse_cic18_v2,1,reptile-200,200,4,0.007815814378487745,0.8657208324178411,0.893881496614153,0.9672233958187487,31.0,True,sgd/eps0.1,0.924114674331566,0.8573978106163083,0.05490543322823728,43913071727c446d8a42f93fadf7973d
core,nf_cse_cic18_v2,1,finetune-1000,1000,0,0.01238129425970042,0.9368362681398245,0.9320921288695078,0.974785356595363,234.0,True,sgd/eps0.1,0.924114674331566,0.8573978106163083,0.05490543322823728,43913071727c446d8a42f93fadf7973d
core,nf_cse_cic18_v2,1,reptile-1000,1000,0,0.009773847208171524,0.938426608912186,0.9386037369514723,0.9728980570943263,234.0,True,sgd/eps0.1,0.924114674331566,0.8573978106163083,0.05490543322823728,43913071727c446d8a42f93fadf7973d
core,nf_cse_cic18_v2,1,finetune-1000,1000,1,0.00792024279607088,0.930087782625527,0.9369239030610285,0.9641380516025954,254.0,True,sgd/eps0.1,0.924114674331566,0.8573978106163083,0.05490543322823728,43913071727c446d8a42f93fadf7973d
core,nf_cse_cic18_v2,1,reptile-1000,1000,1,0.03128936461834677,0.9397763060150455,0.8964274521626329,0.9763564260694254,254.0,True,sgd/eps0.1,0.924114674331566,0.8573978106163083,0.05490543322823728,43913071727c446d8a42f93fadf7973d
core,nf_cse_cic18_v2,1,finetune-1000,1000,2,0.028300101165029533,0.941366646787407,0.9032888316356623,0.9471036795083624,237.0,True,sgd/eps0.1,0.924114674331566,0.8573978106163083,0.05490543322823728,43913071727c446d8a42f93fadf7973d
core,nf_cse_cic18_v2,1,reptile-1000,1000,2,0.026436706588780473,0.9384998482898605,0.9049263081530341,0.9595310446841728,237.0,True,sgd/eps0.1,0.924114674331566,0.8573978106163083,0.05490543322823728,43913071727c446d8a42f93fadf7973d
core,nf_cse_cic18_v2,1,finetune-1000,1000,3,0.019688020102470383,0.9480732812287475,0.9248478954519153,0.9649417876329272,218.0,True,sgd/eps0.1,0.924114674331566,0.8573978106163083,0.05490543322823728,43913071727c446d8a42f93fadf7973d
core,nf_cse_cic18_v2,1,reptile-1000,1000,3,0.01746891622882877,0.9420467267229563,0.9251980240872518,0.9662681028191815,218.0,True,sgd/eps0.1,0.924114674331566,0.8573978106163083,0.05490543322823728,43913071727c446d8a42f93fadf7973d
core,nf_cse_cic18_v2,1,finetune-1000,1000,4,0.03362595046176941,0.9583895707126191,0.9049868947474076,0.9424421508154206,252.0,True,sgd/eps0.1,0.924114674331566,0.8573978106163083,0.05490543322823728,43913071727c446d8a42f93fadf7973d
core,nf_cse_cic18_v2,1,reptile-1000,1000,4,0.04746597917958424,0.9506157339108782,0.8741550009503092,0.9613284943924061,252.0,True,sgd/eps0.1,0.924114674331566,0.8573978106163083,0.05490543322823728,43913071727c446d8a42f93fadf7973d
core,nf_cse_cic18_v2,2,pooled-none,0,0,0.10299905361746566,0.4453058790294736,0.37576929524957065,0.6966115418413875,,,sgd/eps0.1,0.9645340801638698,0.9140491498198429,0.05335517633204752,e5e8790c023c4ec5857c248a7887e175
core,nf_cse_cic18_v2,2,pooled-adabn,0,0,0.021646052932154162,0.7492911474517928,0.7823739754422688,0.7825523924957871,,,sgd/eps0.1,0.9645340801638698,0.9140491498198429,0.05335517633204752,e5e8790c023c4ec5857c248a7887e175
core,nf_cse_cic18_v2,2,reptile-adabn,0,0,0.010482002414907156,0.7404814965943689,0.8019394381018977,0.8769558250945044,,,sgd/eps0.1,0.9645340801638698,0.9140491498198429,0.05335517633204752,e5e8790c023c4ec5857c248a7887e175
core,nf_cse_cic18_v2,2,finetune-50,50,0,0.011496916098293248,0.9320129319815437,0.9306788400847331,0.9486180203173742,10.0,True,sgd/eps0.1,0.9645340801638698,0.9140491498198429,0.05335517633204752,e5e8790c023c4ec5857c248a7887e175
core,nf_cse_cic18_v2,2,reptile-50,50,0,0.006317919263779656,0.9046004791947854,0.923304856161665,0.9657510763636867,10.0,True,sgd/eps0.1,0.9645340801638698,0.9140491498198429,0.05335517633204752,e5e8790c023c4ec5857c248a7887e175
core,nf_cse_cic18_v2,2,finetune-50,50,1,0.020011095519368208,0.9173650564466347,0.9031621742391889,0.9276299907790819,10.0,True,sgd/eps0.1,0.9645340801638698,0.9140491498198429,0.05335517633204752,e5e8790c023c4ec5857c248a7887e175
core,nf_cse_cic18_v2,2,reptile-50,50,1,0.008409751003491825,0.9227010682486372,0.9309298025759476,0.9665005918599126,10.0,True,sgd/eps0.1,0.9645340801638698,0.9140491498198429,0.05335517633204752,e5e8790c023c4ec5857c248a7887e175
core,nf_cse_cic18_v2,2,finetune-50,50,2,0.006477825278203831,0.832344601734727,0.8743378781454303,0.9450477577360845,8.0,True,sgd/eps0.1,0.9645340801638698,0.9140491498198429,0.05335517633204752,e5e8790c023c4ec5857c248a7887e175
core,nf_cse_cic18_v2,2,reptile-50,50,2,0.0010312306236334562,0.6675141508940435,0.7749301964926071,0.9634398451871852,8.0,True,sgd/eps0.1,0.9645340801638698,0.9140491498198429,0.05335517633204752,e5e8790c023c4ec5857c248a7887e175
core,nf_cse_cic18_v2,2,finetune-50,50,3,0.01191789315667526,0.7932661623612375,0.8352098639944829,0.9124609507072443,16.0,True,sgd/eps0.1,0.9645340801638698,0.9140491498198429,0.05335517633204752,e5e8790c023c4ec5857c248a7887e175
core,nf_cse_cic18_v2,2,reptile-50,50,3,0.004421890807035865,0.839072161712546,0.8835843751939321,0.9643534041678109,16.0,True,sgd/eps0.1,0.9645340801638698,0.9140491498198429,0.05335517633204752,e5e8790c023c4ec5857c248a7887e175
core,nf_cse_cic18_v2,2,finetune-50,50,4,0.022827399406063376,0.9721585737154337,0.93514927200385,0.9466583905368005,14.0,True,sgd/eps0.1,0.9645340801638698,0.9140491498198429,0.05335517633204752,e5e8790c023c4ec5857c248a7887e175
core,nf_cse_cic18_v2,2,reptile-50,50,4,0.009542146656658944,0.8912918379944966,0.9073601429581493,0.9781666782234655,14.0,True,sgd/eps0.1,0.9645340801638698,0.9140491498198429,0.05335517633204752,e5e8790c023c4ec5857c248a7887e175
core,nf_cse_cic18_v2,2,finetune-200,200,0,0.012178964200633097,0.956391181978928,0.945700702325079,0.9655720323999055,55.0,True,sgd/eps0.1,0.9645340801638698,0.9140491498198429,0.05335517633204752,e5e8790c023c4ec5857c248a7887e175
core,nf_cse_cic18_v2,2,reptile-200,200,0,0.013053552197891852,0.929606495286523,0.9258082239684761,0.9789885245672949,55.0,True,sgd/eps0.1,0.9645340801638698,0.9140491498198429,0.05335517633204752,e5e8790c023c4ec5857c248a7887e175
core,nf_cse_cic18_v2,2,finetune-200,200,1,0.01306334236204027,0.925818973183925,0.9232242753216457,0.9499641213038847,45.0,True,sgd/eps0.1,0.9645340801638698,0.9140491498198429,0.05335517633204752,e5e8790c023c4ec5857c248a7887e175
core,nf_cse_cic18_v2,2,reptile-200,200,1,0.009346343373690566,0.9159107316613829,0.9243710904888305,0.9810084359704138,45.0,True,sgd/eps0.1,0.9645340801638698,0.9140491498198429,0.05335517633204752,e5e8790c023c4ec5857c248a7887e175
core,nf_cse_cic18_v2,2,finetune-200,200,2,0.05058904154292987,0.9527082875587223,0.8701030496750347,0.9680925586036547,47.0,True,sgd/eps0.1,0.9645340801638698,0.9140491498198429,0.05335517633204752,e5e8790c023c4ec5857c248a7887e175
core,nf_cse_cic18_v2,2,reptile-200,200,2,0.07520151421205495,0.9547276018288919,0.8300411141547268,0.9761510768404256,47.0,True,sgd/eps0.1,0.9645340801638698,0.9140491498198429,0.05335517633204752,e5e8790c023c4ec5857c248a7887e175
core,nf_cse_cic18_v2,2,finetune-200,200,3,0.010008811147733577,0.9214036849869739,0.9266603260604893,0.9660102896634833,47.0,True,sgd/eps0.1,0.9645340801638698,0.9140491498198429,0.05335517633204752,e5e8790c023c4ec5857c248a7887e175
core,nf_cse_cic18_v2,2,reptile-200,200,3,0.008191104004177137,0.9063896125636921,0.9204463368819066,0.9823063775409133,47.0,True,sgd/eps0.1,0.9645340801638698,0.9140491498198429,0.05335517633204752,e5e8790c023c4ec5857c248a7887e175
core,nf_cse_cic18_v2,2,finetune-200,200,4,0.008341219854452893,0.9064419264048882,0.9201579446417723,0.9332360866985434,40.0,True,sgd/eps0.1,0.9645340801638698,0.9140491498198429,0.05335517633204752,e5e8790c023c4ec5857c248a7887e175
core,nf_cse_cic18_v2,2,reptile-200,200,4,0.007825604542636165,0.8990028981868022,0.9162735017714558,0.9644752759208047,40.0,True,sgd/eps0.1,0.9645340801638698,0.9140491498198429,0.05335517633204752,e5e8790c023c4ec5857c248a7887e175
core,nf_cse_cic18_v2,2,finetune-1000,1000,0,0.011793884410795288,0.9415968276886698,0.936523490558496,0.9491879097343799,240.0,True,sgd/eps0.1,0.9645340801638698,0.9140491498198429,0.05335517633204752,e5e8790c023c4ec5857c248a7887e175
core,nf_cse_cic18_v2,2,reptile-1000,1000,0,0.01219201775283099,0.932546533161744,0.9295886484214627,0.966321560948811,240.0,True,sgd/eps0.1,0.9645340801638698,0.9140491498198429,0.05335517633204752,e5e8790c023c4ec5857c248a7887e175
core,nf_cse_cic18_v2,2,finetune-1000,1000,1,0.007218614365434194,0.9356016614875964,0.9421048723297111,0.9653464851908476,244.0,True,sgd/eps0.1,0.9645340801638698,0.9140491498198429,0.05335517633204752,e5e8790c023c4ec5857c248a7887e175
core,nf_cse_cic18_v2,2,reptile-1000,1000,1,0.01493652710243775,0.9330068949642697,0.9242183441586839,0.9782252463830952,244.0,True,sgd/eps0.1,0.9645340801638698,0.9140491498198429,0.05335517633204752,e5e8790c023c4ec5857c248a7887e175
core,nf_cse_cic18_v2,2,finetune-1000,1000,2,0.015644682309173385,0.9536185483955345,0.9367594296881957,0.9671056527118991,255.0,True,sgd/eps0.1,0.9645340801638698,0.9140491498198429,0.05335517633204752,e5e8790c023c4ec5857c248a7887e175
core,nf_cse_cic18_v2,2,reptile-1000,1000,2,0.018333714061939104,0.959666028437804,0.9354636714481739,0.9788491600670457,255.0,True,sgd/eps0.1,0.9645340801638698,0.9140491498198429,0.05335517633204752,e5e8790c023c4ec5857c248a7887e175
core,nf_cse_cic18_v2,2,finetune-1000,1000,3,0.01711320693143622,0.9481046695334652,0.9300424339079991,0.9702330504123718,212.0,True,sgd/eps0.1,0.9645340801638698,0.9140491498198429,0.05335517633204752,e5e8790c023c4ec5857c248a7887e175
core,nf_cse_cic18_v2,2,reptile-1000,1000,3,0.016440948993244785,0.9589022463563409,0.9387375564243478,0.9830265135498363,212.0,True,sgd/eps0.1,0.9645340801638698,0.9140491498198429,0.05335517633204752,e5e8790c023c4ec5857c248a7887e175
core,nf_cse_cic18_v2,2,finetune-1000,1000,4,0.01144470188950168,0.9396612155644141,0.9359442141290313,0.961968490984163,243.0,True,sgd/eps0.1,0.9645340801638698,0.9140491498198429,0.05335517633204752,e5e8790c023c4ec5857c248a7887e175
core,nf_cse_cic18_v2,2,reptile-1000,1000,4,0.027422249779721308,0.9467654351988449,0.9087317557916305,0.9790033191883317,243.0,True,sgd/eps0.1,0.9645340801638698,0.9140491498198429,0.05335517633204752,e5e8790c023c4ec5857c248a7887e175
core,nf_ton_v2,0,pooled-none,0,0,0.0480292248963528,0.15399751402374978,0.16635302943657815,0.7003022200851089,,,sgd/eps0.1,0.9589514975369171,0.9495076818143999,0.0915009098504183,d4ca7c2d31a14055891fb2bd5bd0c45d
core,nf_ton_v2,0,pooled-adabn,0,0,0.00644550884039974,0.08786228975841999,0.17663910097457391,0.7372373680328013,,,sgd/eps0.1,0.9589514975369171,0.9495076818143999,0.0915009098504183,d4ca7c2d31a14055891fb2bd5bd0c45d
core,nf_ton_v2,0,reptile-adabn,0,0,0.025223556002339043,0.18283392119180086,0.24034803951888728,0.7212066771698602,,,sgd/eps0.1,0.9589514975369171,0.9495076818143999,0.0915009098504183,d4ca7c2d31a14055891fb2bd5bd0c45d
core,nf_ton_v2,0,finetune-50,50,0,0.34208503341020635,0.8401453057704921,0.5091464262531463,0.8657990781709249,31.0,True,sgd/eps0.1,0.9589514975369171,0.9495076818143999,0.0915009098504183,d4ca7c2d31a14055891fb2bd5bd0c45d
core,nf_ton_v2,0,reptile-50,50,0,0.219699209587448,0.7724185063043807,0.5461486606951391,0.859366366208262,31.0,True,sgd/eps0.1,0.9589514975369171,0.9495076818143999,0.0915009098504183,d4ca7c2d31a14055891fb2bd5bd0c45d
core,nf_ton_v2,0,finetune-50,50,1,0.700339686857338,0.9535186654619008,0.34833483638155244,0.8650503233374491,32.0,True,sgd/eps0.1,0.9589514975369171,0.9495076818143999,0.0915009098504183,d4ca7c2d31a14055891fb2bd5bd0c45d
core,nf_ton_v2,0,reptile-50,50,1,0.5985913179455844,0.9557386147333079,0.4469687438970432,0.8624223502942188,32.0,True,sgd/eps0.1,0.9589514975369171,0.9495076818143999,0.0915009098504183,d4ca7c2d31a14055891fb2bd5bd0c45d
core,nf_ton_v2,0,finetune-50,50,2,0.7461678460436665,0.9280626355934924,0.2529479571296562,0.8447030214190776,32.0,True,sgd/eps0.1,0.9589514975369171,0.9495076818143999,0.0915009098504183,d4ca7c2d31a14055891fb2bd5bd0c45d
core,nf_ton_v2,0,reptile-50,50,2,0.44338661883455216,0.8896446705164134,0.48204277399142453,0.8170842396164071,32.0,True,sgd/eps0.1,0.9589514975369171,0.9495076818143999,0.0915009098504183,d4ca7c2d31a14055891fb2bd5bd0c45d
core,nf_ton_v2,0,finetune-50,50,3,0.7097944138923383,0.9589034184466776,0.34961280687113766,0.8826100916178189,28.0,True,sgd/eps0.1,0.9589514975369171,0.9495076818143999,0.0915009098504183,d4ca7c2d31a14055891fb2bd5bd0c45d
core,nf_ton_v2,0,reptile-50,50,3,0.2101787790984172,0.839053677822982,0.6270398626125595,0.8738116171175313,28.0,True,sgd/eps0.1,0.9589514975369171,0.9495076818143999,0.0915009098504183,d4ca7c2d31a14055891fb2bd5bd0c45d
core,nf_ton_v2,0,finetune-50,50,4,0.6465022766246822,0.9758832783697133,0.44260427331890134,0.8896083221955319,29.0,True,sgd/eps0.1,0.9589514975369171,0.9495076818143999,0.0915009098504183,d4ca7c2d31a14055891fb2bd5bd0c45d
core,nf_ton_v2,0,reptile-50,50,4,0.21745215145960223,0.8587213275663577,0.6427844416421814,0.8920346478651288,29.0,True,sgd/eps0.1,0.9589514975369171,0.9495076818143999,0.0915009098504183,d4ca7c2d31a14055891fb2bd5bd0c45d
core,nf_ton_v2,0,finetune-200,200,0,0.4618755707987569,0.9062025566109998,0.48882064542320897,0.8842467529833744,107.0,True,sgd/eps0.1,0.9589514975369171,0.9495076818143999,0.0915009098504183,d4ca7c2d31a14055891fb2bd5bd0c45d
core,nf_ton_v2,0,reptile-200,200,0,0.32230172340159924,0.9214807612040932,0.6295240460286553,0.8959945276584115,107.0,True,sgd/eps0.1,0.9589514975369171,0.9495076818143999,0.0915009098504183,d4ca7c2d31a14055891fb2bd5bd0c45d
core,nf_ton_v2,0,finetune-200,200,1,0.6061669261953101,0.9355618443925641,0.4052951911326389,0.8806805137543621,111.0,True,sgd/eps0.1,0.9589514975369171,0.9495076818143999,0.0915009098504183,d4ca7c2d31a14055891fb2bd5bd0c45d
core,nf_ton_v2,0,reptile-200,200,1,0.29512020446914894,0.9184948377006096,0.648525707744379,0.883170171553137,111.0,True,sgd/eps0.1,0.9589514975369171,0.9495076818143999,0.0915009098504183,d4ca7c2d31a14055891fb2bd5bd0c45d
core,nf_ton_v2,0,finetune-200,200,2,0.3648315691955926,0.9585548313710022,0.646789350544238,0.9172955606734444,112.0,True,sgd/eps0.1,0.9589514975369171,0.9495076818143999,0.0915009098504183,d4ca7c2d31a14055891fb2bd5bd0c45d
core,nf_ton_v2,0,reptile-200,200,2,0.3276696955958975,0.9198845993312632,0.6228399575380109,0.9019234972732691,112.0,True,sgd/eps0.1,0.9589514975369171,0.9495076818143999,0.0915009098504183,d4ca7c2d31a14055891fb2bd5bd0c45d
core,nf_ton_v2,0,finetune-200,200,3,0.4800360054928088,0.9081977589520371,0.47574263009637224,0.8654390188085146,109.0,True,sgd/eps0.1,0.9589514975369171,0.9495076818143999,0.0915009098504183,d4ca7c2d31a14055891fb2bd5bd0c45d
core,nf_ton_v2,0,reptile-200,200,3,0.3169666029343163,0.9052852222013273,0.6125915264297408,0.8958413170292108,109.0,True,sgd/eps0.1,0.9589514975369171,0.9495076818143999,0.0915009098504183,d4ca7c2d31a14055891fb2bd5bd0c45d
core,nf_ton_v2,0,finetune-200,200,4,0.6205099902101854,0.9552616008402783,0.42655580770145807,0.8775464480318177,122.0,True,sgd/eps0.1,0.9589514975369171,0.9495076818143999,0.0915009098504183,d4ca7c2d31a14055891fb2bd5bd0c45d
core,nf_ton_v2,0,reptile-200,200,4,0.3200743763099626,0.9052118354485535,0.6098324010133691,0.8734623820435327,122.0,True,sgd/eps0.1,0.9589514975369171,0.9495076818143999,0.0915009098504183,d4ca7c2d31a14055891fb2bd5bd0c45d
core,nf_ton_v2,0,finetune-1000,1000,0,0.5574806667586515,0.9495970608605514,0.4723638079689503,0.8996863398638955,583.0,True,sgd/eps0.1,0.9589514975369171,0.9495076818143999,0.0915009098504183,d4ca7c2d31a14055891fb2bd5bd0c45d
core,nf_ton_v2,0,reptile-1000,1000,0,0.4934197990788376,0.9664622539823781,0.5547720300653282,0.8915185836379279,583.0,True,sgd/eps0.1,0.9589514975369171,0.9495076818143999,0.0915009098504183,d4ca7c2d31a14055891fb2bd5bd0c45d
core,nf_ton_v2,0,finetune-1000,1000,1,0.7235264357847292,0.963953344371924,0.3463035415970008,0.8835187460878368,612.0,True,sgd/eps0.1,0.9589514975369171,0.9495076818143999,0.0915009098504183,d4ca7c2d31a14055891fb2bd5bd0c45d
core,nf_ton_v2,0,reptile-1000,1000,1,0.43910932397716146,0.9551148273347307,0.5810042666498745,0.8908450469138305,612.0,True,sgd/eps0.1,0.9589514975369171,0.9495076818143999,0.0915009098504183,d4ca7c2d31a14055891fb2bd5bd0c45d
core,nf_ton_v2,0,finetune-1000,1000,2,0.562185034067241,0.9498676745114047,0.4687281682151175,0.8940199668003377,610.0,True,sgd/eps0.1,0.9589514975369171,0.9495076818143999,0.0915009098504183,d4ca7c2d31a14055891fb2bd5bd0c45d
core,nf_ton_v2,0,reptile-1000,1000,2,0.30636863579918394,0.9348233901927778,0.6609754591147946,0.8966657082495906,610.0,True,sgd/eps0.1,0.9589514975369171,0.9495076818143999,0.0915009098504183,d4ca7c2d31a14055891fb2bd5bd0c45d
core,nf_ton_v2,0,finetune-1000,1000,3,0.5900301578854,0.9537801057686575,0.45107052845374956,0.9099990498276331,603.0,True,sgd/eps0.1,0.9589514975369171,0.9495076818143999,0.0915009098504183,d4ca7c2d31a14055891fb2bd5bd0c45d
core,nf_ton_v2,0,reptile-1000,1000,3,0.3518945590969717,0.9508125289533673,0.645927794203502,0.908564520301445,603.0,True,sgd/eps0.1,0.9589514975369171,0.9495076818143999,0.0915009098504183,d4ca7c2d31a14055891fb2bd5bd0c45d
core,nf_ton_v2,0,finetune-1000,1000,4,0.5013436356349253,0.9538580791934795,0.5273399885713359,0.9033470778170416,562.0,True,sgd/eps0.1,0.9589514975369171,0.9495076818143999,0.0915009098504183,d4ca7c2d31a14055891fb2bd5bd0c45d
core,nf_ton_v2,0,reptile-1000,1000,4,0.40960847311743176,0.9502300216032253,0.5977612478027347,0.9024562680255597,562.0,True,sgd/eps0.1,0.9589514975369171,0.9495076818143999,0.0915009098504183,d4ca7c2d31a14055891fb2bd5bd0c45d
core,nf_ton_v2,1,pooled-none,0,0,0.04781897384345495,0.16498259357957645,0.17947758263848812,0.7090546875619137,,,sgd/eps0.1,0.9556168910473606,0.922069858515357,0.08609484705827183,825d464218184b86844617dfa7398baf
core,nf_ton_v2,1,pooled-adabn,0,0,0.030742646140907628,0.10037473110635116,0.13275901827740422,0.6675995166228259,,,sgd/eps0.1,0.9556168910473606,0.922069858515357,0.08609484705827183,825d464218184b86844617dfa7398baf
core,nf_ton_v2,1,reptile-adabn,0,0,0.015578288950650136,0.01976855652843966,0.015488215299240979,0.7567681733509554,,,sgd/eps0.1,0.9556168910473606,0.922069858515357,0.08609484705827183,825d464218184b86844617dfa7398baf
core,nf_ton_v2,1,finetune-50,50,0,0.5844322236019948,0.7738403746393729,0.20260107718106532,0.7842559974201464,33.0,True,sgd/eps0.1,0.9556168910473606,0.922069858515357,0.08609484705827183,825d464218184b86844617dfa7398baf
core,nf_ton_v2,1,reptile-50,50,0,0.3313293779854007,0.8650738683533389,0.5490521101885052,0.8456326488957717,33.0,True,sgd/eps0.1,0.9556168910473606,0.922069858515357,0.08609484705827183,825d464218184b86844617dfa7398baf
core,nf_ton_v2,1,finetune-50,50,1,0.6394194442801858,0.878168817051412,0.28359039874849323,0.828567538032814,29.0,True,sgd/eps0.1,0.9556168910473606,0.922069858515357,0.08609484705827183,825d464218184b86844617dfa7398baf
core,nf_ton_v2,1,reptile-50,50,1,0.4153706660359135,0.9138944056361026,0.5399943375421329,0.8842885977498435,29.0,True,sgd/eps0.1,0.9556168910473606,0.922069858515357,0.08609484705827183,825d464218184b86844617dfa7398baf
core,nf_ton_v2,1,finetune-50,50,2,0.7297485528814249,0.9638937176352954,0.3399590026074916,0.7829433695753409,35.0,True,sgd/eps0.1,0.9556168910473606,0.922069858515357,0.08609484705827183,825d464218184b86844617dfa7398baf
core,nf_ton_v2,1,reptile-50,50,2,0.6865748132379319,0.9285534095026672,0.3162806433946743,0.8417870356655579,35.0,True,sgd/eps0.1,0.9556168910473606,0.922069858515357,0.08609484705827183,825d464218184b86844617dfa7398baf
core,nf_ton_v2,1,finetune-50,50,3,0.635358970821096,0.9215266279245767,0.35461814077682374,0.8355420076927289,30.0,True,sgd/eps0.1,0.9556168910473606,0.922069858515357,0.08609484705827183,825d464218184b86844617dfa7398baf
core,nf_ton_v2,1,reptile-50,50,3,0.15937029809657094,0.7742118950752902,0.6056030473487028,0.8764691814721765,30.0,True,sgd/eps0.1,0.9556168910473606,0.922069858515357,0.08609484705827183,825d464218184b86844617dfa7398baf
core,nf_ton_v2,1,finetune-50,50,4,0.7868974171972221,0.9788370951688583,0.31470517283335653,0.7830972563445077,33.0,True,sgd/eps0.1,0.9556168910473606,0.922069858515357,0.08609484705827183,825d464218184b86844617dfa7398baf
core,nf_ton_v2,1,reptile-50,50,4,0.7015223490298885,0.9428041995569275,0.3268490674066362,0.8230069544561303,33.0,True,sgd/eps0.1,0.9556168910473606,0.922069858515357,0.08609484705827183,825d464218184b86844617dfa7398baf
core,nf_ton_v2,1,finetune-200,200,0,0.6045374805353517,0.953825972489141,0.43829206329989057,0.8743653483417038,109.0,True,sgd/eps0.1,0.9556168910473606,0.922069858515357,0.08609484705827183,825d464218184b86844617dfa7398baf
core,nf_ton_v2,1,reptile-200,200,0,0.44608046044980587,0.9579769106929086,0.5797766824157422,0.8912872419259809,109.0,True,sgd/eps0.1,0.9556168910473606,0.922069858515357,0.08609484705827183,825d464218184b86844617dfa7398baf
core,nf_ton_v2,1,finetune-200,200,1,0.612402183982812,0.9384606211271288,0.40446821377754894,0.8601621006691401,112.0,True,sgd/eps0.1,0.9556168910473606,0.922069858515357,0.08609484705827183,825d464218184b86844617dfa7398baf
core,nf_ton_v2,1,reptile-200,200,1,0.7081321165053647,0.9647147319319521,0.3630080858047048,0.8755000620005965,112.0,True,sgd/eps0.1,0.9556168910473606,0.922069858515357,0.08609484705827183,825d464218184b86844617dfa7398baf
core,nf_ton_v2,1,finetune-200,200,2,0.7004645234199962,0.9585502446989538,0.3580598187640503,0.8160078940527897,128.0,True,sgd/eps0.1,0.9556168910473606,0.922069858515357,0.08609484705827183,825d464218184b86844617dfa7398baf
core,nf_ton_v2,1,reptile-200,200,2,0.7051623203831825,0.9551973874316012,0.34684860155034514,0.8674852330248576,128.0,True,sgd/eps0.1,0.9556168910473606,0.922069858515357,0.08609484705827183,825d464218184b86844617dfa7398baf
core,nf_ton_v2,1,finetune-200,200,3,0.6943606725405554,0.9548809070602643,0.35682843921049384,0.8398991291736453,112.0,True,sgd/eps0.1,0.9556168910473606,0.922069858515357,0.08609484705827183,825d464218184b86844617dfa7398baf
core,nf_ton_v2,1,reptile-200,200,3,0.4659623256394589,0.9319567201625517,0.5229764097641592,0.8537703434272348,112.0,True,sgd/eps0.1,0.9556168910473606,0.922069858515357,0.08609484705827183,825d464218184b86844617dfa7398baf
core,nf_ton_v2,1,finetune-200,200,4,0.6505364687021596,0.854428202529091,0.2386099216215957,0.8662426948623951,114.0,True,sgd/eps0.1,0.9556168910473606,0.922069858515357,0.08609484705827183,825d464218184b86844617dfa7398baf
core,nf_ton_v2,1,reptile-200,200,4,0.25813573019533637,0.9054549290671168,0.6632825653881544,0.8926113823505307,114.0,True,sgd/eps0.1,0.9556168910473606,0.922069858515357,0.08609484705827183,825d464218184b86844617dfa7398baf
core,nf_ton_v2,1,finetune-1000,1000,0,0.6710622277413124,0.9578989372680864,0.38495302284846644,0.837729085805639,567.0,True,sgd/eps0.1,0.9556168910473606,0.922069858515357,0.08609484705827183,825d464218184b86844617dfa7398baf
core,nf_ton_v2,1,reptile-1000,1000,0,0.4850820307623572,0.9455607894579929,0.5277201635289039,0.8564642011080563,567.0,True,sgd/eps0.1,0.9556168910473606,0.922069858515357,0.08609484705827183,825d464218184b86844617dfa7398baf
core,nf_ton_v2,1,finetune-1000,1000,1,0.6782436152668546,0.9556835746687277,0.3739073056576713,0.862612865289146,604.0,True,sgd/eps0.1,0.9556168910473606,0.922069858515357,0.08609484705827183,825d464218184b86844617dfa7398baf
core,nf_ton_v2,1,reptile-1000,1000,1,0.6179015630851714,0.9596923260389959,0.43696195053326764,0.890040154608323,604.0,True,sgd/eps0.1,0.9556168910473606,0.922069858515357,0.08609484705827183,825d464218184b86844617dfa7398baf
core,nf_ton_v2,1,finetune-1000,1000,2,0.6637231519260968,0.9309201322796219,0.3430041522132924,0.8784239958701208,565.0,True,sgd/eps0.1,0.9556168910473606,0.922069858515357,0.08609484705827183,825d464218184b86844617dfa7398baf
core,nf_ton_v2,1,reptile-1000,1000,2,0.665339456895249,0.9455928961623314,0.3674252233708009,0.8869930770852729,565.0,True,sgd/eps0.1,0.9556168910473606,0.922069858515357,0.08609484705827183,825d464218184b86844617dfa7398baf
core,nf_ton_v2,1,finetune-1000,1000,3,0.6718506691896793,0.9452855891350912,0.36061116824997896,0.8697208924071044,575.0,True,sgd/eps0.1,0.9556168910473606,0.922069858515357,0.08609484705827183,825d464218184b86844617dfa7398baf
core,nf_ton_v2,1,reptile-1000,1000,3,0.37416145966793474,0.9357865913229338,0.6058897391696613,0.8947973212508997,575.0,True,sgd/eps0.1,0.9556168910473606,0.922069858515357,0.08609484705827183,825d464218184b86844617dfa7398baf
core,nf_ton_v2,1,finetune-1000,1000,4,0.6729807685990052,0.9493310338817464,0.36697378664643016,0.8402409371068218,610.0,True,sgd/eps0.1,0.9556168910473606,0.922069858515357,0.08609484705827183,825d464218184b86844617dfa7398baf
core,nf_ton_v2,1,reptile-1000,1000,4,0.6031511376553066,0.9454231892965421,0.42482525985764785,0.8731629074116485,610.0,True,sgd/eps0.1,0.9556168910473606,0.922069858515357,0.08609484705827183,825d464218184b86844617dfa7398baf
core,nf_ton_v2,2,pooled-none,0,0,0.04716850964855222,0.21943556413772858,0.238287494079225,0.7584110589336226,,,sgd/eps0.1,0.9691856453396982,0.9528778222976889,0.10318339011764342,5e74c0885777481f8528dfec3f4101ab
core,nf_ton_v2,2,pooled-adabn,0,0,0.15500758874894052,0.08443604573829366,-0.10948980210334924,0.5654232326819646,,,sgd/eps0.1,0.9691856453396982,0.9528778222976889,0.10318339011764342,5e74c0885777481f8528dfec3f4101ab
core,nf_ton_v2,2,reptile-adabn,0,0,0.024316848336717063,0.23293413997605758,0.2897362558839744,0.7141249719050402,,,sgd/eps0.1,0.9691856453396982,0.9528778222976889,0.10318339011764342,5e74c0885777481f8528dfec3f4101ab
core,nf_ton_v2,2,finetune-50,50,0,0.2528466021458748,0.7654559381349674,0.5074905444988679,0.861671305705382,26.0,True,sgd/eps0.1,0.9691856453396982,0.9528778222976889,0.10318339011764342,5e74c0885777481f8528dfec3f4101ab
core,nf_ton_v2,2,reptile-50,50,0,0.5589130020565181,0.9271728212161102,0.4344532329012927,0.8611757447833501,26.0,True,sgd/eps0.1,0.9691856453396982,0.9528778222976889,0.10318339011764342,5e74c0885777481f8528dfec3f4101ab
core,nf_ton_v2,2,finetune-50,50,1,0.7215356211276027,0.9714984198914793,0.3642139679237638,0.7299285399696231,29.0,True,sgd/eps0.1,0.9691856453396982,0.9528778222976889,0.10318339011764342,5e74c0885777481f8528dfec3f4101ab
core,nf_ton_v2,2,reptile-50,50,1,0.6619820103942864,0.9714158597946089,0.41982103578134017,0.806418114317879,29.0,True,sgd/eps0.1,0.9691856453396982,0.9528778222976889,0.10318339011764342,5e74c0885777481f8528dfec3f4101ab
core,nf_ton_v2,2,finetune-50,50,2,0.6627967332242656,0.9388229682189494,0.357717259286339,0.8451690324632655,27.0,True,sgd/eps0.1,0.9691856453396982,0.9528778222976889,0.10318339011764342,5e74c0885777481f8528dfec3f4101ab
core,nf_ton_v2,2,reptile-50,50,2,0.573551731614531,0.9233337767116313,0.4151514932195386,0.847935031886579,27.0,True,sgd/eps0.1,0.9691856453396982,0.9528778222976889,0.10318339011764342,5e74c0885777481f8528dfec3f4101ab
core,nf_ton_v2,2,finetune-50,50,3,0.22876628624366782,0.8034794494158873,0.5707367943606501,0.8920152653242079,32.0,True,sgd/eps0.1,0.9691856453396982,0.9528778222976889,0.10318339011764342,5e74c0885777481f8528dfec3f4101ab
core,nf_ton_v2,2,reptile-50,50,3,0.35014684721975836,0.7580347027607179,0.4081074639873198,0.85313485285579,32.0,True,sgd/eps0.1,0.9691856453396982,0.9528778222976889,0.10318339011764342,5e74c0885777481f8528dfec3f4101ab
core,nf_ton_v2,2,finetune-50,50,4,0.3553965531968016,0.8588864477600987,0.5200478522675228,0.8666387548752985,31.0,True,sgd/eps0.1,0.9691856453396982,0.9528778222976889,0.10318339011764342,5e74c0885777481f8528dfec3f4101ab
core,nf_ton_v2,2,reptile-50,50,4,0.6412394299568328,0.950656582103723,0.39929250725625415,0.8513848724651231,31.0,True,sgd/eps0.1,0.9691856453396982,0.9528778222976889,0.10318339011764342,5e74c0885777481f8528dfec3f4101ab
core,nf_ton_v2,2,finetune-200,200,0,0.6972384838270947,0.9549267737807479,0.3541082872761365,0.8422522421731636,122.0,True,sgd/eps0.1,0.9691856453396982,0.9528778222976889,0.10318339011764342,5e74c0885777481f8528dfec3f4101ab
core,nf_ton_v2,2,reptile-200,200,0,0.6379608276007069,0.929337730422937,0.36512323024043686,0.8343554383528788,122.0,True,sgd/eps0.1,0.9691856453396982,0.9528778222976889,0.10318339011764342,5e74c0885777481f8528dfec3f4101ab
core,nf_ton_v2,2,finetune-200,200,1,0.6442486481514333,0.933786802309848,0.36670409845036195,0.8303404090267508,133.0,True,sgd/eps0.1,0.9691856453396982,0.9528778222976889,0.10318339011764342,5e74c0885777481f8528dfec3f4101ab
core,nf_ton_v2,2,reptile-200,200,1,0.5406014494181959,0.9074547180802025,0.42064753488749435,0.8535118925499283,133.0,True,sgd/eps0.1,0.9691856453396982,0.9528778222976889,0.10318339011764342,5e74c0885777481f8528dfec3f4101ab
core,nf_ton_v2,2,finetune-200,200,2,0.5612389043292005,0.9036844736564491,0.3961773012769775,0.8855925293656224,107.0,True,sgd/eps0.1,0.9691856453396982,0.9528778222976889,0.10318339011764342,5e74c0885777481f8528dfec3f4101ab
core,nf_ton_v2,2,reptile-200,200,2,0.6011800340343891,0.9516702366264109,0.43747720266459744,0.8508221122056452,107.0,True,sgd/eps0.1,0.9691856453396982,0.9528778222976889,0.10318339011764342,5e74c0885777481f8528dfec3f4101ab
core,nf_ton_v2,2,finetune-200,200,3,0.5339982522881228,0.9251822055471212,0.45352999737277633,0.8773408749587347,118.0,True,sgd/eps0.1,0.9691856453396982,0.9528778222976889,0.10318339011764342,5e74c0885777481f8528dfec3f4101ab
core,nf_ton_v2,2,reptile-200,200,3,0.5530588243023936,0.8892731500804961,0.3825809483725484,0.8449755511994335,118.0,True,sgd/eps0.1,0.9691856453396982,0.9528778222976889,0.10318339011764342,5e74c0885777481f8528dfec3f4101ab
core,nf_ton_v2,2,finetune-200,200,4,0.5645109363399234,0.9323786939910009,0.4377682877435297,0.853795338521915,119.0,True,sgd/eps0.1,0.9691856453396982,0.9528778222976889,0.10318339011764342,5e74c0885777481f8528dfec3f4101ab
core,nf_ton_v2,2,reptile-200,200,4,0.6569688368517533,0.9670126546281814,0.4156502789534694,0.8351497953572379,119.0,True,sgd/eps0.1,0.9691856453396982,0.9528778222976889,0.10318339011764342,5e74c0885777481f8528dfec3f4101ab
core,nf_ton_v2,2,finetune-1000,1000,0,0.641830761043108,0.932328240598469,0.36650968307532417,0.9059417687931727,576.0,True,sgd/eps0.1,0.9691856453396982,0.9528778222976889,0.10318339011764342,5e74c0885777481f8528dfec3f4101ab
core,nf_ton_v2,2,reptile-1000,1000,0,0.5681574780386205,0.9281222623301212,0.42765689670415036,0.8661296183935786,576.0,True,sgd/eps0.1,0.9691856453396982,0.9528778222976889,0.10318339011764342,5e74c0885777481f8528dfec3f4101ab
core,nf_ton_v2,2,finetune-1000,1000,1,0.3805609760905131,0.9658935066483811,0.6451946159797178,0.8936495377261539,573.0,True,sgd/eps0.1,0.9691856453396982,0.9528778222976889,0.10318339011764342,5e74c0885777481f8528dfec3f4101ab
core,nf_ton_v2,2,reptile-1000,1000,1,0.6352407046038411,0.9666227875040707,0.4344682514289387,0.8648525820512437,573.0,True,sgd/eps0.1,0.9691856453396982,0.9528778222976889,0.10318339011764342,5e74c0885777481f8528dfec3f4101ab
core,nf_ton_v2,2,finetune-1000,1000,2,0.6006478360567415,0.958275044376052,0.44968447509789855,0.8835807366420012,586.0,True,sgd/eps0.1,0.9691856453396982,0.9528778222976889,0.10318339011764342,5e74c0885777481f8528dfec3f4101ab
core,nf_ton_v2,2,reptile-1000,1000,2,0.609117011281283,0.9699618847552781,0.4637722220533732,0.8756889033352433,586.0,True,sgd/eps0.1,0.9691856453396982,0.9528778222976889,0.10318339011764342,5e74c0885777481f8528dfec3f4101ab
core,nf_ton_v2,2,finetune-1000,1000,3,0.5027036971333583,0.9444278814620476,0.510981168907726,0.8803125265486983,584.0,True,sgd/eps0.1,0.9691856453396982,0.9528778222976889,0.10318339011764342,5e74c0885777481f8528dfec3f4101ab
core,nf_ton_v2,2,reptile-1000,1000,3,0.6116334535706542,0.9594813391247713,0.44215045365129213,0.8614038609801521,584.0,True,sgd/eps0.1,0.9691856453396982,0.9528778222976889,0.10318339011764342,5e74c0885777481f8528dfec3f4101ab
core,nf_ton_v2,2,finetune-1000,1000,4,0.67795452006912,0.9706086055140971,0.4035988863911796,0.87569491770757,602.0,True,sgd/eps0.1,0.9691856453396982,0.9528778222976889,0.10318339011764342,5e74c0885777481f8528dfec3f4101ab
core,nf_ton_v2,2,reptile-1000,1000,4,0.584793592599163,0.9449828687798993,0.44052989090262673,0.8623972347782343,602.0,True,sgd/eps0.1,0.9691856453396982,0.9528778222976889,0.10318339011764342,5e74c0885777481f8528dfec3f4101ab
