cfg_hash,run_id,model,track,source,target,kind,seed,threshold,fpr_at_thr,dr_at_thr,pr_auc,mcc_at_thr,roc_auc,oracle_fpr_at_dr,n,n_attack,part,k,removed,pair_target
ffd0dadc20,3eb2ea224f4f434988b6bd3002707581,rf,cic77,lycos17,lycos17,within,0,0.9999973743354781,0.002097616445312931,0.8554840315811936,0.9866687492652576,0.9047439704415075,0.9985913710276199,0.002811542042489613,327973,56236,ablation,1,flag_ece,lycos18
ffd0dadc20,3eb2ea224f4f434988b6bd3002707581,rf,cic77,lycos17,lycos18,cross,0,0.9999973743354781,2.3702018226852015e-05,0.0,0.4356480640442998,-0.0027753049311093395,0.6219543639282178,1.0,2000022,649926,ablation,1,flag_ece,lycos18
ffd0dadc20,5261fcefe8954fb6bac8b8f208f6577b,rf,cic77,lycos17,lycos17,within,1,0.9999940658815223,0.0020792163010558,0.87193256988406,0.9867699827896768,0.915117470018592,0.9985996695463397,0.002793141898232482,327973,56236,ablation,1,flag_ece,lycos18
ffd0dadc20,5261fcefe8954fb6bac8b8f208f6577b,rf,cic77,lycos17,lycos18,cross,1,0.9999940658815223,2.814614664438677e-05,0.0,0.4428136114357575,-0.00302432296956447,0.6204207045577088,1.0,2000022,649926,ablation,1,flag_ece,lycos18
ffd0dadc20,d78b0a8686ea4d97b83b8d038da5faba,rf,cic77,lycos17,lycos17,within,2,0.9999978857473079,0.002149136849232898,0.8663489579628708,0.9862559331761884,0.9114028126230614,0.998530946303232,0.0028041819847867606,327973,56236,ablation,1,flag_ece,lycos18
ffd0dadc20,d78b0a8686ea4d97b83b8d038da5faba,rf,cic77,lycos17,lycos18,cross,2,0.9999978857473079,2.444270629644114e-05,0.0,0.4807906953583018,-0.0028183361852011364,0.6985464250574512,1.0,2000022,649926,ablation,1,flag_ece,lycos18
f637279b89,64301ccdd15c44df833cb9bf37f7a085,rf,cic77,lycos17,lycos17,within,0,0.9999966311842349,0.002053456099095817,0.8720926097161961,0.9869234398467186,0.9152977727511681,0.9986077042149224,0.0028888226483695634,327973,56236,ablation,3,flag_ece;flag_cwr;dst_port,lycos18
f637279b89,64301ccdd15c44df833cb9bf37f7a085,rf,cic77,lycos17,lycos18,cross,0,0.9999966311842349,2.518339436603027e-05,0.0,0.4568028706500953,-0.0028607202739329846,0.6553537813680166,1.0,2000022,649926,ablation,3,flag_ece;flag_cwr;dst_port,lycos18
f637279b89,2653e41d09d74cd4b7f3e2cb21c90407,rf,cic77,lycos17,lycos17,within,1,0.9999976012846369,0.0020644961856500954,0.8673625435663987,0.9867769387306903,0.9123021925020511,0.9985945662514752,0.0028961827060724156,327973,56236,ablation,3,flag_ece;flag_cwr;dst_port,lycos18
f637279b89,2653e41d09d74cd4b7f3e2cb21c90407,rf,cic77,lycos17,lycos18,cross,1,0.9999976012846369,1.0369632974247757e-05,0.0,0.47965039037789403,-0.001835683404423603,0.723458580109634,1.0,2000022,649926,ablation,3,flag_ece;flag_cwr;dst_port,lycos18
f637279b89,2f20b701e422499fb95b4ce8bbf71e5a,rf,cic77,lycos17,lycos17,within,2,0.9999945931928457,0.0021012964741643574,0.8814638309979372,0.9867652333244072,0.9210048762897943,0.9985798558864842,0.0028777825618152846,327973,56236,ablation,3,flag_ece;flag_cwr;dst_port,lycos18
f637279b89,2f20b701e422499fb95b4ce8bbf71e5a,rf,cic77,lycos17,lycos18,cross,2,0.9999945931928457,2.518339436603027e-05,2.4618187301323537e-05,0.4113913783239833,-5.2944993886910896e-05,0.6206082710358576,1.0,2000022,649926,ablation,3,flag_ece;flag_cwr;dst_port,lycos18
b47bdf1a11,6cd81570018342e6b90fc08a397bddf3,rf,cic77,lycos17,lycos17,within,0,0.9999930979425649,0.0021196966184214884,0.8701899139341347,0.9865696530709817,0.9139007453621093,0.9985811256652704,0.0028520223598553014,327973,56236,ablation,5,flag_ece;flag_cwr;dst_port;bwd_iat_min;bwd_tcp_init_win_bytes,lycos18
b47bdf1a11,6cd81570018342e6b90fc08a397bddf3,rf,cic77,lycos17,lycos18,cross,0,0.9999930979425649,2.5924082435619394e-05,4.615910118998163e-06,0.43878853307743765,-0.0022895778875453017,0.6481476935737325,1.0,2000022,649926,ablation,5,flag_ece;flag_cwr;dst_port;bwd_iat_min;bwd_tcp_init_win_bytes,lycos18
b47bdf1a11,1e6466be6c2840f9882d33ff102fe0d0,rf,cic77,lycos17,lycos17,within,1,0.9999980758764506,0.0021380967626786194,0.8141048438722527,0.9863546335445414,0.8784358302716107,0.9985681207720752,0.002866742475261006,327973,56236,ablation,5,flag_ece;flag_cwr;dst_port;bwd_iat_min;bwd_tcp_init_win_bytes,lycos18
b47bdf1a11,1e6466be6c2840f9882d33ff102fe0d0,rf,cic77,lycos17,lycos18,cross,1,0.9999980758764506,1.2591697183015134e-05,7.693183531663605e-06,0.44465764296264837,-0.0006917549336829272,0.6510376973585444,1.0,2000022,649926,ablation,5,flag_ece;flag_cwr;dst_port;bwd_iat_min;bwd_tcp_init_win_bytes,lycos18
b47bdf1a11,67048ccd3f184f618c687e665aa4e776,rf,cic77,lycos17,lycos17,within,2,0.9999973494575716,0.002112336560718636,0.81723451170069,0.9864691406929347,0.8805109580355175,0.9985467354632236,0.0028557023887067273,327973,56236,ablation,5,flag_ece;flag_cwr;dst_port;bwd_iat_min;bwd_tcp_init_win_bytes,lycos18
b47bdf1a11,67048ccd3f184f618c687e665aa4e776,rf,cic77,lycos17,lycos18,cross,2,0.9999973494575716,5.184816487123879e-06,1.692500376965993e-05,0.45799879009294453,0.0018328951459718015,0.6968388873967187,1.0,2000022,649926,ablation,5,flag_ece;flag_cwr;dst_port;bwd_iat_min;bwd_tcp_init_win_bytes,lycos18
5de3cdb5a5,7337a8a0fbb146c58945ba6524418f78,rf,cic77,lycos17,lycos17,within,0,0.9999940341929158,0.0022116973397071434,0.869638665623444,0.985988540550021,0.9132690348776904,0.9985234930276422,0.002907222792626694,327973,56236,ablation,10,flag_ece;flag_cwr;dst_port;bwd_iat_min;bwd_tcp_init_win_bytes;flag_rst;fwd_iat_tot;fwd_pkt_len_tot;fwd_subflow_bytes_mean;fwd_iat_max,lycos18
5de3cdb5a5,7337a8a0fbb146c58945ba6524418f78,rf,cic77,lycos17,lycos18,cross,0,0.9999940341929158,1.7035825600549885e-05,0.0,0.4063486539826025,-0.0023528739368354127,0.6106498050076855,1.0,2000022,649926,ablation,10,flag_ece;flag_cwr;dst_port;bwd_iat_min;bwd_tcp_init_win_bytes;flag_rst;fwd_iat_tot;fwd_pkt_len_tot;fwd_subflow_bytes_mean;fwd_iat_max,lycos18
5de3cdb5a5,919cee977b1144f4b5106f2706ed4b9d,rf,cic77,lycos17,lycos17,within,1,0.9999964159234952,0.0021932971954500124,0.8196706735898712,0.9861205473139001,0.8817993682816937,0.998538199139097,0.0028925026772209893,327973,56236,ablation,10,flag_ece;flag_cwr;dst_port;bwd_iat_min;bwd_tcp_init_win_bytes;flag_rst;fwd_iat_tot;fwd_pkt_len_tot;fwd_subflow_bytes_mean;fwd_iat_max,lycos18
5de3cdb5a5,919cee977b1144f4b5106f2706ed4b9d,rf,cic77,lycos17,lycos18,cross,1,0.9999964159234952,5.184816487123879e-06,4.615910118998163e-06,0.4311489091149016,-0.00011916227204373436,0.6652206807467302,1.0,2000022,649926,ablation,10,flag_ece;flag_cwr;dst_port;bwd_iat_min;bwd_tcp_init_win_bytes;flag_rst;fwd_iat_tot;fwd_pkt_len_tot;fwd_subflow_bytes_mean;fwd_iat_max,lycos18
5de3cdb5a5,ea88e521f276416fbbd6aa69eec925ce,rf,cic77,lycos17,lycos17,within,2,0.999997437278529,0.002163856964638603,0.8717369656447826,0.9863430261122467,0.9147317120700345,0.998531385595388,0.0028777825618152846,327973,56236,ablation,10,flag_ece;flag_cwr;dst_port;bwd_iat_min;bwd_tcp_init_win_bytes;flag_rst;fwd_iat_tot;fwd_pkt_len_tot;fwd_subflow_bytes_mean;fwd_iat_max,lycos18
5de3cdb5a5,ea88e521f276416fbbd6aa69eec925ce,rf,cic77,lycos17,lycos18,cross,2,0.999997437278529,1.0369632974247757e-05,7.693183531663605e-06,0.4206247190361,-0.0004067065819460765,0.6439815838988506,1.0,2000022,649926,ablation,10,flag_ece;flag_cwr;dst_port;bwd_iat_min;bwd_tcp_init_win_bytes;flag_rst;fwd_iat_tot;fwd_pkt_len_tot;fwd_subflow_bytes_mean;fwd_iat_max,lycos18
c81c968f70,c72eabb701b44a08918f3bc9feac81ae,xgb,cic77,lycos17,lycos17,within,0,0.999984622001648,0.0012512098094849063,0.8298598762358631,0.9972323065597977,0.8912900784260787,0.9994891599583117,0.002918262879180973,327973,56236,ablation,1,flag_ece,lycos18
c81c968f70,c72eabb701b44a08918f3bc9feac81ae,xgb,cic77,lycos17,lycos18,cross,0,0.999984622001648,6.66619262630213e-06,0.0,0.5376179321347743,-0.0014718192395072973,0.6831860492879795,0.8491011009587467,2000022,649926,ablation,1,flag_ece,lycos18
c81c968f70,70a713237c4a49c69bb13c7ea948ba9e,xgb,cic77,lycos17,lycos17,within,1,0.999984622001648,0.0012512098094849063,0.8298598762358631,0.9972323065597977,0.8912900784260787,0.9994891599583117,0.002918262879180973,327973,56236,ablation,1,flag_ece,lycos18
c81c968f70,70a713237c4a49c69bb13c7ea948ba9e,xgb,cic77,lycos17,lycos18,cross,1,0.999984622001648,6.66619262630213e-06,0.0,0.5376179321347743,-0.0014718192395072973,0.6831860492879795,0.8491011009587467,2000022,649926,ablation,1,flag_ece,lycos18
c81c968f70,dc03bcfede0f4ed796b4bbd0c9796812,xgb,cic77,lycos17,lycos17,within,2,0.999984622001648,0.0012512098094849063,0.8298598762358631,0.9972323065597977,0.8912900784260787,0.9994891599583117,0.002918262879180973,327973,56236,ablation,1,flag_ece,lycos18
c81c968f70,dc03bcfede0f4ed796b4bbd0c9796812,xgb,cic77,lycos17,lycos18,cross,2,0.999984622001648,6.66619262630213e-06,0.0,0.5376179321347743,-0.0014718192395072973,0.6831860492879795,0.8491011009587467,2000022,649926,ablation,1,flag_ece,lycos18
1f07c35b70,e060af39f93f45fcb738592027f77167,xgb,cic77,lycos17,lycos17,within,0,0.9999830722808838,0.0011224087996849895,0.8385375915783484,0.9970286578851217,0.8971772765857918,0.9994460187267065,0.002955063167695235,327973,56236,ablation,3,flag_ece;flag_cwr;dst_port,lycos18
1f07c35b70,e060af39f93f45fcb738592027f77167,xgb,cic77,lycos17,lycos18,cross,0,0.9999830722808838,1.0369632974247757e-05,0.0,0.44539489889384376,-0.001835683404423603,0.6602593778201149,0.8952474490702883,2000022,649926,ablation,3,flag_ece;flag_cwr;dst_port,lycos18
1f07c35b70,e3bbb7b6c86d43d99d36a30d33f43f29,xgb,cic77,lycos17,lycos17,within,1,0.9999830722808838,0.0011224087996849895,0.8385375915783484,0.9970286578851217,0.8971772765857918,0.9994460187267065,0.002955063167695235,327973,56236,ablation,3,flag_ece;flag_cwr;dst_port,lycos18
1f07c35b70,e3bbb7b6c86d43d99d36a30d33f43f29,xgb,cic77,lycos17,lycos18,cross,1,0.9999830722808838,1.0369632974247757e-05,0.0,0.44539489889384376,-0.001835683404423603,0.6602593778201149,0.8952474490702883,2000022,649926,ablation,3,flag_ece;flag_cwr;dst_port,lycos18
1f07c35b70,77a11c91788c403888a0fb0d67d87328,xgb,cic77,lycos17,lycos17,within,2,0.9999830722808838,0.0011224087996849895,0.8385375915783484,0.9970286578851217,0.8971772765857918,0.9994460187267065,0.002955063167695235,327973,56236,ablation,3,flag_ece;flag_cwr;dst_port,lycos18
1f07c35b70,77a11c91788c403888a0fb0d67d87328,xgb,cic77,lycos17,lycos18,cross,2,0.9999830722808838,1.0369632974247757e-05,0.0,0.44539489889384376,-0.001835683404423603,0.6602593778201149,0.8952474490702883,2000022,649926,ablation,3,flag_ece;flag_cwr;dst_port,lycos18
04f4cf0d62,5829c0c054db4314b4395bf76118788f,xgb,cic77,lycos17,lycos17,within,0,0.9999891519546509,0.0011849692901592349,0.8318870474429191,0.9965182293684053,0.892783382569689,0.9993764074433482,0.002907222792626694,327973,56236,ablation,5,flag_ece;flag_cwr;dst_port;bwd_iat_min;bwd_tcp_init_win_bytes,lycos18
04f4cf0d62,5829c0c054db4314b4395bf76118788f,xgb,cic77,lycos17,lycos18,cross,0,0.9999891519546509,1.0369632974247757e-05,0.0,0.490755065606393,-0.001835683404423603,0.7559904265219949,0.5790595631718041,2000022,649926,ablation,5,flag_ece;flag_cwr;dst_port;bwd_iat_min;bwd_tcp_init_win_bytes,lycos18
04f4cf0d62,943a3aad69904d9596c8c73680aaa04e,xgb,cic77,lycos17,lycos17,within,1,0.9999891519546509,0.0011849692901592349,0.8318870474429191,0.9965182293684053,0.892783382569689,0.9993764074433482,0.002907222792626694,327973,56236,ablation,5,flag_ece;flag_cwr;dst_port;bwd_iat_min;bwd_tcp_init_win_bytes,lycos18
04f4cf0d62,943a3aad69904d9596c8c73680aaa04e,xgb,cic77,lycos17,lycos18,cross,1,0.9999891519546509,1.0369632974247757e-05,0.0,0.490755065606393,-0.001835683404423603,0.7559904265219949,0.5790595631718041,2000022,649926,ablation,5,flag_ece;flag_cwr;dst_port;bwd_iat_min;bwd_tcp_init_win_bytes,lycos18
04f4cf0d62,a74e8c5a52954787afdc999666cd7a1b,xgb,cic77,lycos17,lycos17,within,2,0.9999891519546509,0.0011849692901592349,0.8318870474429191,0.9965182293684053,0.892783382569689,0.9993764074433482,0.002907222792626694,327973,56236,ablation,5,flag_ece;flag_cwr;dst_port;bwd_iat_min;bwd_tcp_init_win_bytes,lycos18
04f4cf0d62,a74e8c5a52954787afdc999666cd7a1b,xgb,cic77,lycos17,lycos18,cross,2,0.9999891519546509,1.0369632974247757e-05,0.0,0.490755065606393,-0.001835683404423603,0.7559904265219949,0.5790595631718041,2000022,649926,ablation,5,flag_ece;flag_cwr;dst_port;bwd_iat_min;bwd_tcp_init_win_bytes,lycos18
a9a375b2da,260d8b642c5c430f8e00df33bcacc178,xgb,cic77,lycos17,lycos17,within,0,0.9999934434890747,0.0012144095209706445,0.8317625720179245,0.9965072040135361,0.8926100784498615,0.9993809995612908,0.002921942908032399,327973,56236,ablation,10,flag_ece;flag_cwr;dst_port;bwd_iat_min;bwd_tcp_init_win_bytes;flag_rst;fwd_iat_tot;fwd_pkt_len_tot;fwd_subflow_bytes_mean;fwd_iat_max,lycos18
a9a375b2da,260d8b642c5c430f8e00df33bcacc178,xgb,cic77,lycos17,lycos18,cross,0,0.9999934434890747,5.184816487123879e-06,0.0,0.48103488495494645,-0.0012980219118522653,0.7285642687342428,0.5758457176378569,2000022,649926,ablation,10,flag_ece;flag_cwr;dst_port;bwd_iat_min;bwd_tcp_init_win_bytes;flag_rst;fwd_iat_tot;fwd_pkt_len_tot;fwd_subflow_bytes_mean;fwd_iat_max,lycos18
a9a375b2da,3767f9a55dfd466882c46cbf6b104ae9,xgb,cic77,lycos17,lycos17,within,1,0.9999934434890747,0.0012144095209706445,0.8317625720179245,0.9965072040135361,0.8926100784498615,0.9993809995612908,0.002921942908032399,327973,56236,ablation,10,flag_ece;flag_cwr;dst_port;bwd_iat_min;bwd_tcp_init_win_bytes;flag_rst;fwd_iat_tot;fwd_pkt_len_tot;fwd_subflow_bytes_mean;fwd_iat_max,lycos18
a9a375b2da,3767f9a55dfd466882c46cbf6b104ae9,xgb,cic77,lycos17,lycos18,cross,1,0.9999934434890747,5.184816487123879e-06,0.0,0.48103488495494645,-0.0012980219118522653,0.7285642687342428,0.5758457176378569,2000022,649926,ablation,10,flag_ece;flag_cwr;dst_port;bwd_iat_min;bwd_tcp_init_win_bytes;flag_rst;fwd_iat_tot;fwd_pkt_len_tot;fwd_subflow_bytes_mean;fwd_iat_max,lycos18
a9a375b2da,e5ec0a9d01bc44058835286209bfbd12,xgb,cic77,lycos17,lycos17,within,2,0.9999934434890747,0.0012144095209706445,0.8317625720179245,0.9965072040135361,0.8926100784498615,0.9993809995612908,0.002921942908032399,327973,56236,ablation,10,flag_ece;flag_cwr;dst_port;bwd_iat_min;bwd_tcp_init_win_bytes;flag_rst;fwd_iat_tot;fwd_pkt_len_tot;fwd_subflow_bytes_mean;fwd_iat_max,lycos18
a9a375b2da,e5ec0a9d01bc44058835286209bfbd12,xgb,cic77,lycos17,lycos18,cross,2,0.9999934434890747,5.184816487123879e-06,0.0,0.48103488495494645,-0.0012980219118522653,0.7285642687342428,0.5758457176378569,2000022,649926,ablation,10,flag_ece;flag_cwr;dst_port;bwd_iat_min;bwd_tcp_init_win_bytes;flag_rst;fwd_iat_tot;fwd_pkt_len_tot;fwd_subflow_bytes_mean;fwd_iat_max,lycos18
764604e224,d897f4f9f9c9402ebfdf934d6e713289,mlp,cic77,lycos17,lycos17,within,0,0.9999861717224121,0.001357930646176266,0.8398534746425778,0.9957912102717947,0.8972522893917795,0.9993196163842646,0.0030801841486437255,327973,56236,ablation,1,flag_ece,lycos18
764604e224,d897f4f9f9c9402ebfdf934d6e713289,mlp,cic77,lycos17,lycos18,cross,0,0.9999861717224121,0.0034086464962491555,0.0006631524204294027,0.3368320660486814,-0.025665579456019223,0.5330523796194186,0.8364197805193112,2000022,649926,ablation,1,flag_ece,lycos18
764604e224,cd1cd6658d614aea8bb8f653282da2e5,mlp,cic77,lycos17,lycos17,within,1,0.9999595880508423,0.001887854800781638,0.8379863432676578,0.9900185923066269,0.8943831653823012,0.9988995881349874,0.002682741032689696,327973,56236,ablation,1,flag_ece,lycos18
764604e224,cd1cd6658d614aea8bb8f653282da2e5,mlp,cic77,lycos17,lycos18,cross,1,0.9999595880508423,0.0010717756366954647,0.000766241079753695,0.33328760458196255,-0.004591014930301962,0.5583470233867514,0.7057557388511632,2000022,649926,ablation,1,flag_ece,lycos18
764604e224,bb5bdc1c1c154434b42aef50bc9a6f19,mlp,cic77,lycos17,lycos17,within,2,0.9999902248382568,0.0013100902711077255,0.8516608578135002,0.9972028494817295,0.9048299344121823,0.9994887052879855,0.0028225821290438916,327973,56236,ablation,1,flag_ece,lycos18
764604e224,bb5bdc1c1c154434b42aef50bc9a6f19,mlp,cic77,lycos17,lycos18,cross,2,0.9999902248382568,0.0036212239722212347,0.000650843326778741,0.4780345363111436,-0.027030711145303976,0.6557866720466214,0.6928781360732866,2000022,649926,ablation,1,flag_ece,lycos18
7aa04c57d0,a0878918dc8f4d1fa7cb706ad73a7a35,mlp,cic77,lycos17,lycos17,within,0,0.9999548196792603,0.0014278511943533636,0.8192083362970339,0.9940252579437121,0.8839775178397119,0.9991413030650989,0.002715861292352532,327973,56236,ablation,3,flag_ece;flag_cwr;dst_port,lycos18
7aa04c57d0,a0878918dc8f4d1fa7cb706ad73a7a35,mlp,cic77,lycos17,lycos18,cross,0,0.9999548196792603,0.0009347483438214764,0.0005769887648747704,0.429184381832157,-0.005859244637909306,0.6926104427856513,0.5873315675329754,2000022,649926,ablation,3,flag_ece;flag_cwr;dst_port,lycos18
7aa04c57d0,9ac23abbce6a423fbd490816899aa329,mlp,cic77,lycos17,lycos17,within,1,0.9999481439590454,0.0015787323772618377,0.8494203001635963,0.9920475907136878,0.902570371531496,0.999014010784675,0.002899862734923842,327973,56236,ablation,3,flag_ece;flag_cwr;dst_port,lycos18
7aa04c57d0,9ac23abbce6a423fbd490816899aa329,mlp,cic77,lycos17,lycos18,cross,1,0.9999481439590454,0.0009599317381875067,0.0006569978736040719,0.3383839710435227,-0.004836032733932738,0.513363944077311,0.8770087460447257,2000022,649926,ablation,3,flag_ece;flag_cwr;dst_port,lycos18
7aa04c57d0,5fc366c8357d4fe78912a47c2dffa3a9,mlp,cic77,lycos17,lycos17,within,2,0.9999818801879883,0.0020571361279472433,0.8575112027882495,0.9925002024407185,0.906145183772969,0.9989425394952697,0.0030213036870209062,327973,56236,ablation,3,flag_ece;flag_cwr;dst_port,lycos18
7aa04c57d0,5fc366c8357d4fe78912a47c2dffa3a9,mlp,cic77,lycos17,lycos18,cross,2,0.9999818801879883,0.0007517983906329624,0.0006031455888824266,0.42689490891527127,-0.002625885347705242,0.6978109306919086,0.6206351252059112,2000022,649926,ablation,3,flag_ece;flag_cwr;dst_port,lycos18
1ff9779a25,121362fb65744ed9a300c026c5cb4f97,mlp,cic77,lycos17,lycos17,within,0,0.999974250793457,0.001714893444764607,0.8415072195746497,0.9862040712264386,0.897155789741626,0.9986840947846617,0.002925622936883825,327973,56236,ablation,5,flag_ece;flag_cwr;dst_port;bwd_iat_min;bwd_tcp_init_win_bytes,lycos18
1ff9779a25,121362fb65744ed9a300c026c5cb4f97,mlp,cic77,lycos17,lycos18,cross,0,0.999974250793457,0.0009517841694220263,0.0006323796863027483,0.33056796798451116,-0.005139361832639256,0.5274713966986131,0.7943509202308576,2000022,649926,ablation,5,flag_ece;flag_cwr;dst_port;bwd_iat_min;bwd_tcp_init_win_bytes,lycos18
1ff9779a25,d49bc4a3d4b94b8cb111451e75a291ed,mlp,cic77,lycos17,lycos17,within,1,0.9999794960021973,0.001490411684827609,0.7771712070559784,0.9938496251754223,0.856922834070443,0.9990833588722859,0.002944023081140956,327973,56236,ablation,5,flag_ece;flag_cwr;dst_port;bwd_iat_min;bwd_tcp_init_win_bytes,lycos18
1ff9779a25,d49bc4a3d4b94b8cb111451e75a291ed,mlp,cic77,lycos17,lycos18,cross,1,0.9999794960021973,0.0009621538023962741,0.0005723728547557722,0.28139956884754697,-0.006318453255985998,0.4249832266200332,0.8641000343679265,2000022,649926,ablation,5,flag_ece;flag_cwr;dst_port;bwd_iat_min;bwd_tcp_init_win_bytes,lycos18
1ff9779a25,2925727fb9c6429194c0f9d386af5200,mlp,cic77,lycos17,lycos17,within,2,0.9999887943267822,0.0014168111077990852,0.8215378049647912,0.9954986188174003,0.8854900640848393,0.999281385696884,0.002944023081140956,327973,56236,ablation,5,flag_ece;flag_cwr;dst_port;bwd_iat_min;bwd_tcp_init_win_bytes,lycos18
1ff9779a25,2925727fb9c6429194c0f9d386af5200,mlp,cic77,lycos17,lycos18,cross,2,0.9999887943267822,0.0009406738483781894,0.0006093001357077575,0.29123046002613245,-0.0053797043186943625,0.4401476493204085,0.9654831952690771,2000022,649926,ablation,5,flag_ece;flag_cwr;dst_port;bwd_iat_min;bwd_tcp_init_win_bytes,lycos18
d549cb2e30,03a988f4ba3944ce915b3d840dfd5703,mlp,cic77,lycos17,lycos17,within,0,0.9999675750732422,0.001449931367461921,0.7924283377196102,0.9959451212240399,0.8668462426621363,0.9992846183845797,0.0029845033985066442,327973,56236,ablation,10,flag_ece;flag_cwr;dst_port;bwd_iat_min;bwd_tcp_init_win_bytes;flag_rst;fwd_iat_tot;fwd_pkt_len_tot;fwd_subflow_bytes_mean;fwd_iat_max,lycos18
d549cb2e30,03a988f4ba3944ce915b3d840dfd5703,mlp,cic77,lycos17,lycos18,cross,0,0.9999675750732422,0.0001859127054668705,0.000584681948406434,0.24926827371341315,0.010516528147917495,0.3430685793052799,0.963861088396677,2000022,649926,ablation,10,flag_ece;flag_cwr;dst_port;bwd_iat_min;bwd_tcp_init_win_bytes;flag_rst;fwd_iat_tot;fwd_pkt_len_tot;fwd_subflow_bytes_mean;fwd_iat_max,lycos18
d549cb2e30,65dc1bf73dbe4276bc1fdd7759d20195,mlp,cic77,lycos17,lycos17,within,1,0.9999300241470337,0.001490411684827609,0.8479621594708017,0.994879950777548,0.9019338335348187,0.9992085794187068,0.0026312206287697295,327973,56236,ablation,10,flag_ece;flag_cwr;dst_port;bwd_iat_min;bwd_tcp_init_win_bytes;flag_rst;fwd_iat_tot;fwd_pkt_len_tot;fwd_subflow_bytes_mean;fwd_iat_max,lycos18
d549cb2e30,65dc1bf73dbe4276bc1fdd7759d20195,mlp,cic77,lycos17,lycos18,cross,1,0.9999300241470337,0.0009717827473009326,0.0005939137686444303,0.24427704210953707,-0.006076503123266151,0.3335576303016863,0.9731545016058117,2000022,649926,ablation,10,flag_ece;flag_cwr;dst_port;bwd_iat_min;bwd_tcp_init_win_bytes;flag_rst;fwd_iat_tot;fwd_pkt_len_tot;fwd_subflow_bytes_mean;fwd_iat_max,lycos18
d549cb2e30,1ed4bfa2deb34894b725e8d759a8a067,mlp,cic77,lycos17,lycos17,within,2,0.9998406171798706,0.0014278511943533636,0.8497759442350096,0.9933771375237108,0.9032725062203156,0.9991686753246508,0.002664340888432565,327973,56236,ablation,10,flag_ece;flag_cwr;dst_port;bwd_iat_min;bwd_tcp_init_win_bytes;flag_rst;fwd_iat_tot;fwd_pkt_len_tot;fwd_subflow_bytes_mean;fwd_iat_max,lycos18
d549cb2e30,1ed4bfa2deb34894b725e8d759a8a067,mlp,cic77,lycos17,lycos18,cross,2,0.9998406171798706,0.000967338618883398,0.0005831433117001012,0.2739590183976022,-0.006202003674625213,0.4143051449756813,0.9435632725376566,2000022,649926,ablation,10,flag_ece;flag_cwr;dst_port;bwd_iat_min;bwd_tcp_init_win_bytes;flag_rst;fwd_iat_tot;fwd_pkt_len_tot;fwd_subflow_bytes_mean;fwd_iat_max,lycos18
1f9f2a6377,4cfe7616636b467e9ed8ba841d6fd52c,rf,cic77,lycos18,lycos18,within,0,0.9958644719794671,0.00019628233844111827,0.9501066275237489,0.9998627354193305,0.962921855533034,0.9999480099903195,0.00019628233844111827,2000022,649926,ablation,1,flag_ece,lycos17
1f9f2a6377,4cfe7616636b467e9ed8ba841d6fd52c,rf,cic77,lycos18,lycos17,cross,0,0.9958644719794671,0.0,0.0,0.7352808478222754,0.0,0.9323713720378048,0.4217791467485105,327973,56236,ablation,1,flag_ece,lycos17
1f9f2a6377,c82f8096fd2d400d85af7ab797499c80,rf,cic77,lycos18,lycos18,within,1,0.99585067570317,0.00019035683388440524,0.9504651298763244,0.9998665733135743,0.9631942958725814,0.9999493766322096,0.00018813476967563788,2000022,649926,ablation,1,flag_ece,lycos17
1f9f2a6377,c82f8096fd2d400d85af7ab797499c80,rf,cic77,lycos18,lycos17,cross,1,0.99585067570317,0.0,0.0,0.7214557208822779,0.0,0.9324294439348693,0.3734419677850274,327973,56236,ablation,1,flag_ece,lycos17
1f9f2a6377,c8a356a1b55d44829225bc05e87091c0,rf,cic77,lycos18,lycos18,within,2,0.9958319117705292,0.00020220784299783127,0.9504282025953724,0.9998625715032843,0.9631483009093786,0.9999481717767219,0.000200726466858653,2000022,649926,ablation,1,flag_ece,lycos17
1f9f2a6377,c8a356a1b55d44829225bc05e87091c0,rf,cic77,lycos18,lycos17,cross,2,0.9958319117705292,0.0,0.0,0.7245569136456398,0.0,0.9165913963802678,0.6267457136863953,327973,56236,ablation,1,flag_ece,lycos17
5ee1bbbb1c,5add52234ef9494fa7bf930f7208290c,rf,cic77,lycos18,lycos18,within,0,0.9957486437243865,0.00018665339353645964,0.9503881980410077,0.9998676222399402,0.9631437681464777,0.9999493712097558,0.00018665339353645964,2000022,649926,ablation,3,flag_ece;flag_cwr;dst_port,lycos17
5ee1bbbb1c,5add52234ef9494fa7bf930f7208290c,rf,cic77,lycos18,lycos17,cross,0,0.9957486437243865,0.0,0.0,0.689198033480315,0.0,0.9191047292976864,0.463462833548615,327973,56236,ablation,3,flag_ece;flag_cwr;dst_port,lycos17
5ee1bbbb1c,a41cdbea313241bbb73aa724437feff9,rf,cic77,lycos18,lycos18,within,1,0.995872768881272,0.000188875457745227,0.9502297184602555,0.9998358114979115,0.963023967689497,0.9999434361030792,0.000188875457745227,2000022,649926,ablation,3,flag_ece;flag_cwr;dst_port,lycos17
5ee1bbbb1c,a41cdbea313241bbb73aa724437feff9,rf,cic77,lycos18,lycos17,cross,1,0.995872768881272,0.0,0.0,0.7454961395313298,0.0,0.9175293002168254,0.4792501573212334,327973,56236,ablation,3,flag_ece;flag_cwr;dst_port,lycos17
5ee1bbbb1c,5d50c22bf6b24102893e69a0d5043a12,rf,cic77,lycos18,lycos18,within,2,0.995816738017996,0.00019183821002358351,0.9501789434489465,0.9998569763631926,0.9629819941449904,0.9999476734796396,0.00019183821002358351,2000022,649926,ablation,3,flag_ece;flag_cwr;dst_port,lycos17
5ee1bbbb1c,5d50c22bf6b24102893e69a0d5043a12,rf,cic77,lycos18,lycos17,cross,2,0.995816738017996,0.0,8.891101785333238e-05,0.7322295801453401,0.008582947252682513,0.9212389748757509,0.507818221294855,327973,56236,ablation,3,flag_ece;flag_cwr;dst_port,lycos17
2642330e9d,b1ad1be50e1645dea08f9430eb039df6,rf,cic77,lycos18,lycos18,within,0,0.9958363413143936,0.00019183821002358351,0.9501297070743439,0.9998186529483347,0.9629458767654049,0.9999398380341868,0.00019183821002358351,2000022,649926,ablation,5,flag_ece;flag_cwr;dst_port;bwd_iat_min;bwd_tcp_init_win_bytes,lycos17
2642330e9d,b1ad1be50e1645dea08f9430eb039df6,rf,cic77,lycos18,lycos17,cross,0,0.9958363413143936,0.0,8.891101785333238e-05,0.7012336204748074,0.008582947252682513,0.9100182743298845,0.37050898479044075,327973,56236,ablation,5,flag_ece;flag_cwr;dst_port;bwd_iat_min;bwd_tcp_init_win_bytes,lycos17
2642330e9d,88fef4c0956e41609f1deda87d8abfbc,rf,cic77,lycos18,lycos18,within,1,0.9958903438209048,0.00019257889809317264,0.9503881980410077,0.9998669960549548,0.9631343149070292,0.9999492411791266,0.00019257889809317264,2000022,649926,ablation,5,flag_ece;flag_cwr;dst_port;bwd_iat_min;bwd_tcp_init_win_bytes,lycos17
2642330e9d,88fef4c0956e41609f1deda87d8abfbc,rf,cic77,lycos18,lycos17,cross,1,0.9958903438209048,0.0,0.0,0.7186980622595368,0.0,0.9196785653919807,0.37375109020854724,327973,56236,ablation,5,flag_ece;flag_cwr;dst_port;bwd_iat_min;bwd_tcp_init_win_bytes,lycos17
2642330e9d,eb71973a6b814e77a39b7d05c7756241,rf,cic77,lycos18,lycos18,within,2,0.9958342152427063,0.00019776371458029652,0.9504635912396181,0.9998824774137194,0.9631813513965686,0.9999525525998696,0.00019776371458029652,2000022,649926,ablation,5,flag_ece;flag_cwr;dst_port;bwd_iat_min;bwd_tcp_init_win_bytes,lycos17
2642330e9d,eb71973a6b814e77a39b7d05c7756241,rf,cic77,lycos18,lycos17,cross,2,0.9958342152427063,0.0,0.0,0.7337919271930071,0.0,0.9223876749477805,0.29706296897367673,327973,56236,ablation,5,flag_ece;flag_cwr;dst_port;bwd_iat_min;bwd_tcp_init_win_bytes,lycos17
74f3c0554a,7a0d01c659cf405a80f44b98339d6fb3,rf,cic77,lycos18,lycos18,within,0,0.9958929808705463,0.00019628233844111827,0.9504697457864434,0.9998739443321035,0.9631882294839639,0.9999505161595492,0.00019554165037152912,2000022,649926,ablation,10,flag_ece;flag_cwr;dst_port;bwd_iat_min;bwd_tcp_init_win_bytes;flag_rst;fwd_iat_tot;fwd_pkt_len_tot;fwd_subflow_bytes_mean;fwd_iat_max,lycos17
74f3c0554a,7a0d01c659cf405a80f44b98339d6fb3,rf,cic77,lycos18,lycos17,cross,0,0.9958929808705463,0.0,0.0,0.6505017439544234,0.0,0.9038354541331228,0.502007455738453,327973,56236,ablation,10,flag_ece;flag_cwr;dst_port;bwd_iat_min;bwd_tcp_init_win_bytes;flag_rst;fwd_iat_tot;fwd_pkt_len_tot;fwd_subflow_bytes_mean;fwd_iat_max,lycos17
74f3c0554a,1642db19185e410692770ac0dd88fa4a,rf,cic77,lycos18,lycos18,within,1,0.9959679075012262,0.00019850440264988564,0.950426663958666,0.9998703557586854,0.963153080101607,0.9999492390457023,0.00019776371458029652,2000022,649926,ablation,10,flag_ece;flag_cwr;dst_port;bwd_iat_min;bwd_tcp_init_win_bytes;flag_rst;fwd_iat_tot;fwd_pkt_len_tot;fwd_subflow_bytes_mean;fwd_iat_max,lycos17
74f3c0554a,1642db19185e410692770ac0dd88fa4a,rf,cic77,lycos18,lycos17,cross,1,0.9959679075012262,0.0,0.0,0.6586121532918839,0.0,0.8966281256438848,0.6345216146494589,327973,56236,ablation,10,flag_ece;flag_cwr;dst_port;bwd_iat_min;bwd_tcp_init_win_bytes;flag_rst;fwd_iat_tot;fwd_pkt_len_tot;fwd_subflow_bytes_mean;fwd_iat_max,lycos17
74f3c0554a,a0a61a6745d745de8444934a3cc37a6c,rf,cic77,lycos18,lycos18,within,2,0.9958742354252763,0.00019406027423235088,0.9504574366927927,0.9998632436330084,0.9631827443051565,0.999948526424929,0.00019331958616276176,2000022,649926,ablation,10,flag_ece;flag_cwr;dst_port;bwd_iat_min;bwd_tcp_init_win_bytes;flag_rst;fwd_iat_tot;fwd_pkt_len_tot;fwd_subflow_bytes_mean;fwd_iat_max,lycos17
74f3c0554a,a0a61a6745d745de8444934a3cc37a6c,rf,cic77,lycos18,lycos17,cross,2,0.9958742354252763,0.0,7.112881428266591e-05,0.6401803685550556,0.0076768096981305635,0.9076619253404243,0.47788118658850287,327973,56236,ablation,10,flag_ece;flag_cwr;dst_port;bwd_iat_min;bwd_tcp_init_win_bytes;flag_rst;fwd_iat_tot;fwd_pkt_len_tot;fwd_subflow_bytes_mean;fwd_iat_max,lycos17
50c72dd1a4,5e3f0ccda530473a9035b25c075d7166,xgb,cic77,lycos18,lycos18,within,0,0.996615469455719,0.00015776655882248372,0.9501727889021212,0.9999169076482084,0.9630318464277442,0.9999619241086993,0.0001570258707528946,2000022,649926,ablation,1,flag_ece,lycos17
50c72dd1a4,5e3f0ccda530473a9035b25c075d7166,xgb,cic77,lycos18,lycos17,cross,0,0.996615469455719,0.0013873708769876756,0.2919126538160609,0.8501208246594065,0.496815972611433,0.9592957905454037,0.207075223469752,327973,56236,ablation,1,flag_ece,lycos17
50c72dd1a4,40f99eaad0b54efbaf48989f0d58ec53,xgb,cic77,lycos18,lycos18,within,1,0.996615469455719,0.00015776655882248372,0.9501727889021212,0.9999169076482084,0.9630318464277442,0.9999619241086993,0.0001570258707528946,2000022,649926,ablation,1,flag_ece,lycos17
50c72dd1a4,40f99eaad0b54efbaf48989f0d58ec53,xgb,cic77,lycos18,lycos17,cross,1,0.996615469455719,0.0013873708769876756,0.2919126538160609,0.8501208246594065,0.496815972611433,0.9592957905454037,0.207075223469752,327973,56236,ablation,1,flag_ece,lycos17
50c72dd1a4,4df781df0d894b9199cbffc6de2757a0,xgb,cic77,lycos18,lycos18,within,2,0.996615469455719,0.00015776655882248372,0.9501727889021212,0.9999169076482084,0.9630318464277442,0.9999619241086993,0.0001570258707528946,2000022,649926,ablation,1,flag_ece,lycos17
50c72dd1a4,4df781df0d894b9199cbffc6de2757a0,xgb,cic77,lycos18,lycos17,cross,2,0.996615469455719,0.0013873708769876756,0.2919126538160609,0.8501208246594065,0.496815972611433,0.9592957905454037,0.207075223469752,327973,56236,ablation,1,flag_ece,lycos17
067f33c095,d9dcb703448c4b02b004188d0c6959a0,xgb,cic77,lycos18,lycos18,within,0,0.9971086382865906,0.00014591554970905772,0.950602068543188,0.9999194622800123,0.9633656461303988,0.9999627710622796,0.00014443417356987948,2000022,649926,ablation,3,flag_ece;flag_cwr;dst_port,lycos17
067f33c095,d9dcb703448c4b02b004188d0c6959a0,xgb,cic77,lycos18,lycos17,cross,0,0.9971086382865906,3.3120259662835756e-05,0.0006045949214026602,0.6326888125036901,0.01881281463226778,0.8583020447249892,0.6379219613081767,327973,56236,ablation,3,flag_ece;flag_cwr;dst_port,lycos17
067f33c095,a20dbacc47254cf19261f3719086b456,xgb,cic77,lycos18,lycos18,within,1,0.9971086382865906,0.00014591554970905772,0.950602068543188,0.9999194622800123,0.9633656461303988,0.9999627710622796,0.00014443417356987948,2000022,649926,ablation,3,flag_ece;flag_cwr;dst_port,lycos17
067f33c095,a20dbacc47254cf19261f3719086b456,xgb,cic77,lycos18,lycos17,cross,1,0.9971086382865906,3.3120259662835756e-05,0.0006045949214026602,0.6326888125036901,0.01881281463226778,0.8583020447249892,0.6379219613081767,327973,56236,ablation,3,flag_ece;flag_cwr;dst_port,lycos17
067f33c095,5bad3c910384437abd2bb7a705459d9a,xgb,cic77,lycos18,lycos18,within,2,0.9971086382865906,0.00014591554970905772,0.950602068543188,0.9999194622800123,0.9633656461303988,0.9999627710622796,0.00014443417356987948,2000022,649926,ablation,3,flag_ece;flag_cwr;dst_port,lycos17
067f33c095,5bad3c910384437abd2bb7a705459d9a,xgb,cic77,lycos18,lycos17,cross,2,0.9971086382865906,3.3120259662835756e-05,0.0006045949214026602,0.6326888125036901,0.01881281463226778,0.8583020447249892,0.6379219613081767,327973,56236,ablation,3,flag_ece;flag_cwr;dst_port,lycos17
5ae873b2c4,fedde0300cbb48f89bdd55e5172a631a,xgb,cic77,lycos18,lycos18,within,0,0.9969160556793213,0.0001570258707528946,0.9504251253219598,0.9999177334076771,0.9632181243666883,0.9999620366605187,0.00015628518268330548,2000022,649926,ablation,5,flag_ece;flag_cwr;dst_port;bwd_iat_min;bwd_tcp_init_win_bytes,lycos17
5ae873b2c4,fedde0300cbb48f89bdd55e5172a631a,xgb,cic77,lycos18,lycos17,cross,0,0.9969160556793213,0.0018915348296330643,0.29203712924105557,0.8060364925236811,0.4941673036343744,0.941259326598805,0.2557104847702006,327973,56236,ablation,5,flag_ece;flag_cwr;dst_port;bwd_iat_min;bwd_tcp_init_win_bytes,lycos17
5ae873b2c4,0a1fd4950f2d47439c95f0351cf78c15,xgb,cic77,lycos18,lycos18,within,1,0.9969160556793213,0.0001570258707528946,0.9504251253219598,0.9999177334076771,0.9632181243666883,0.9999620366605187,0.00015628518268330548,2000022,649926,ablation,5,flag_ece;flag_cwr;dst_port;bwd_iat_min;bwd_tcp_init_win_bytes,lycos17
5ae873b2c4,0a1fd4950f2d47439c95f0351cf78c15,xgb,cic77,lycos18,lycos17,cross,1,0.9969160556793213,0.0018915348296330643,0.29203712924105557,0.8060364925236811,0.4941673036343744,0.941259326598805,0.2557104847702006,327973,56236,ablation,5,flag_ece;flag_cwr;dst_port;bwd_iat_min;bwd_tcp_init_win_bytes,lycos17
5ae873b2c4,af7015e3f1f84465bca1cda22bcd3dbc,xgb,cic77,lycos18,lycos18,within,2,0.9969160556793213,0.0001570258707528946,0.9504251253219598,0.9999177334076771,0.9632181243666883,0.9999620366605187,0.00015628518268330548,2000022,649926,ablation,5,flag_ece;flag_cwr;dst_port;bwd_iat_min;bwd_tcp_init_win_bytes,lycos17
5ae873b2c4,af7015e3f1f84465bca1cda22bcd3dbc,xgb,cic77,lycos18,lycos17,cross,2,0.9969160556793213,0.0018915348296330643,0.29203712924105557,0.8060364925236811,0.4941673036343744,0.941259326598805,0.2557104847702006,327973,56236,ablation,5,flag_ece;flag_cwr;dst_port;bwd_iat_min;bwd_tcp_init_win_bytes,lycos17
cb301b72d1,3499a449fd594c848f8012e60da8b96c,xgb,cic77,lycos18,lycos18,within,0,0.9969539642333984,0.00015850724689207287,0.9506282253671956,0.9999175459746298,0.9633647470428376,0.99996194181145,0.00015628518268330548,2000022,649926,ablation,10,flag_ece;flag_cwr;dst_port;bwd_iat_min;bwd_tcp_init_win_bytes;flag_rst;fwd_iat_tot;fwd_pkt_len_tot;fwd_subflow_bytes_mean;fwd_iat_max,lycos17
cb301b72d1,3499a449fd594c848f8012e60da8b96c,xgb,cic77,lycos18,lycos17,cross,0,0.9969539642333984,0.0017038533582103283,0.2919126538160609,0.8112754296668332,0.49507728810482177,0.9416275622832693,0.24711025734441758,327973,56236,ablation,10,flag_ece;flag_cwr;dst_port;bwd_iat_min;bwd_tcp_init_win_bytes;flag_rst;fwd_iat_tot;fwd_pkt_len_tot;fwd_subflow_bytes_mean;fwd_iat_max,lycos17
cb301b72d1,8d68bb94dcdb478fa38fc3b52485320d,xgb,cic77,lycos18,lycos18,within,1,0.9969539642333984,0.00015850724689207287,0.9506282253671956,0.9999175459746298,0.9633647470428376,0.99996194181145,0.00015628518268330548,2000022,649926,ablation,10,flag_ece;flag_cwr;dst_port;bwd_iat_min;bwd_tcp_init_win_bytes;flag_rst;fwd_iat_tot;fwd_pkt_len_tot;fwd_subflow_bytes_mean;fwd_iat_max,lycos17
cb301b72d1,8d68bb94dcdb478fa38fc3b52485320d,xgb,cic77,lycos18,lycos17,cross,1,0.9969539642333984,0.0017038533582103283,0.2919126538160609,0.8112754296668332,0.49507728810482177,0.9416275622832693,0.24711025734441758,327973,56236,ablation,10,flag_ece;flag_cwr;dst_port;bwd_iat_min;bwd_tcp_init_win_bytes;flag_rst;fwd_iat_tot;fwd_pkt_len_tot;fwd_subflow_bytes_mean;fwd_iat_max,lycos17
cb301b72d1,489d8016dba64f948726f5db57b945ce,xgb,cic77,lycos18,lycos18,within,2,0.9969539642333984,0.00015850724689207287,0.9506282253671956,0.9999175459746298,0.9633647470428376,0.99996194181145,0.00015628518268330548,2000022,649926,ablation,10,flag_ece;flag_cwr;dst_port;bwd_iat_min;bwd_tcp_init_win_bytes;flag_rst;fwd_iat_tot;fwd_pkt_len_tot;fwd_subflow_bytes_mean;fwd_iat_max,lycos17
cb301b72d1,489d8016dba64f948726f5db57b945ce,xgb,cic77,lycos18,lycos17,cross,2,0.9969539642333984,0.0017038533582103283,0.2919126538160609,0.8112754296668332,0.49507728810482177,0.9416275622832693,0.24711025734441758,327973,56236,ablation,10,flag_ece;flag_cwr;dst_port;bwd_iat_min;bwd_tcp_init_win_bytes;flag_rst;fwd_iat_tot;fwd_pkt_len_tot;fwd_subflow_bytes_mean;fwd_iat_max,lycos17
5d0e2d63f5,8ec09968a45f4498b1d08260fd7af8d1,mlp,cic77,lycos18,lycos18,within,0,0.9965831637382507,0.00018220926511892488,0.9503051116588658,0.9998979633493045,0.9630899089464965,0.999955297158776,0.00018146857704933576,2000022,649926,ablation,1,flag_ece,lycos17
5d0e2d63f5,8ec09968a45f4498b1d08260fd7af8d1,mlp,cic77,lycos18,lycos17,cross,0,0.9965831637382507,0.016942852831966202,0.4616437868980724,0.7617068626859171,0.576582049725994,0.9390260009097181,0.314852228441471,327973,56236,ablation,1,flag_ece,lycos17
5d0e2d63f5,82d4846b0c474d47a56af66653457926,mlp,cic77,lycos18,lycos18,within,1,0.9979761242866516,0.00018369064125810312,0.9502958798386277,0.9998890813077398,0.9630807733518092,0.9999534613173433,0.0001799872009101575,2000022,649926,ablation,1,flag_ece,lycos17
5d0e2d63f5,82d4846b0c474d47a56af66653457926,mlp,cic77,lycos18,lycos17,cross,1,0.9979761242866516,0.01363818692338548,0.4531794579984352,0.7852470302450726,0.5818078245199757,0.9421705965897369,0.30657216352576205,327973,56236,ablation,1,flag_ece,lycos17
5d0e2d63f5,a8b11e5df65141848349751d00f77d6d,mlp,cic77,lycos18,lycos18,within,2,0.9979267120361328,0.00018665339353645964,0.9501681729920022,0.9998841037403344,0.9629823663795549,0.9999518545933963,0.0001859127054668705,2000022,649926,ablation,1,flag_ece,lycos17
5d0e2d63f5,a8b11e5df65141848349751d00f77d6d,mlp,cic77,lycos18,lycos17,cross,2,0.9979267120361328,0.014915156934830368,0.6296322640301586,0.8190315241943735,0.712181871679931,0.9489742375752073,0.2163636162907517,327973,56236,ablation,1,flag_ece,lycos17
fe39a50c3c,46a1edadce204238beb9cf7c68e76b5f,mlp,cic77,lycos18,lycos18,within,0,0.9960463643074036,0.00017776513670139012,0.9503451162132305,0.9998827467523645,0.9631263450996385,0.9999506265756648,0.00017628376056221188,2000022,649926,ablation,3,flag_ece;flag_cwr;dst_port,lycos17
fe39a50c3c,46a1edadce204238beb9cf7c68e76b5f,mlp,cic77,lycos18,lycos17,cross,0,0.9960463643074036,0.015032917858076008,0.3636460630201295,0.7649375891052319,0.49945612525469335,0.9410148805383833,0.16733827193205195,327973,56236,ablation,3,flag_ece;flag_cwr;dst_port,lycos17
fe39a50c3c,55d21ddd844a4b409767c15749bbb65f,mlp,cic77,lycos18,lycos18,within,1,0.9982103109359741,0.0001859127054668705,0.9503974298612458,0.9998824872413351,0.9631517220449438,0.9999512431507371,0.00018369064125810312,2000022,649926,ablation,3,flag_ece;flag_cwr;dst_port,lycos17
fe39a50c3c,55d21ddd844a4b409767c15749bbb65f,mlp,cic77,lycos18,lycos17,cross,1,0.9982103109359741,0.016015485561406802,0.472650970908315,0.7392290112552133,0.5888966138490144,0.898406688279757,0.7263788148099081,327973,56236,ablation,3,flag_ece;flag_cwr;dst_port,lycos17
fe39a50c3c,cdee68f6d44d49fbab92a3d6bf2a1846,mlp,cic77,lycos18,lycos18,within,2,0.9963923096656799,0.0001859127054668705,0.9503512707600558,0.9998870254024899,0.9631178609925835,0.9999520604967841,0.00018146857704933576,2000022,649926,ablation,3,flag_ece;flag_cwr;dst_port,lycos17
fe39a50c3c,cdee68f6d44d49fbab92a3d6bf2a1846,mlp,cic77,lycos18,lycos17,cross,2,0.9963923096656799,0.013818508337105363,0.3814816132015079,0.774477176159343,0.5202470428699425,0.9169173892781817,0.4507593739534918,327973,56236,ablation,3,flag_ece;flag_cwr;dst_port,lycos17
58025218c4,5851b779e3bc4299a42974e785510c39,mlp,cic77,lycos18,lycos18,within,0,0.9966033697128296,0.00018369064125810312,0.9503712730372381,0.9998846316213866,0.9631360791364735,0.9999517667469064,0.000182949953188514,2000022,649926,ablation,5,flag_ece;flag_cwr;dst_port;bwd_iat_min;bwd_tcp_init_win_bytes,lycos17
58025218c4,5851b779e3bc4299a42974e785510c39,mlp,cic77,lycos18,lycos17,cross,0,0.9966033697128296,0.015662202791669886,0.3226758659933139,0.7268428870753815,0.45871172245080094,0.9252661884307541,0.43217890828264094,327973,56236,ablation,5,flag_ece;flag_cwr;dst_port;bwd_iat_min;bwd_tcp_init_win_bytes,lycos17
58025218c4,940a69ef6004418db3420b05c55f8d28,mlp,cic77,lycos18,lycos18,within,1,0.9967400431632996,0.00018813476967563788,0.9503974298612458,0.999877395370175,0.9631481770793795,0.9999500415198884,0.00018739408160604876,2000022,649926,ablation,5,flag_ece;flag_cwr;dst_port;bwd_iat_min;bwd_tcp_init_win_bytes,lycos17
58025218c4,940a69ef6004418db3420b05c55f8d28,mlp,cic77,lycos18,lycos17,cross,1,0.9967400431632996,0.01619948700397811,0.5331460274557223,0.8125141843995362,0.636032259650835,0.9631364028309232,0.15432936994226035,327973,56236,ablation,5,flag_ece;flag_cwr;dst_port;bwd_iat_min;bwd_tcp_init_win_bytes,lycos17
58025218c4,9e52abc4308f4c179dfa35f19bcb0ccd,mlp,cic77,lycos18,lycos18,within,2,0.9979070425033569,0.00018813476967563788,0.9501835593590655,0.9998819763467905,0.9629912893282818,0.9999510972271209,0.00018739408160604876,2000022,649926,ablation,5,flag_ece;flag_cwr;dst_port;bwd_iat_min;bwd_tcp_init_win_bytes,lycos17
58025218c4,9e52abc4308f4c179dfa35f19bcb0ccd,mlp,cic77,lycos18,lycos17,cross,2,0.9979070425033569,0.01529051987767584,0.4634931360694217,0.7516607522682326,0.5840912275307725,0.9285277056149615,0.33801801006119886,327973,56236,ablation,5,flag_ece;flag_cwr;dst_port;bwd_iat_min;bwd_tcp_init_win_bytes,lycos17
a1c4a642fa,3a336fcf70934971825776262c09d3d0,mlp,cic77,lycos18,lycos18,within,0,0.9966829419136047,0.00018146857704933576,0.9502866480183898,0.9998812121204315,0.9630775465648767,0.9999499428763559,0.00017776513670139012,2000022,649926,ablation,10,flag_ece;flag_cwr;dst_port;bwd_iat_min;bwd_tcp_init_win_bytes;flag_rst;fwd_iat_tot;fwd_pkt_len_tot;fwd_subflow_bytes_mean;fwd_iat_max,lycos17
a1c4a642fa,3a336fcf70934971825776262c09d3d0,mlp,cic77,lycos18,lycos17,cross,0,0.9966829419136047,0.015625402503155625,0.3593249875524575,0.7372396661233505,0.49317479924366886,0.9415526794940401,0.22042636814272623,327973,56236,ablation,10,flag_ece;flag_cwr;dst_port;bwd_iat_min;bwd_tcp_init_win_bytes;flag_rst;fwd_iat_tot;fwd_pkt_len_tot;fwd_subflow_bytes_mean;fwd_iat_max,lycos17
a1c4a642fa,30a9ff7af03c4d9ab26fd14cf4d164b0,mlp,cic77,lycos18,lycos18,within,1,0.9972220659255981,0.00019183821002358351,0.9504389730523167,0.999886169280249,0.963172744327481,0.9999521209244382,0.0001910975219539944,2000022,649926,ablation,10,flag_ece;flag_cwr;dst_port;bwd_iat_min;bwd_tcp_init_win_bytes;flag_rst;fwd_iat_tot;fwd_pkt_len_tot;fwd_subflow_bytes_mean;fwd_iat_max,lycos17
a1c4a642fa,30a9ff7af03c4d9ab26fd14cf4d164b0,mlp,cic77,lycos18,lycos17,cross,1,0.9972220659255981,0.014907796877127517,0.28995661142328755,0.6844725043137063,0.4296650496593614,0.8977405635979184,0.7060797756654412,327973,56236,ablation,10,flag_ece;flag_cwr;dst_port;bwd_iat_min;bwd_tcp_init_win_bytes;flag_rst;fwd_iat_tot;fwd_pkt_len_tot;fwd_subflow_bytes_mean;fwd_iat_max,lycos17
a1c4a642fa,7a43b94f8ec741659f7bdea3de500279,mlp,cic77,lycos18,lycos18,within,2,0.9975488781929016,0.00018961614581481612,0.9503820434941824,0.9998803400160862,0.9631345266651693,0.9999501620270337,0.000188875457745227,2000022,649926,ablation,10,flag_ece;flag_cwr;dst_port;bwd_iat_min;bwd_tcp_init_win_bytes;flag_rst;fwd_iat_tot;fwd_pkt_len_tot;fwd_subflow_bytes_mean;fwd_iat_max,lycos17
a1c4a642fa,7a43b94f8ec741659f7bdea3de500279,mlp,cic77,lycos18,lycos17,cross,2,0.9975488781929016,0.015205879214093039,0.4385624866633473,0.7801669219074135,0.563851282954058,0.9424058608027981,0.2370380183780641,327973,56236,ablation,10,flag_ece;flag_cwr;dst_port;bwd_iat_min;bwd_tcp_init_win_bytes;flag_rst;fwd_iat_tot;fwd_pkt_len_tot;fwd_subflow_bytes_mean;fwd_iat_max,lycos17
a3daa5d1ef,710b160dfa6b4d8697d3b988e5f54f82,rf,nf43,nf_unsw_v2,nf_unsw_v2,within,0,0.8765398204253948,0.004742596481065817,0.946600566572238,0.9608467143524003,0.9247757813369082,0.9985826868922276,0.0049742958511331545,145170,7060,ablation,1,min_ip_pkt_len,nf_cse_cic18_v2
a3daa5d1ef,710b160dfa6b4d8697d3b988e5f54f82,rf,nf43,nf_unsw_v2,nf_cse_cic18_v2,cross,0,0.8765398204253948,0.00014685246222628334,7.323937767454513e-05,0.14985613911615214,-0.002755541552808279,0.17685864731240217,0.9752243579284012,402007,95577,ablation,1,min_ip_pkt_len,nf_cse_cic18_v2
a3daa5d1ef,73ad95bd98db4930b13d31a41a5e784b,rf,nf43,nf_unsw_v2,nf_unsw_v2,within,1,0.8752900431713703,0.004677431033234378,0.9470254957507083,0.9608357329986937,0.9256153465231809,0.9985847298505544,0.0048222431395264645,145170,7060,ablation,1,min_ip_pkt_len,nf_cse_cic18_v2
a3daa5d1ef,73ad95bd98db4930b13d31a41a5e784b,rf,nf43,nf_unsw_v2,nf_cse_cic18_v2,cross,1,0.8752900431713703,3.263388049472963e-06,8.370214591376586e-05,0.14615495687878838,0.0072372652919589185,0.14854213749614564,0.9295303984596809,402007,95577,ablation,1,min_ip_pkt_len,nf_cse_cic18_v2
a3daa5d1ef,4ccf5f640bc844fb84b136ae678454b6,rf,nf43,nf_unsw_v2,nf_unsw_v2,within,2,0.8738973700002169,0.004699152849178191,0.9471671388101983,0.960798496653942,0.9254941519046271,0.998584627805196,0.004880167982043299,145170,7060,ablation,1,min_ip_pkt_len,nf_cse_cic18_v2
a3daa5d1ef,4ccf5f640bc844fb84b136ae678454b6,rf,nf43,nf_unsw_v2,nf_cse_cic18_v2,cross,2,0.8738973700002169,3.263388049472963e-06,8.370214591376586e-05,0.15073406770360684,0.0072372652919589185,0.18068790076176555,0.8900140325686128,402007,95577,ablation,1,min_ip_pkt_len,nf_cse_cic18_v2
72bb842389,e02952c7d91e4d8398145bc13eb64c7c,rf,nf43,nf_unsw_v2,nf_unsw_v2,within,0,0.8817158743803837,0.0048222431395264645,0.9456090651558073,0.9597397937038942,0.9234857989607298,0.9985482606855847,0.005177032799942075,145170,7060,ablation,3,min_ip_pkt_len;shortest_flow_pkt;l4_dst_port,nf_cse_cic18_v2
72bb842389,e02952c7d91e4d8398145bc13eb64c7c,rf,nf43,nf_unsw_v2,nf_cse_cic18_v2,cross,0,0.8817158743803837,9.790164148418888e-06,7.323937767454513e-05,0.14432010124250816,0.005415732126808055,0.13782836666838114,0.9355578761870574,402007,95577,ablation,3,min_ip_pkt_len;shortest_flow_pkt;l4_dst_port,nf_cse_cic18_v2
72bb842389,d1683e3012064a5cb5b6d42bc6031c5d,rf,nf43,nf_unsw_v2,nf_unsw_v2,within,1,0.877668501928492,0.0048584461660994855,0.9473087818696884,0.9608931940842513,0.9241065385271064,0.9985623793531576,0.005082904930852219,145170,7060,ablation,3,min_ip_pkt_len;shortest_flow_pkt;l4_dst_port,nf_cse_cic18_v2
72bb842389,d1683e3012064a5cb5b6d42bc6031c5d,rf,nf43,nf_unsw_v2,nf_cse_cic18_v2,cross,1,0.877668501928492,3.263388049472963e-06,0.0,0.14354610370699544,-0.0008808354587648732,0.14389015674765696,0.9731357895767385,402007,95577,ablation,3,min_ip_pkt_len;shortest_flow_pkt;l4_dst_port,nf_cse_cic18_v2
72bb842389,a8656741305a4687a7ff41edfc4a98c4,rf,nf43,nf_unsw_v2,nf_unsw_v2,within,2,0.8766901570349804,0.004930852219245529,0.9474504249291785,0.9602568752191858,0.9235213461876126,0.9985542331593878,0.0051842734052566794,145170,7060,ablation,3,min_ip_pkt_len;shortest_flow_pkt;l4_dst_port,nf_cse_cic18_v2
72bb842389,a8656741305a4687a7ff41edfc4a98c4,rf,nf43,nf_unsw_v2,nf_cse_cic18_v2,cross,2,0.8766901570349804,9.790164148418888e-06,7.323937767454513e-05,0.14222544306079807,0.005415732126808055,0.11857439747514198,0.9500505825147668,402007,95577,ablation,3,min_ip_pkt_len;shortest_flow_pkt;l4_dst_port,nf_cse_cic18_v2
1ed00a069c,e6e28dcaae27451fa1b6a476429a45da,rf,nf43,nf_unsw_v2,nf_unsw_v2,within,0,0.875922481579068,0.005220476431829701,0.9451841359773371,0.9569442166132551,0.9196010691580223,0.9984621723497897,0.005531822460357686,145170,7060,ablation,5,min_ip_pkt_len;shortest_flow_pkt;l4_dst_port;min_ttl;max_ttl,nf_cse_cic18_v2
1ed00a069c,e6e28dcaae27451fa1b6a476429a45da,rf,nf43,nf_unsw_v2,nf_cse_cic18_v2,cross,0,0.875922481579068,0.004839604477368404,0.0005231384119610366,0.16975126093284498,-0.029813463272773306,0.3076187547985034,0.9427438566719969,402007,95577,ablation,5,min_ip_pkt_len;shortest_flow_pkt;l4_dst_port;min_ttl;max_ttl,nf_cse_cic18_v2
1ed00a069c,ea018990ef634df591bff5d27744a805,rf,nf43,nf_unsw_v2,nf_unsw_v2,within,1,0.8700853811208249,0.005227717037144306,0.9454674220963173,0.9573058866951518,0.9196945927341649,0.9984596401890926,0.005524581855043081,145170,7060,ablation,5,min_ip_pkt_len;shortest_flow_pkt;l4_dst_port;min_ttl;max_ttl,nf_cse_cic18_v2
1ed00a069c,ea018990ef634df591bff5d27744a805,rf,nf43,nf_unsw_v2,nf_cse_cic18_v2,cross,1,0.8700853811208249,0.004904872238357863,0.0005231384119610366,0.17655510270364813,-0.030069505377524675,0.34435170836868884,0.8947263649120517,402007,95577,ablation,5,min_ip_pkt_len;shortest_flow_pkt;l4_dst_port;min_ttl;max_ttl,nf_cse_cic18_v2
1ed00a069c,3a621798ecb944c886cce1791e7b3ff6,rf,nf43,nf_unsw_v2,nf_unsw_v2,within,2,0.8710873272839248,0.0052059952212004925,0.9453257790368272,0.9576244495202932,0.9198126754814248,0.9984684360887358,0.005546303670986894,145170,7060,ablation,5,min_ip_pkt_len;shortest_flow_pkt;l4_dst_port;min_ttl;max_ttl,nf_cse_cic18_v2
1ed00a069c,3a621798ecb944c886cce1791e7b3ff6,rf,nf43,nf_unsw_v2,nf_cse_cic18_v2,cross,2,0.8710873272839248,0.004852658029566296,0.0005440639484394781,0.15948648233151388,-0.029701248068132118,0.26399044573588504,0.9305159416506217,402007,95577,ablation,5,min_ip_pkt_len;shortest_flow_pkt;l4_dst_port;min_ttl;max_ttl,nf_cse_cic18_v2
1aaa5b6f10,37aeab55a9034ffcb57151ece21b7fc2,rf,nf43,nf_unsw_v2,nf_unsw_v2,within,0,0.8562998841623751,0.005466657012526247,0.9453257790368272,0.9547967484872444,0.9174467765033316,0.9984010646151209,0.005749040619795815,145170,7060,ablation,10,min_ip_pkt_len;shortest_flow_pkt;l4_dst_port;min_ttl;max_ttl;retransmitted_out_pkts;retransmitted_in_bytes;retransmitted_out_bytes;tcp_win_max_in;tcp_win_max_out,nf_cse_cic18_v2
1aaa5b6f10,37aeab55a9034ffcb57151ece21b7fc2,rf,nf43,nf_unsw_v2,nf_cse_cic18_v2,cross,0,0.8562998841623751,0.005665241653885064,0.0005440639484394781,0.20106113095688735,-0.032762691738091716,0.4543032947503023,0.7817511340273472,402007,95577,ablation,10,min_ip_pkt_len;shortest_flow_pkt;l4_dst_port;min_ttl;max_ttl;retransmitted_out_pkts;retransmitted_in_bytes;retransmitted_out_bytes;tcp_win_max_in;tcp_win_max_out,nf_cse_cic18_v2
1aaa5b6f10,b3e3f17b4ffe451bafc5833df1f5632b,rf,nf43,nf_unsw_v2,nf_unsw_v2,within,1,0.8633955203539769,0.0053001230902903484,0.9441926345609065,0.9560627137807136,0.9183180979444446,0.9984058269027666,0.005734559409166606,145170,7060,ablation,10,min_ip_pkt_len;shortest_flow_pkt;l4_dst_port;min_ttl;max_ttl;retransmitted_out_pkts;retransmitted_in_bytes;retransmitted_out_bytes;tcp_win_max_in;tcp_win_max_out,nf_cse_cic18_v2
1aaa5b6f10,b3e3f17b4ffe451bafc5833df1f5632b,rf,nf43,nf_unsw_v2,nf_cse_cic18_v2,cross,1,0.8633955203539769,0.005276898475997781,0.0005545267166786989,0.18066776949551627,-0.0312558569235564,0.37373251461159485,0.9133342035701465,402007,95577,ablation,10,min_ip_pkt_len;shortest_flow_pkt;l4_dst_port;min_ttl;max_ttl;retransmitted_out_pkts;retransmitted_in_bytes;retransmitted_out_bytes;tcp_win_max_in;tcp_win_max_out,nf_cse_cic18_v2
1aaa5b6f10,6761ad97f46d43469b22de48e5c509e4,rf,nf43,nf_unsw_v2,nf_unsw_v2,within,2,0.8564537448331141,0.005444935196582434,0.9454674220963173,0.9546902788974289,0.917723124787942,0.9983905436874125,0.005792484251683441,145170,7060,ablation,10,min_ip_pkt_len;shortest_flow_pkt;l4_dst_port;min_ttl;max_ttl;retransmitted_out_pkts;retransmitted_in_bytes;retransmitted_out_bytes;tcp_win_max_in;tcp_win_max_out,nf_cse_cic18_v2
1aaa5b6f10,6761ad97f46d43469b22de48e5c509e4,rf,nf43,nf_unsw_v2,nf_cse_cic18_v2,cross,2,0.8564537448331141,0.005475965147015632,0.0005336011802002574,0.16131598978626896,-0.03215131240464152,0.28289603322291496,0.9438436184446692,402007,95577,ablation,10,min_ip_pkt_len;shortest_flow_pkt;l4_dst_port;min_ttl;max_ttl;retransmitted_out_pkts;retransmitted_in_bytes;retransmitted_out_bytes;tcp_win_max_in;tcp_win_max_out,nf_cse_cic18_v2
80c9a6cbd2,2252d50c51a04161904bd16f8d4b3ab6,xgb,nf43,nf_unsw_v2,nf_unsw_v2,within,0,0.9447007179260254,0.00461226558540294,0.9481586402266289,0.9613343514381574,0.9268522250106278,0.9986746543739101,0.004720874665122004,145170,7060,ablation,1,min_ip_pkt_len,nf_cse_cic18_v2
80c9a6cbd2,2252d50c51a04161904bd16f8d4b3ab6,xgb,nf43,nf_unsw_v2,nf_cse_cic18_v2,cross,0,0.9447007179260254,0.0017752830989132917,0.005294160729045691,0.17931792209380787,0.029349651774031028,0.30092240260568903,0.8499494174852331,402007,95577,ablation,1,min_ip_pkt_len,nf_cse_cic18_v2
80c9a6cbd2,0a56e3147af34bbba1a548cb1a9c73ed,xgb,nf43,nf_unsw_v2,nf_unsw_v2,within,1,0.9447007179260254,0.00461226558540294,0.9481586402266289,0.9613343514381574,0.9268522250106278,0.9986746543739101,0.004720874665122004,145170,7060,ablation,1,min_ip_pkt_len,nf_cse_cic18_v2
80c9a6cbd2,0a56e3147af34bbba1a548cb1a9c73ed,xgb,nf43,nf_unsw_v2,nf_cse_cic18_v2,cross,1,0.9447007179260254,0.0017752830989132917,0.005294160729045691,0.17931792209380787,0.029349651774031028,0.30092240260568903,0.8499494174852331,402007,95577,ablation,1,min_ip_pkt_len,nf_cse_cic18_v2
80c9a6cbd2,894ed8464bf8497cb3c7c34e4d3be7bb,xgb,nf43,nf_unsw_v2,nf_unsw_v2,within,2,0.9447007179260254,0.00461226558540294,0.9481586402266289,0.9613343514381574,0.9268522250106278,0.9986746543739101,0.004720874665122004,145170,7060,ablation,1,min_ip_pkt_len,nf_cse_cic18_v2
80c9a6cbd2,894ed8464bf8497cb3c7c34e4d3be7bb,xgb,nf43,nf_unsw_v2,nf_cse_cic18_v2,cross,2,0.9447007179260254,0.0017752830989132917,0.005294160729045691,0.17931792209380787,0.029349651774031028,0.30092240260568903,0.8499494174852331,402007,95577,ablation,1,min_ip_pkt_len,nf_cse_cic18_v2
d763c4bd10,37967b569edf431a9e7804ac9a37f67c,xgb,nf43,nf_unsw_v2,nf_unsw_v2,within,0,0.950434148311615,0.004930852219245529,0.9470254957507083,0.9555631494197063,0.923282866966437,0.9985542813617179,0.0052421982477735135,145170,7060,ablation,3,min_ip_pkt_len;shortest_flow_pkt;l4_dst_port,nf_cse_cic18_v2
d763c4bd10,37967b569edf431a9e7804ac9a37f67c,xgb,nf43,nf_unsw_v2,nf_cse_cic18_v2,cross,0,0.950434148311615,0.0010606011160787128,8.370214591376586e-05,0.15253450371859073,-0.014455496482348743,0.20487315664563002,0.9152857096237313,402007,95577,ablation,3,min_ip_pkt_len;shortest_flow_pkt;l4_dst_port,nf_cse_cic18_v2
d763c4bd10,d58ec709682e4d059be3272742a66863,xgb,nf43,nf_unsw_v2,nf_unsw_v2,within,1,0.950434148311615,0.004930852219245529,0.9470254957507083,0.9555631494197063,0.923282866966437,0.9985542813617179,0.0052421982477735135,145170,7060,ablation,3,min_ip_pkt_len;shortest_flow_pkt;l4_dst_port,nf_cse_cic18_v2
d763c4bd10,d58ec709682e4d059be3272742a66863,xgb,nf43,nf_unsw_v2,nf_cse_cic18_v2,cross,1,0.950434148311615,0.0010606011160787128,8.370214591376586e-05,0.15253450371859073,-0.014455496482348743,0.20487315664563002,0.9152857096237313,402007,95577,ablation,3,min_ip_pkt_len;shortest_flow_pkt;l4_dst_port,nf_cse_cic18_v2
d763c4bd10,7da2038d67804f92abfc3d4ce75c269f,xgb,nf43,nf_unsw_v2,nf_unsw_v2,within,2,0.950434148311615,0.004930852219245529,0.9470254957507083,0.9555631494197063,0.923282866966437,0.9985542813617179,0.0052421982477735135,145170,7060,ablation,3,min_ip_pkt_len;shortest_flow_pkt;l4_dst_port,nf_cse_cic18_v2
d763c4bd10,7da2038d67804f92abfc3d4ce75c269f,xgb,nf43,nf_unsw_v2,nf_cse_cic18_v2,cross,2,0.950434148311615,0.0010606011160787128,8.370214591376586e-05,0.15253450371859073,-0.014455496482348743,0.20487315664563002,0.9152857096237313,402007,95577,ablation,3,min_ip_pkt_len;shortest_flow_pkt;l4_dst_port,nf_cse_cic18_v2
f7987615de,538ee43ba5984d548c366c73f1ee7a5e,xgb,nf43,nf_unsw_v2,nf_unsw_v2,within,0,0.9386934041976929,0.005119107957425241,0.9464589235127479,0.9575858341305364,0.9212422384849415,0.9985313396165925,0.005336326116863369,145170,7060,ablation,5,min_ip_pkt_len;shortest_flow_pkt;l4_dst_port;min_ttl;max_ttl,nf_cse_cic18_v2
f7987615de,538ee43ba5984d548c366c73f1ee7a5e,xgb,nf43,nf_unsw_v2,nf_cse_cic18_v2,cross,0,0.9386934041976929,0.007244721469829978,0.0005963777896355818,0.1605071542724371,-0.037712985370309655,0.2569095869468556,0.9883105440067879,402007,95577,ablation,5,min_ip_pkt_len;shortest_flow_pkt;l4_dst_port;min_ttl;max_ttl,nf_cse_cic18_v2
f7987615de,6a96a3134324439fa637067738cdcdbc,xgb,nf43,nf_unsw_v2,nf_unsw_v2,within,1,0.9386934041976929,0.005119107957425241,0.9464589235127479,0.9575858341305364,0.9212422384849415,0.9985313396165925,0.005336326116863369,145170,7060,ablation,5,min_ip_pkt_len;shortest_flow_pkt;l4_dst_port;min_ttl;max_ttl,nf_cse_cic18_v2
f7987615de,6a96a3134324439fa637067738cdcdbc,xgb,nf43,nf_unsw_v2,nf_cse_cic18_v2,cross,1,0.9386934041976929,0.007244721469829978,0.0005963777896355818,0.1605071542724371,-0.037712985370309655,0.2569095869468556,0.9883105440067879,402007,95577,ablation,5,min_ip_pkt_len;shortest_flow_pkt;l4_dst_port;min_ttl;max_ttl,nf_cse_cic18_v2
f7987615de,87287e53819b4069a514eb4130cca69f,xgb,nf43,nf_unsw_v2,nf_unsw_v2,within,2,0.9386934041976929,0.005119107957425241,0.9464589235127479,0.9575858341305364,0.9212422384849415,0.9985313396165925,0.005336326116863369,145170,7060,ablation,5,min_ip_pkt_len;shortest_flow_pkt;l4_dst_port;min_ttl;max_ttl,nf_cse_cic18_v2
f7987615de,87287e53819b4069a514eb4130cca69f,xgb,nf43,nf_unsw_v2,nf_cse_cic18_v2,cross,2,0.9386934041976929,0.007244721469829978,0.0005963777896355818,0.1605071542724371,-0.037712985370309655,0.2569095869468556,0.9883105440067879,402007,95577,ablation,5,min_ip_pkt_len;shortest_flow_pkt;l4_dst_port;min_ttl;max_ttl,nf_cse_cic18_v2
661ad7e588,fd5fbd685d894cd99952f60720c6d665,xgb,nf43,nf_unsw_v2,nf_unsw_v2,within,0,0.9329026341438293,0.005531822460357686,0.944900849858357,0.957985192433202,0.9166182644481522,0.9984910127268509,0.005850409094200275,145170,7060,ablation,10,min_ip_pkt_len;shortest_flow_pkt;l4_dst_port;min_ttl;max_ttl;retransmitted_out_pkts;retransmitted_in_bytes;retransmitted_out_bytes;tcp_win_max_in;tcp_win_max_out,nf_cse_cic18_v2
661ad7e588,fd5fbd685d894cd99952f60720c6d665,xgb,nf43,nf_unsw_v2,nf_cse_cic18_v2,cross,0,0.9329026341438293,0.007903925855823515,0.0008474842273768794,0.19539367896063264,-0.038188895726624525,0.39965154090624966,0.9919100610253565,402007,95577,ablation,10,min_ip_pkt_len;shortest_flow_pkt;l4_dst_port;min_ttl;max_ttl;retransmitted_out_pkts;retransmitted_in_bytes;retransmitted_out_bytes;tcp_win_max_in;tcp_win_max_out,nf_cse_cic18_v2
661ad7e588,c0fdc9be71684821b42b0f95596ff353,xgb,nf43,nf_unsw_v2,nf_unsw_v2,within,1,0.9329026341438293,0.005531822460357686,0.944900849858357,0.957985192433202,0.9166182644481522,0.9984910127268509,0.005850409094200275,145170,7060,ablation,10,min_ip_pkt_len;shortest_flow_pkt;l4_dst_port;min_ttl;max_ttl;retransmitted_out_pkts;retransmitted_in_bytes;retransmitted_out_bytes;tcp_win_max_in;tcp_win_max_out,nf_cse_cic18_v2
661ad7e588,c0fdc9be71684821b42b0f95596ff353,xgb,nf43,nf_unsw_v2,nf_cse_cic18_v2,cross,1,0.9329026341438293,0.007903925855823515,0.0008474842273768794,0.19539367896063264,-0.038188895726624525,0.39965154090624966,0.9919100610253565,402007,95577,ablation,10,min_ip_pkt_len;shortest_flow_pkt;l4_dst_port;min_ttl;max_ttl;retransmitted_out_pkts;retransmitted_in_bytes;retransmitted_out_bytes;tcp_win_max_in;tcp_win_max_out,nf_cse_cic18_v2
661ad7e588,70b3b953cc4d41748b9f0ff35467ea44,xgb,nf43,nf_unsw_v2,nf_unsw_v2,within,2,0.9329026341438293,0.005531822460357686,0.944900849858357,0.957985192433202,0.9166182644481522,0.9984910127268509,0.005850409094200275,145170,7060,ablation,10,min_ip_pkt_len;shortest_flow_pkt;l4_dst_port;min_ttl;max_ttl;retransmitted_out_pkts;retransmitted_in_bytes;retransmitted_out_bytes;tcp_win_max_in;tcp_win_max_out,nf_cse_cic18_v2
661ad7e588,70b3b953cc4d41748b9f0ff35467ea44,xgb,nf43,nf_unsw_v2,nf_cse_cic18_v2,cross,2,0.9329026341438293,0.007903925855823515,0.0008474842273768794,0.19539367896063264,-0.038188895726624525,0.39965154090624966,0.9919100610253565,402007,95577,ablation,10,min_ip_pkt_len;shortest_flow_pkt;l4_dst_port;min_ttl;max_ttl;retransmitted_out_pkts;retransmitted_in_bytes;retransmitted_out_bytes;tcp_win_max_in;tcp_win_max_out,nf_cse_cic18_v2
c6e73af684,90fd27b8a6314aab9e0cf203b7b04ad0,mlp,nf43,nf_unsw_v2,nf_unsw_v2,within,0,0.949838399887085,0.005828687278256462,0.9475920679886686,0.9559669936226537,0.9154683861786863,0.9983801365992497,0.006089349069582217,145170,7060,ablation,1,min_ip_pkt_len,nf_cse_cic18_v2
c6e73af684,90fd27b8a6314aab9e0cf203b7b04ad0,mlp,nf43,nf_unsw_v2,nf_cse_cic18_v2,cross,0,0.949838399887085,0.8380152073883106,0.221643282379652,0.1457651608012366,-0.5680903121681132,0.15232120559459741,0.8802173416440949,402007,95577,ablation,1,min_ip_pkt_len,nf_cse_cic18_v2
c6e73af684,a00c24cf393c4ca3b6157b6f18c410b1,mlp,nf43,nf_unsw_v2,nf_unsw_v2,within,1,0.9439120888710022,0.006082108464267613,0.9461756373937678,0.9544975883066106,0.912407713724627,0.9983571040901624,0.006292086018391137,145170,7060,ablation,1,min_ip_pkt_len,nf_cse_cic18_v2
c6e73af684,a00c24cf393c4ca3b6157b6f18c410b1,mlp,nf43,nf_unsw_v2,nf_cse_cic18_v2,cross,1,0.9439120888710022,0.8516267989426622,0.2928110319428314,0.15059292317729248,-0.5291160204251811,0.21948040320930917,0.8813921613419051,402007,95577,ablation,1,min_ip_pkt_len,nf_cse_cic18_v2
c6e73af684,83f6d424072d4dcaa4abd8d6ebd1079e,mlp,nf43,nf_unsw_v2,nf_unsw_v2,within,2,0.9498296976089478,0.005901093331402505,0.9511331444759207,0.9525383109350394,0.9168188469272095,0.9983058875761674,0.005850409094200275,145170,7060,ablation,1,min_ip_pkt_len,nf_cse_cic18_v2
c6e73af684,83f6d424072d4dcaa4abd8d6ebd1079e,mlp,nf43,nf_unsw_v2,nf_cse_cic18_v2,cross,2,0.9498296976089478,0.8474170283588421,0.2619563284053695,0.1495702844171587,-0.5482723709854423,0.21118738295477985,0.8798942662271971,402007,95577,ablation,1,min_ip_pkt_len,nf_cse_cic18_v2
a3b1431925,cf71eaede3a84e3e90146f9d6a2441f9,mlp,nf43,nf_unsw_v2,nf_unsw_v2,within,0,0.9544215798377991,0.006292086018391137,0.9470254957507083,0.9504141458346331,0.9110272336132889,0.9981963313719429,0.00653102599377308,145170,7060,ablation,3,min_ip_pkt_len;shortest_flow_pkt;l4_dst_port,nf_cse_cic18_v2
a3b1431925,cf71eaede3a84e3e90146f9d6a2441f9,mlp,nf43,nf_unsw_v2,nf_cse_cic18_v2,cross,0,0.9544215798377991,0.8456645889762752,0.8383816190087573,0.16546879361904376,-0.008542948544430665,0.3118660921594532,0.8726332278171197,402007,95577,ablation,3,min_ip_pkt_len;shortest_flow_pkt;l4_dst_port,nf_cse_cic18_v2
a3b1431925,b95c4af77e344e6f9be89bde05e789d1,mlp,nf43,nf_unsw_v2,nf_unsw_v2,within,1,0.9431325793266296,0.006559988415031496,0.9481586402266289,0.9460741160048349,0.9093102286115643,0.9981108214641079,0.0067192817319527915,145170,7060,ablation,3,min_ip_pkt_len;shortest_flow_pkt;l4_dst_port,nf_cse_cic18_v2
a3b1431925,b95c4af77e344e6f9be89bde05e789d1,mlp,nf43,nf_unsw_v2,nf_cse_cic18_v2,cross,1,0.9431325793266296,0.8340338739679535,0.8093474371449199,0.1561553567990306,-0.027858168794817076,0.24902896643524317,0.9613778024344874,402007,95577,ablation,3,min_ip_pkt_len;shortest_flow_pkt;l4_dst_port,nf_cse_cic18_v2
a3b1431925,0876d449d4354bf0ae424417a73ba871,mlp,nf43,nf_unsw_v2,nf_unsw_v2,within,2,0.9491260647773743,0.006574469625660705,0.9468838526912181,0.9478746160292142,0.9084605348870477,0.9981474844639788,0.006798928390413439,145170,7060,ablation,3,min_ip_pkt_len;shortest_flow_pkt;l4_dst_port,nf_cse_cic18_v2
a3b1431925,0876d449d4354bf0ae424417a73ba871,mlp,nf43,nf_unsw_v2,nf_cse_cic18_v2,cross,2,0.9491260647773743,0.852080409881539,0.9283509630978164,0.16203207013961357,0.09661359422237627,0.28391228043720973,0.8565251444049212,402007,95577,ablation,3,min_ip_pkt_len;shortest_flow_pkt;l4_dst_port,nf_cse_cic18_v2
5f5440da1d,784598e903364fe983d9a0b70f49de0a,mlp,nf43,nf_unsw_v2,nf_unsw_v2,within,0,0.9467184543609619,0.0071609586561436536,0.9494334277620397,0.9421625522658286,0.9048053813755549,0.9980059844731065,0.007240605314604301,145170,7060,ablation,5,min_ip_pkt_len;shortest_flow_pkt;l4_dst_port;min_ttl;max_ttl,nf_cse_cic18_v2
5f5440da1d,784598e903364fe983d9a0b70f49de0a,mlp,nf43,nf_unsw_v2,nf_cse_cic18_v2,cross,0,0.9467184543609619,0.039105178996834515,0.0018623727465812904,0.3366857023807218,-0.09256643755322516,0.6712225911754478,0.8652253369448161,402007,95577,ablation,5,min_ip_pkt_len;shortest_flow_pkt;l4_dst_port;min_ttl;max_ttl,nf_cse_cic18_v2
5f5440da1d,ef6c9dfe74d446b79bcb45a58e0d09d7,mlp,nf43,nf_unsw_v2,nf_unsw_v2,within,1,0.9386916160583496,0.007472304684671639,0.9478753541076487,0.9407417005464664,0.9012426930684726,0.9979318123686358,0.007588154369705308,145170,7060,ablation,5,min_ip_pkt_len;shortest_flow_pkt;l4_dst_port;min_ttl;max_ttl,nf_cse_cic18_v2
5f5440da1d,ef6c9dfe74d446b79bcb45a58e0d09d7,mlp,nf43,nf_unsw_v2,nf_cse_cic18_v2,cross,1,0.9386916160583496,0.039803544039421726,0.019617690448538873,0.3303502738711789,-0.04675543066666519,0.6719465583657376,0.7791991645726594,402007,95577,ablation,5,min_ip_pkt_len;shortest_flow_pkt;l4_dst_port;min_ttl;max_ttl,nf_cse_cic18_v2
5f5440da1d,7d77ebfee2914ffcacc49f4df35f19da,mlp,nf43,nf_unsw_v2,nf_unsw_v2,within,2,0.9623377919197083,0.006690319310694374,0.9470254957507083,0.9466682610852134,0.9075262251581564,0.9980829810289986,0.0068351314169864605,145170,7060,ablation,5,min_ip_pkt_len;shortest_flow_pkt;l4_dst_port;min_ttl;max_ttl,nf_cse_cic18_v2
5f5440da1d,7d77ebfee2914ffcacc49f4df35f19da,mlp,nf43,nf_unsw_v2,nf_cse_cic18_v2,cross,2,0.9623377919197083,0.038778840191887216,0.031147661048160122,0.3925398990238699,-0.017218155786122378,0.725917404434123,0.7736383513363574,402007,95577,ablation,5,min_ip_pkt_len;shortest_flow_pkt;l4_dst_port;min_ttl;max_ttl,nf_cse_cic18_v2
159f541242,3fbc1941d875493cb9a3e996c40c4cc2,mlp,nf43,nf_unsw_v2,nf_unsw_v2,within,0,0.9587586522102356,0.006950981102020129,0.9451841359773371,0.9437538984147755,0.9042078730882928,0.9979945077034502,0.007269567735862718,145170,7060,ablation,10,min_ip_pkt_len;shortest_flow_pkt;l4_dst_port;min_ttl;max_ttl;retransmitted_out_pkts;retransmitted_in_bytes;retransmitted_out_bytes;tcp_win_max_in;tcp_win_max_out,nf_cse_cic18_v2
159f541242,3fbc1941d875493cb9a3e996c40c4cc2,mlp,nf43,nf_unsw_v2,nf_cse_cic18_v2,cross,0,0.9587586522102356,0.03571125542538263,0.0033480858365506345,0.30816412547270977,-0.08348725574254091,0.6543147887549013,0.7832653460823027,402007,95577,ablation,10,min_ip_pkt_len;shortest_flow_pkt;l4_dst_port;min_ttl;max_ttl;retransmitted_out_pkts;retransmitted_in_bytes;retransmitted_out_bytes;tcp_win_max_in;tcp_win_max_out,nf_cse_cic18_v2
159f541242,552bb8a2f4074723809a5d2423c1ced8,mlp,nf43,nf_unsw_v2,nf_unsw_v2,within,1,0.9510341286659241,0.0071392368401998405,0.9451841359773371,0.9463803078620934,0.902576006712554,0.99806614508327,0.007334733183694157,145170,7060,ablation,10,min_ip_pkt_len;shortest_flow_pkt;l4_dst_port;min_ttl;max_ttl;retransmitted_out_pkts;retransmitted_in_bytes;retransmitted_out_bytes;tcp_win_max_in;tcp_win_max_out,nf_cse_cic18_v2
159f541242,552bb8a2f4074723809a5d2423c1ced8,mlp,nf43,nf_unsw_v2,nf_cse_cic18_v2,cross,1,0.9510341286659241,0.03461475704075972,0.004101405149774528,0.25193929618403316,-0.07962745454305671,0.5855192718569144,0.8357438893058774,402007,95577,ablation,10,min_ip_pkt_len;shortest_flow_pkt;l4_dst_port;min_ttl;max_ttl;retransmitted_out_pkts;retransmitted_in_bytes;retransmitted_out_bytes;tcp_win_max_in;tcp_win_max_out,nf_cse_cic18_v2
159f541242,b37115359ebb41a99932da223a1264a8,mlp,nf43,nf_unsw_v2,nf_unsw_v2,within,2,0.9476248025894165,0.007298530157121136,0.9456090651558073,0.945431898469323,0.9014436609984194,0.9980286144414592,0.007479545289986243,145170,7060,ablation,10,min_ip_pkt_len;shortest_flow_pkt;l4_dst_port;min_ttl;max_ttl;retransmitted_out_pkts;retransmitted_in_bytes;retransmitted_out_bytes;tcp_win_max_in;tcp_win_max_out,nf_cse_cic18_v2
159f541242,b37115359ebb41a99932da223a1264a8,mlp,nf43,nf_unsw_v2,nf_cse_cic18_v2,cross,2,0.9476248025894165,0.01230297294651307,0.03261244860165102,0.257556584913757,0.06662872471586856,0.5788601902584699,0.8256730737852038,402007,95577,ablation,10,min_ip_pkt_len;shortest_flow_pkt;l4_dst_port;min_ttl;max_ttl;retransmitted_out_pkts;retransmitted_in_bytes;retransmitted_out_bytes;tcp_win_max_in;tcp_win_max_out,nf_cse_cic18_v2
28144ee6a4,399c3c4759584ae7b96b5379bb58a2a1,rf,nf43,nf_unsw_v2,nf_unsw_v2,within,0,0.8775351496267979,0.004684671638548982,0.9471671388101983,0.9613733902385533,0.9256278424197399,0.998603013917346,0.004793280718268047,145170,7060,ablation,1,retransmitted_out_bytes,nf_ton_v2
28144ee6a4,399c3c4759584ae7b96b5379bb58a2a1,rf,nf43,nf_unsw_v2,nf_ton_v2,cross,0,0.8775351496267979,0.0009986925012647914,6.880008072542806e-05,0.5200034202683369,-0.02154757440828856,0.45921970734881407,0.821306316073036,370222,218023,ablation,1,retransmitted_out_bytes,nf_ton_v2
28144ee6a4,d842b8f01e634180b0e9f9646eeb51f1,rf,nf43,nf_unsw_v2,nf_unsw_v2,within,1,0.8794885699206173,0.00461226558540294,0.9477337110481586,0.9610251550743327,0.9266143470347371,0.9985917479046857,0.00476431829700963,145170,7060,ablation,1,retransmitted_out_bytes,nf_ton_v2
28144ee6a4,d842b8f01e634180b0e9f9646eeb51f1,rf,nf43,nf_unsw_v2,nf_ton_v2,cross,1,0.8794885699206173,0.000939559392637271,6.880008072542806e-05,0.49186827159882773,-0.020743795376109216,0.3804200116041052,0.9228247228956826,370222,218023,ablation,1,retransmitted_out_bytes,nf_ton_v2
28144ee6a4,e65306cad3ad4e63a33004d4f54bd41b,rf,nf43,nf_unsw_v2,nf_unsw_v2,within,2,0.8796982338156499,0.0047063934544927955,0.946600566572238,0.9607068205790008,0.9251097854433361,0.9985860256727662,0.004945333429874738,145170,7060,ablation,1,retransmitted_out_bytes,nf_ton_v2
28144ee6a4,e65306cad3ad4e63a33004d4f54bd41b,rf,nf43,nf_unsw_v2,nf_ton_v2,cross,2,0.8796982338156499,0.000978981465055618,6.880008072542806e-05,0.546105379951301,-0.02128277144536675,0.5045750739450594,0.8980019579629301,370222,218023,ablation,1,retransmitted_out_bytes,nf_ton_v2
b6e411c6b2,0f2e72ca71e24b74a5d69819dfe86416,rf,nf43,nf_unsw_v2,nf_unsw_v2,within,0,0.8787179195051117,0.004641228006661357,0.9461756373937678,0.9608350312453692,0.9254737311667176,0.9985981275343402,0.004778799507638838,145170,7060,ablation,3,retransmitted_out_bytes;retransmitted_out_pkts;out_pkts,nf_ton_v2
b6e411c6b2,0f2e72ca71e24b74a5d69819dfe86416,rf,nf43,nf_unsw_v2,nf_ton_v2,cross,0,0.8787179195051117,0.000939559392637271,6.880008072542806e-05,0.487517692372071,-0.020743795376109216,0.3837673188111345,0.9270034625720274,370222,218023,ablation,3,retransmitted_out_bytes;retransmitted_out_pkts;out_pkts,nf_ton_v2
b6e411c6b2,94de3f0b68e148cf8d64bab6f6772179,rf,nf43,nf_unsw_v2,nf_unsw_v2,within,1,0.8786136984099971,0.0045905437694591265,0.9468838526912181,0.9615566585689164,0.926339506860081,0.9986063701327696,0.004872927376728694,145170,7060,ablation,3,retransmitted_out_bytes;retransmitted_out_pkts;out_pkts,nf_ton_v2
b6e411c6b2,94de3f0b68e148cf8d64bab6f6772179,rf,nf43,nf_unsw_v2,nf_ton_v2,cross,1,0.8786136984099971,0.0009132780110250396,6.880008072542806e-05,0.46363237278603614,-0.020377187064305222,0.3131143422633701,0.9515437026524485,370222,218023,ablation,3,retransmitted_out_bytes;retransmitted_out_pkts;out_pkts,nf_ton_v2
b6e411c6b2,6f8da3f11d0e489c8b8a5b144cbd8d2c,rf,nf43,nf_unsw_v2,nf_unsw_v2,within,2,0.8756956296526088,0.004684671638548982,0.9483002832861189,0.9608989434756472,0.9262625672908219,0.9986010094183251,0.004894649192672507,145170,7060,ablation,3,retransmitted_out_bytes;retransmitted_out_pkts;out_pkts,nf_ton_v2
b6e411c6b2,6f8da3f11d0e489c8b8a5b144cbd8d2c,rf,nf43,nf_unsw_v2,nf_ton_v2,cross,2,0.8756956296526088,0.0010512552644892541,6.880008072542806e-05,0.4603299857754021,-0.022239362578185762,0.31172360374350494,0.9303937608000052,370222,218023,ablation,3,retransmitted_out_bytes;retransmitted_out_pkts;out_pkts,nf_ton_v2
82f8665459,09aafa58b7814b178e65c0f12c4062cc,rf,nf43,nf_unsw_v2,nf_unsw_v2,within,0,0.892567783794796,0.004605024980088335,0.9458923512747875,0.9606030215429862,0.9256500095986079,0.9986035123499498,0.004829483744841069,145170,7060,ablation,5,retransmitted_out_bytes;retransmitted_out_pkts;out_pkts;dst_to_src_avg_throughput;out_bytes,nf_ton_v2
82f8665459,09aafa58b7814b178e65c0f12c4062cc,rf,nf43,nf_unsw_v2,nf_ton_v2,cross,0,0.892567783794796,0.000814722829979172,6.880008072542806e-05,0.470704824173353,-0.01894497076959596,0.34254864849742195,0.9193030177596436,370222,218023,ablation,5,retransmitted_out_bytes;retransmitted_out_pkts;out_pkts;dst_to_src_avg_throughput;out_bytes,nf_ton_v2
82f8665459,7eea35a28e1c44c2a7cc71c406bd8929,rf,nf43,nf_unsw_v2,nf_unsw_v2,within,1,0.8898674431121557,0.00466294982260517,0.9463172804532578,0.9613387837026894,0.9253522767175272,0.9986012929916067,0.0048222431395264645,145170,7060,ablation,5,retransmitted_out_bytes;retransmitted_out_pkts;out_pkts;dst_to_src_avg_throughput;out_bytes,nf_ton_v2
82f8665459,7eea35a28e1c44c2a7cc71c406bd8929,rf,nf43,nf_unsw_v2,nf_ton_v2,cross,1,0.8898674431121557,0.0008607152478005769,6.880008072542806e-05,0.4607323819471344,-0.01962518807251399,0.3137153210648267,0.9182189107681391,370222,218023,ablation,5,retransmitted_out_bytes;retransmitted_out_pkts;out_pkts;dst_to_src_avg_throughput;out_bytes,nf_ton_v2
82f8665459,c43773d40dd148e1a800811a853208ce,rf,nf43,nf_unsw_v2,nf_unsw_v2,within,2,0.8951162422840905,0.004496415900369271,0.9454674220963173,0.961070780709103,0.9264192157817176,0.9986054809536186,0.0048222431395264645,145170,7060,ablation,5,retransmitted_out_bytes;retransmitted_out_pkts;out_pkts;dst_to_src_avg_throughput;out_bytes,nf_ton_v2
82f8665459,c43773d40dd148e1a800811a853208ce,rf,nf43,nf_unsw_v2,nf_ton_v2,cross,2,0.8951162422840905,0.0008804262840097504,6.880008072542806e-05,0.4822346174724568,-0.019910230152358245,0.3719755130784037,0.9187839604728021,370222,218023,ablation,5,retransmitted_out_bytes;retransmitted_out_pkts;out_pkts;dst_to_src_avg_throughput;out_bytes,nf_ton_v2
13276a703e,c35f9b04c0fa4b2da9b352ebd17b8b5b,rf,nf43,nf_unsw_v2,nf_unsw_v2,within,0,0.8983161402106816,0.004568821953515314,0.9443342776203966,0.9608607430674886,0.9251122309633234,0.9986022411416938,0.00496705524581855,145170,7060,ablation,10,retransmitted_out_bytes;retransmitted_out_pkts;out_pkts;dst_to_src_avg_throughput;out_bytes;src_to_dst_avg_throughput;retransmitted_in_bytes;retransmitted_in_pkts;server_tcp_flags;icmp_ipv4_type,nf_ton_v2
13276a703e,c35f9b04c0fa4b2da9b352ebd17b8b5b,rf,nf43,nf_unsw_v2,nf_ton_v2,cross,0,0.8983161402106816,0.000939559392637271,5.504006458034244e-05,0.5719491452433858,-0.021274450605820425,0.520663449081282,0.9712744498978312,370222,218023,ablation,10,retransmitted_out_bytes;retransmitted_out_pkts;out_pkts;dst_to_src_avg_throughput;out_bytes;src_to_dst_avg_throughput;retransmitted_in_bytes;retransmitted_in_pkts;server_tcp_flags;icmp_ipv4_type,nf_ton_v2
13276a703e,370831b4bb0f4a60a172f828e1b195dd,rf,nf43,nf_unsw_v2,nf_unsw_v2,within,1,0.8968533199708771,0.0045543407428861055,0.9453257790368272,0.9611619333365713,0.9258022329855479,0.9986129061636011,0.00486568677141409,145170,7060,ablation,10,retransmitted_out_bytes;retransmitted_out_pkts;out_pkts;dst_to_src_avg_throughput;out_bytes;src_to_dst_avg_throughput;retransmitted_in_bytes;retransmitted_in_pkts;server_tcp_flags;icmp_ipv4_type,nf_ton_v2
13276a703e,370831b4bb0f4a60a172f828e1b195dd,rf,nf43,nf_unsw_v2,nf_ton_v2,cross,1,0.8968533199708771,0.0009264187018311553,5.962673662870431e-05,0.5293997675807283,-0.020915622998579166,0.46123359111388273,0.9340205914624932,370222,218023,ablation,10,retransmitted_out_bytes;retransmitted_out_pkts;out_pkts;dst_to_src_avg_throughput;out_bytes;src_to_dst_avg_throughput;retransmitted_in_bytes;retransmitted_in_pkts;server_tcp_flags;icmp_ipv4_type,nf_ton_v2
13276a703e,b5b9cde298914e5e85bacde2906c1201,rf,nf43,nf_unsw_v2,nf_unsw_v2,within,2,0.8951641801357759,0.004699152849178191,0.9478753541076487,0.9614820912290264,0.9258909355639117,0.9986137645753078,0.004829483744841069,145170,7060,ablation,10,retransmitted_out_bytes;retransmitted_out_pkts;out_pkts;dst_to_src_avg_throughput;out_bytes;src_to_dst_avg_throughput;retransmitted_in_bytes;retransmitted_in_pkts;server_tcp_flags;icmp_ipv4_type,nf_ton_v2
13276a703e,b5b9cde298914e5e85bacde2906c1201,rf,nf43,nf_unsw_v2,nf_ton_v2,cross,2,0.8951641801357759,0.0008935669748158661,6.880008072542806e-05,0.5395236269409462,-0.02009820514460862,0.4824395032996955,0.9574832948968127,370222,218023,ablation,10,retransmitted_out_bytes;retransmitted_out_pkts;out_pkts;dst_to_src_avg_throughput;out_bytes;src_to_dst_avg_throughput;retransmitted_in_bytes;retransmitted_in_pkts;server_tcp_flags;icmp_ipv4_type,nf_ton_v2
90baa1ca2c,1b95682972e44bb3864403ae4aa2ce14,xgb,nf43,nf_unsw_v2,nf_unsw_v2,within,0,0.9427215456962585,0.004503656505683875,0.9473087818696884,0.9610020184590686,0.9273827691601988,0.9986439253885365,0.00476431829700963,145170,7060,ablation,1,retransmitted_out_bytes,nf_ton_v2
90baa1ca2c,1b95682972e44bb3864403ae4aa2ce14,xgb,nf43,nf_unsw_v2,nf_ton_v2,cross,0,0.9427215456962585,0.026176256085782428,0.005311366232003046,0.6566587571093477,-0.08772292302792443,0.6483363535273977,0.769052359082517,370222,218023,ablation,1,retransmitted_out_bytes,nf_ton_v2
90baa1ca2c,32c348f4556e4fcc9f1ab3dd9ffd6b1f,xgb,nf43,nf_unsw_v2,nf_unsw_v2,within,1,0.9427215456962585,0.004503656505683875,0.9473087818696884,0.9610020184590686,0.9273827691601988,0.9986439253885365,0.00476431829700963,145170,7060,ablation,1,retransmitted_out_bytes,nf_ton_v2
90baa1ca2c,32c348f4556e4fcc9f1ab3dd9ffd6b1f,xgb,nf43,nf_unsw_v2,nf_ton_v2,cross,1,0.9427215456962585,0.026176256085782428,0.005311366232003046,0.6566587571093477,-0.08772292302792443,0.6483363535273977,0.769052359082517,370222,218023,ablation,1,retransmitted_out_bytes,nf_ton_v2
90baa1ca2c,cadf47ce6411404098a19dd3043b6682,xgb,nf43,nf_unsw_v2,nf_unsw_v2,within,2,0.9427215456962585,0.004503656505683875,0.9473087818696884,0.9610020184590686,0.9273827691601988,0.9986439253885365,0.00476431829700963,145170,7060,ablation,1,retransmitted_out_bytes,nf_ton_v2
90baa1ca2c,cadf47ce6411404098a19dd3043b6682,xgb,nf43,nf_unsw_v2,nf_ton_v2,cross,2,0.9427215456962585,0.026176256085782428,0.005311366232003046,0.6566587571093477,-0.08772292302792443,0.6483363535273977,0.769052359082517,370222,218023,ablation,1,retransmitted_out_bytes,nf_ton_v2
7a3262cf01,9277931cae594467b0917aafc2b23051,xgb,nf43,nf_unsw_v2,nf_unsw_v2,within,0,0.9426403045654297,0.004684671638548982,0.9495750708215297,0.9623979120975696,0.9269762149422018,0.998674532329713,0.004699152849178191,145170,7060,ablation,3,retransmitted_out_bytes;retransmitted_out_pkts;out_pkts,nf_ton_v2
7a3262cf01,9277931cae594467b0917aafc2b23051,xgb,nf43,nf_unsw_v2,nf_ton_v2,cross,0,0.9426403045654297,0.005282557704058503,0.0014585617113790747,0.5352481436772083,-0.03422993169739608,0.46604589506696614,0.9023580969651575,370222,218023,ablation,3,retransmitted_out_bytes;retransmitted_out_pkts;out_pkts,nf_ton_v2
7a3262cf01,1fbee89cd07b4dd8a41b6ec9f170412c,xgb,nf43,nf_unsw_v2,nf_unsw_v2,within,1,0.9426403045654297,0.004684671638548982,0.9495750708215297,0.9623979120975696,0.9269762149422018,0.998674532329713,0.004699152849178191,145170,7060,ablation,3,retransmitted_out_bytes;retransmitted_out_pkts;out_pkts,nf_ton_v2
7a3262cf01,1fbee89cd07b4dd8a41b6ec9f170412c,xgb,nf43,nf_unsw_v2,nf_ton_v2,cross,1,0.9426403045654297,0.005282557704058503,0.0014585617113790747,0.5352481436772083,-0.03422993169739608,0.46604589506696614,0.9023580969651575,370222,218023,ablation,3,retransmitted_out_bytes;retransmitted_out_pkts;out_pkts,nf_ton_v2
7a3262cf01,596caf1f596548c99a941b2cafddb6da,xgb,nf43,nf_unsw_v2,nf_unsw_v2,within,2,0.9426403045654297,0.004684671638548982,0.9495750708215297,0.9623979120975696,0.9269762149422018,0.998674532329713,0.004699152849178191,145170,7060,ablation,3,retransmitted_out_bytes;retransmitted_out_pkts;out_pkts,nf_ton_v2
7a3262cf01,596caf1f596548c99a941b2cafddb6da,xgb,nf43,nf_unsw_v2,nf_ton_v2,cross,2,0.9426403045654297,0.005282557704058503,0.0014585617113790747,0.5352481436772083,-0.03422993169739608,0.46604589506696614,0.9023580969651575,370222,218023,ablation,3,retransmitted_out_bytes;retransmitted_out_pkts;out_pkts,nf_ton_v2
ea296272a0,b2165cc46d4b40558d74c0fad601038c,xgb,nf43,nf_unsw_v2,nf_unsw_v2,within,0,0.9362736940383911,0.004771558902324234,0.9473087818696884,0.962721950072387,0.9249059094062236,0.9986829692758348,0.004887408587357903,145170,7060,ablation,5,retransmitted_out_bytes;retransmitted_out_pkts;out_pkts;dst_to_src_avg_throughput;out_bytes,nf_ton_v2
ea296272a0,b2165cc46d4b40558d74c0fad601038c,xgb,nf43,nf_unsw_v2,nf_ton_v2,cross,0,0.9362736940383911,0.0015308904789124763,0.0027107231805818654,0.5306323012604717,0.012318749069589298,0.47761342415698116,0.8123443649432651,370222,218023,ablation,5,retransmitted_out_bytes;retransmitted_out_pkts;out_pkts;dst_to_src_avg_throughput;out_bytes,nf_ton_v2
ea296272a0,9d30fce6b1674250bedba913961f7810,xgb,nf43,nf_unsw_v2,nf_unsw_v2,within,1,0.9362736940383911,0.004771558902324234,0.9473087818696884,0.962721950072387,0.9249059094062236,0.9986829692758348,0.004887408587357903,145170,7060,ablation,5,retransmitted_out_bytes;retransmitted_out_pkts;out_pkts;dst_to_src_avg_throughput;out_bytes,nf_ton_v2
ea296272a0,9d30fce6b1674250bedba913961f7810,xgb,nf43,nf_unsw_v2,nf_ton_v2,cross,1,0.9362736940383911,0.0015308904789124763,0.0027107231805818654,0.5306323012604717,0.012318749069589298,0.47761342415698116,0.8123443649432651,370222,218023,ablation,5,retransmitted_out_bytes;retransmitted_out_pkts;out_pkts;dst_to_src_avg_throughput;out_bytes,nf_ton_v2
ea296272a0,046f259c505f4d249792eb5f880bc78e,xgb,nf43,nf_unsw_v2,nf_unsw_v2,within,2,0.9362736940383911,0.004771558902324234,0.9473087818696884,0.962721950072387,0.9249059094062236,0.9986829692758348,0.004887408587357903,145170,7060,ablation,5,retransmitted_out_bytes;retransmitted_out_pkts;out_pkts;dst_to_src_avg_throughput;out_bytes,nf_ton_v2
ea296272a0,046f259c505f4d249792eb5f880bc78e,xgb,nf43,nf_unsw_v2,nf_ton_v2,cross,2,0.9362736940383911,0.0015308904789124763,0.0027107231805818654,0.5306323012604717,0.012318749069589298,0.47761342415698116,0.8123443649432651,370222,218023,ablation,5,retransmitted_out_bytes;retransmitted_out_pkts;out_pkts;dst_to_src_avg_throughput;out_bytes,nf_ton_v2
543f2e595e,1937d70a116546c0846f610bdf737e9a,xgb,nf43,nf_unsw_v2,nf_unsw_v2,within,0,0.9406237602233887,0.004720874665122004,0.9490084985835694,0.9624207380934168,0.9263252239854206,0.9986823934118286,0.0048222431395264645,145170,7060,ablation,10,retransmitted_out_bytes;retransmitted_out_pkts;out_pkts;dst_to_src_avg_throughput;out_bytes;src_to_dst_avg_throughput;retransmitted_in_bytes;retransmitted_in_pkts;server_tcp_flags;icmp_ipv4_type,nf_ton_v2
543f2e595e,1937d70a116546c0846f610bdf737e9a,xgb,nf43,nf_unsw_v2,nf_ton_v2,cross,0,0.9406237602233887,0.002444168489937516,0.004582085376313509,0.582080231562814,0.017318236362658782,0.5636055089880264,0.6758388688493354,370222,218023,ablation,10,retransmitted_out_bytes;retransmitted_out_pkts;out_pkts;dst_to_src_avg_throughput;out_bytes;src_to_dst_avg_throughput;retransmitted_in_bytes;retransmitted_in_pkts;server_tcp_flags;icmp_ipv4_type,nf_ton_v2
543f2e595e,3e171ec649d34a3e95d318106c338d18,xgb,nf43,nf_unsw_v2,nf_unsw_v2,within,1,0.9406237602233887,0.004720874665122004,0.9490084985835694,0.9624207380934168,0.9263252239854206,0.9986823934118286,0.0048222431395264645,145170,7060,ablation,10,retransmitted_out_bytes;retransmitted_out_pkts;out_pkts;dst_to_src_avg_throughput;out_bytes;src_to_dst_avg_throughput;retransmitted_in_bytes;retransmitted_in_pkts;server_tcp_flags;icmp_ipv4_type,nf_ton_v2
543f2e595e,3e171ec649d34a3e95d318106c338d18,xgb,nf43,nf_unsw_v2,nf_ton_v2,cross,1,0.9406237602233887,0.002444168489937516,0.004582085376313509,0.582080231562814,0.017318236362658782,0.5636055089880264,0.6758388688493354,370222,218023,ablation,10,retransmitted_out_bytes;retransmitted_out_pkts;out_pkts;dst_to_src_avg_throughput;out_bytes;src_to_dst_avg_throughput;retransmitted_in_bytes;retransmitted_in_pkts;server_tcp_flags;icmp_ipv4_type,nf_ton_v2
543f2e595e,6aca5043d3564f64a93f233c376318e3,xgb,nf43,nf_unsw_v2,nf_unsw_v2,within,2,0.9406237602233887,0.004720874665122004,0.9490084985835694,0.9624207380934168,0.9263252239854206,0.9986823934118286,0.0048222431395264645,145170,7060,ablation,10,retransmitted_out_bytes;retransmitted_out_pkts;out_pkts;dst_to_src_avg_throughput;out_bytes;src_to_dst_avg_throughput;retransmitted_in_bytes;retransmitted_in_pkts;server_tcp_flags;icmp_ipv4_type,nf_ton_v2
543f2e595e,6aca5043d3564f64a93f233c376318e3,xgb,nf43,nf_unsw_v2,nf_ton_v2,cross,2,0.9406237602233887,0.002444168489937516,0.004582085376313509,0.582080231562814,0.017318236362658782,0.5636055089880264,0.6758388688493354,370222,218023,ablation,10,retransmitted_out_bytes;retransmitted_out_pkts;out_pkts;dst_to_src_avg_throughput;out_bytes;src_to_dst_avg_throughput;retransmitted_in_bytes;retransmitted_in_pkts;server_tcp_flags;icmp_ipv4_type,nf_ton_v2
9c7c08bf61,667a37b2bca040a8a8451df8ba0c4be4,mlp,nf43,nf_unsw_v2,nf_unsw_v2,within,0,0.9523369669914246,0.005915574542031714,0.9456090651558073,0.9544701714808431,0.9135715536573757,0.9983643718733866,0.006096589674896821,145170,7060,ablation,1,retransmitted_out_bytes,nf_ton_v2
9c7c08bf61,667a37b2bca040a8a8451df8ba0c4be4,mlp,nf43,nf_unsw_v2,nf_ton_v2,cross,0,0.9523369669914246,0.32418084218687376,0.4356833912018457,0.6149206714025071,0.11248993426110641,0.5204021383292736,0.9823454819019836,370222,218023,ablation,1,retransmitted_out_bytes,nf_ton_v2
9c7c08bf61,805100cd4df5401e8730ce65c43665d1,mlp,nf43,nf_unsw_v2,nf_unsw_v2,within,1,0.9359119534492493,0.006234161175874303,0.9447592067988668,0.9516068477924085,0.9102563175496973,0.9982731540917728,0.006516544783143871,145170,7060,ablation,1,retransmitted_out_bytes,nf_ton_v2
9c7c08bf61,805100cd4df5401e8730ce65c43665d1,mlp,nf43,nf_unsw_v2,nf_ton_v2,cross,1,0.9359119534492493,0.24469280350068004,0.39182104640336113,0.6531007200287184,0.1537986371880736,0.5598213837026893,0.9396448071275106,370222,218023,ablation,1,retransmitted_out_bytes,nf_ton_v2
9c7c08bf61,eeb5048cb0454168a3a6b700d2984518,mlp,nf43,nf_unsw_v2,nf_unsw_v2,within,2,0.9529936909675598,0.006502063572514662,0.9478753541076487,0.9527706731040371,0.9096582122649142,0.9982952379379822,0.00668307870537977,145170,7060,ablation,1,retransmitted_out_bytes,nf_ton_v2
9c7c08bf61,eeb5048cb0454168a3a6b700d2984518,mlp,nf43,nf_unsw_v2,nf_ton_v2,cross,2,0.9529936909675598,0.1406119619708408,0.19674988418653078,0.5963101636279223,0.07291393726521905,0.46772332554247825,0.9472598374496547,370222,218023,ablation,1,retransmitted_out_bytes,nf_ton_v2
ac1ae1e772,30d93adbfb6d4dc7ad179b48ac6cc095,mlp,nf43,nf_unsw_v2,nf_unsw_v2,within,0,0.9534445405006409,0.005705596987908189,0.9478753541076487,0.9554278017140364,0.9167313298631126,0.9982552541052487,0.005886612120773297,145170,7060,ablation,3,retransmitted_out_bytes;retransmitted_out_pkts;out_pkts,nf_ton_v2
ac1ae1e772,30d93adbfb6d4dc7ad179b48ac6cc095,mlp,nf43,nf_unsw_v2,nf_ton_v2,cross,0,0.9534445405006409,0.18050709925820801,0.25410621815129597,0.6054469730963501,0.08687932346384526,0.5000480867205042,0.9921155855163306,370222,218023,ablation,3,retransmitted_out_bytes;retransmitted_out_pkts;out_pkts,nf_ton_v2
ac1ae1e772,a1e344e88eb74b7991f41fa6a2881674,mlp,nf43,nf_unsw_v2,nf_unsw_v2,within,1,0.9424657821655273,0.006016943016436174,0.9464589235127479,0.9526140094989675,0.9131477972901532,0.9982802080412563,0.006140033306784447,145170,7060,ablation,3,retransmitted_out_bytes;retransmitted_out_pkts;out_pkts,nf_ton_v2
ac1ae1e772,a1e344e88eb74b7991f41fa6a2881674,mlp,nf43,nf_unsw_v2,nf_ton_v2,cross,1,0.9424657821655273,0.1470180487388222,0.2745490154708448,0.6823769477598942,0.1509592756370007,0.6111777839354164,0.8337768316480397,370222,218023,ablation,3,retransmitted_out_bytes;retransmitted_out_pkts;out_pkts,nf_ton_v2
ac1ae1e772,60725719825645caa41e0783981ef08b,mlp,nf43,nf_unsw_v2,nf_unsw_v2,within,2,0.95216965675354,0.005611469118818333,0.9464589235127479,0.9560944792638602,0.9167788512193248,0.9983975058473529,0.005749040619795815,145170,7060,ablation,3,retransmitted_out_bytes;retransmitted_out_pkts;out_pkts,nf_ton_v2
ac1ae1e772,60725719825645caa41e0783981ef08b,mlp,nf43,nf_unsw_v2,nf_ton_v2,cross,2,0.95216965675354,0.24671646988482185,0.42317553652596285,0.6201121745446255,0.18195640517151487,0.5322504799580541,0.9686725931182202,370222,218023,ablation,3,retransmitted_out_bytes;retransmitted_out_pkts;out_pkts,nf_ton_v2
42848c35bf,d9540b5ad8b342c3a195f3d6d3afd275,mlp,nf43,nf_unsw_v2,nf_unsw_v2,within,0,0.9495567083358765,0.006002461805806965,0.945042492917847,0.9559448686220009,0.9124758059653829,0.9983640724035917,0.006364492071537181,145170,7060,ablation,5,retransmitted_out_bytes;retransmitted_out_pkts;out_pkts;dst_to_src_avg_throughput;out_bytes,nf_ton_v2
42848c35bf,d9540b5ad8b342c3a195f3d6d3afd275,mlp,nf43,nf_unsw_v2,nf_ton_v2,cross,0,0.9495567083358765,0.16120999480942713,0.495956848589369,0.695709630359859,0.3434873437318605,0.6087639143653412,0.9513400219449536,370222,218023,ablation,5,retransmitted_out_bytes;retransmitted_out_pkts;out_pkts;dst_to_src_avg_throughput;out_bytes,nf_ton_v2
42848c35bf,f91895b526c8402ca30bf95fb20a7ac4,mlp,nf43,nf_unsw_v2,nf_unsw_v2,within,1,0.9390578866004944,0.00595901817391934,0.9470254957507083,0.9511416947023302,0.9139842340353028,0.9982966963148601,0.00611107088552603,145170,7060,ablation,5,retransmitted_out_bytes;retransmitted_out_pkts;out_pkts;dst_to_src_avg_throughput;out_bytes,nf_ton_v2
42848c35bf,f91895b526c8402ca30bf95fb20a7ac4,mlp,nf43,nf_unsw_v2,nf_ton_v2,cross,1,0.9390578866004944,0.1842324851017418,0.2557482467446095,0.6125019797973639,0.08408827834993714,0.5063508045454155,0.9351638315626253,370222,218023,ablation,5,retransmitted_out_bytes;retransmitted_out_pkts;out_pkts;dst_to_src_avg_throughput;out_bytes,nf_ton_v2
42848c35bf,1f3ba4495a6044579ae2ce659dda5bc0,mlp,nf43,nf_unsw_v2,nf_unsw_v2,within,2,0.9419203400611877,0.0067192817319527915,0.9488668555240793,0.9492103676146587,0.9083175965174868,0.9981943561019945,0.00678444717978423,145170,7060,ablation,5,retransmitted_out_bytes;retransmitted_out_pkts;out_pkts;dst_to_src_avg_throughput;out_bytes,nf_ton_v2
42848c35bf,1f3ba4495a6044579ae2ce659dda5bc0,mlp,nf43,nf_unsw_v2,nf_ton_v2,cross,2,0.9419203400611877,0.16670280356638348,0.22836122794384078,0.6233668913272024,0.07542224424699644,0.5207071837537184,0.9137116538216414,370222,218023,ablation,5,retransmitted_out_bytes;retransmitted_out_pkts;out_pkts;dst_to_src_avg_throughput;out_bytes,nf_ton_v2
8b279b3582,93d85f35a12e40f694685177c47d6af2,mlp,nf43,nf_unsw_v2,nf_unsw_v2,within,0,0.9528568983078003,0.006016943016436174,0.9457507082152975,0.9511293370254231,0.9127473387246338,0.9982753806291861,0.006292086018391137,145170,7060,ablation,10,retransmitted_out_bytes;retransmitted_out_pkts;out_pkts;dst_to_src_avg_throughput;out_bytes;src_to_dst_avg_throughput;retransmitted_in_bytes;retransmitted_in_pkts;server_tcp_flags;icmp_ipv4_type,nf_ton_v2
8b279b3582,93d85f35a12e40f694685177c47d6af2,mlp,nf43,nf_unsw_v2,nf_ton_v2,cross,0,0.9528568983078003,0.1545476645707265,0.38461079794333625,0.687327128355643,0.24945935129527344,0.5942088316994739,0.9363793454621909,370222,218023,ablation,10,retransmitted_out_bytes;retransmitted_out_pkts;out_pkts;dst_to_src_avg_throughput;out_bytes;src_to_dst_avg_throughput;retransmitted_in_bytes;retransmitted_in_pkts;server_tcp_flags;icmp_ipv4_type,nf_ton_v2
8b279b3582,4a6a047fb083455f8f1be4623f3e464d,mlp,nf43,nf_unsw_v2,nf_unsw_v2,within,1,0.9529578685760498,0.005778003041054232,0.9464589235127479,0.9515494465401325,0.9152826915577551,0.9983145675851022,0.005966258779233944,145170,7060,ablation,10,retransmitted_out_bytes;retransmitted_out_pkts;out_pkts;dst_to_src_avg_throughput;out_bytes;src_to_dst_avg_throughput;retransmitted_in_bytes;retransmitted_in_pkts;server_tcp_flags;icmp_ipv4_type,nf_ton_v2
8b279b3582,4a6a047fb083455f8f1be4623f3e464d,mlp,nf43,nf_unsw_v2,nf_ton_v2,cross,1,0.9529578685760498,0.10849611364069409,0.26771028744673725,0.7130111405283135,0.19502633482414777,0.6557103000774663,0.8265034592868548,370222,218023,ablation,10,retransmitted_out_bytes;retransmitted_out_pkts;out_pkts;dst_to_src_avg_throughput;out_bytes;src_to_dst_avg_throughput;retransmitted_in_bytes;retransmitted_in_pkts;server_tcp_flags;icmp_ipv4_type,nf_ton_v2
8b279b3582,04b9bca9b59841488a91d8f2ad396bf0,mlp,nf43,nf_unsw_v2,nf_unsw_v2,within,2,0.9447592496871948,0.005850409094200275,0.9475920679886686,0.9537049902065241,0.9152740864153347,0.9983604244102342,0.005987980595177757,145170,7060,ablation,10,retransmitted_out_bytes;retransmitted_out_pkts;out_pkts;dst_to_src_avg_throughput;out_bytes;src_to_dst_avg_throughput;retransmitted_in_bytes;retransmitted_in_pkts;server_tcp_flags;icmp_ipv4_type,nf_ton_v2
8b279b3582,04b9bca9b59841488a91d8f2ad396bf0,mlp,nf43,nf_unsw_v2,nf_ton_v2,cross,2,0.9447592496871948,0.16663052976694984,0.3455552854515349,0.6622942476225983,0.19784070108839835,0.5941828079657614,0.9577329680221289,370222,218023,ablation,10,retransmitted_out_bytes;retransmitted_out_pkts;out_pkts;dst_to_src_avg_throughput;out_bytes;src_to_dst_avg_throughput;retransmitted_in_bytes;retransmitted_in_pkts;server_tcp_flags;icmp_ipv4_type,nf_ton_v2
6d601f4562,95cb8ce8e8364bdd9c9df336a5da3408,rf,nf43,nf_cse_cic18_v2,nf_cse_cic18_v2,within,0,0.9999803280814114,0.0,0.9461376691044917,0.9962783841329562,0.9646270023798746,0.9976222777361369,0.0,402007,95577,ablation,1,min_ip_pkt_len,nf_unsw_v2
6d601f4562,95cb8ce8e8364bdd9c9df336a5da3408,rf,nf43,nf_cse_cic18_v2,nf_unsw_v2,cross,0,0.9999803280814114,0.0,0.0,0.5240730284135333,0.0,0.6627900857242544,0.9986315255955398,145170,7060,ablation,1,min_ip_pkt_len,nf_unsw_v2
6d601f4562,72e02ecedb9f462ebbf5263d0817dd62,rf,nf43,nf_cse_cic18_v2,nf_cse_cic18_v2,within,1,0.9999751337140467,0.0,0.952886154618789,0.9962936016937897,0.9690646253133036,0.9976493969049958,0.0,402007,95577,ablation,1,min_ip_pkt_len,nf_unsw_v2
6d601f4562,72e02ecedb9f462ebbf5263d0817dd62,rf,nf43,nf_cse_cic18_v2,nf_unsw_v2,cross,1,0.9999751337140467,0.0,0.0,0.480827397179601,0.0,0.6781408427982538,0.9990587213091014,145170,7060,ablation,1,min_ip_pkt_len,nf_unsw_v2
6d601f4562,b3f7bf16b2da47aabe0292799f030d9e,rf,nf43,nf_cse_cic18_v2,nf_cse_cic18_v2,within,2,0.9999050437864158,0.0,0.9531163355200519,0.9962696624886473,0.9692159516901988,0.9976321345153715,0.0,402007,95577,ablation,1,min_ip_pkt_len,nf_unsw_v2
6d601f4562,b3f7bf16b2da47aabe0292799f030d9e,rf,nf43,nf_cse_cic18_v2,nf_unsw_v2,cross,2,0.9999050437864158,0.0,0.0,0.5020067098585755,0.0,0.7040775181666377,0.9987835783071465,145170,7060,ablation,1,min_ip_pkt_len,nf_unsw_v2
e04891f02c,c9613162ae5f48899b42a91eaa29dc7a,rf,nf43,nf_cse_cic18_v2,nf_cse_cic18_v2,within,0,0.9999706491571616,0.0,0.9500821327306779,0.9962802167202337,0.9672210152492943,0.9976366845033016,0.0,402007,95577,ablation,3,min_ip_pkt_len;shortest_flow_pkt;l4_dst_port,nf_unsw_v2
e04891f02c,c9613162ae5f48899b42a91eaa29dc7a,rf,nf43,nf_cse_cic18_v2,nf_unsw_v2,cross,0,0.9999706491571616,0.0,0.0,0.36753440084945194,0.0,0.6748663698086861,0.9986170443849106,145170,7060,ablation,3,min_ip_pkt_len;shortest_flow_pkt;l4_dst_port,nf_unsw_v2
e04891f02c,5c956b0d12ba47e59098737f24ff5121,rf,nf43,nf_cse_cic18_v2,nf_cse_cic18_v2,within,1,0.9999663651488631,0.0,0.951839877794867,0.9963135662728952,0.9683767501239687,0.9976969469992938,0.0,402007,95577,ablation,3,min_ip_pkt_len;shortest_flow_pkt;l4_dst_port,nf_unsw_v2
e04891f02c,5c956b0d12ba47e59098737f24ff5121,rf,nf43,nf_cse_cic18_v2,nf_unsw_v2,cross,1,0.9999663651488631,0.0,0.0,0.3644832793238286,0.0,0.6533135984105949,0.998957352834697,145170,7060,ablation,3,min_ip_pkt_len;shortest_flow_pkt;l4_dst_port,nf_unsw_v2
e04891f02c,ff47640501954fe3b8a42a48f12bb8e2,rf,nf43,nf_cse_cic18_v2,nf_cse_cic18_v2,within,2,0.999973155906735,0.0,0.9493497389539324,0.9962734740971834,0.9667394198692268,0.9976227676182219,0.0,402007,95577,ablation,3,min_ip_pkt_len;shortest_flow_pkt;l4_dst_port,nf_unsw_v2
e04891f02c,ff47640501954fe3b8a42a48f12bb8e2,rf,nf43,nf_cse_cic18_v2,nf_unsw_v2,cross,2,0.999973155906735,0.0,0.0,0.36014335219457894,0.0,0.7474766131525082,0.9988342625443487,145170,7060,ablation,3,min_ip_pkt_len;shortest_flow_pkt;l4_dst_port,nf_unsw_v2
e3984211f5,922912d5dc5243eda82fda9a359e4435,rf,nf43,nf_cse_cic18_v2,nf_cse_cic18_v2,within,0,0.9996829923740509,0.0,0.9505006434602468,0.9961300358590978,0.9674962022116361,0.9974979235717442,0.0,402007,95577,ablation,5,min_ip_pkt_len;shortest_flow_pkt;l4_dst_port;min_ttl;max_ttl,nf_unsw_v2
e3984211f5,922912d5dc5243eda82fda9a359e4435,rf,nf43,nf_cse_cic18_v2,nf_unsw_v2,cross,0,0.9996829923740509,0.0,0.0,0.11060898857277268,0.0,0.6321877781248801,0.9837086380421404,145170,7060,ablation,5,min_ip_pkt_len;shortest_flow_pkt;l4_dst_port;min_ttl;max_ttl,nf_unsw_v2
e3984211f5,8086685dc2944c29a31cfe484c1f7910,rf,nf43,nf_cse_cic18_v2,nf_cse_cic18_v2,within,1,0.9996883843224821,0.0,0.9518921916360631,0.9961851640863063,0.9684111449793029,0.9975710328434291,0.0,402007,95577,ablation,5,min_ip_pkt_len;shortest_flow_pkt;l4_dst_port;min_ttl;max_ttl,nf_unsw_v2
e3984211f5,8086685dc2944c29a31cfe484c1f7910,rf,nf43,nf_cse_cic18_v2,nf_unsw_v2,cross,1,0.9996883843224821,0.0,0.0,0.11525876916976263,0.0,0.719949252689536,0.7762146115415248,145170,7060,ablation,5,min_ip_pkt_len;shortest_flow_pkt;l4_dst_port;min_ttl;max_ttl,nf_unsw_v2
e3984211f5,69eb8cd364cf4ae680dc31b403968bca,rf,nf43,nf_cse_cic18_v2,nf_cse_cic18_v2,within,2,0.9997650235335276,0.0,0.9524885694256987,0.9961804164474098,0.968803238165108,0.9975601160955975,0.0,402007,95577,ablation,5,min_ip_pkt_len;shortest_flow_pkt;l4_dst_port;min_ttl;max_ttl,nf_unsw_v2
e3984211f5,69eb8cd364cf4ae680dc31b403968bca,rf,nf43,nf_cse_cic18_v2,nf_unsw_v2,cross,2,0.9997650235335276,0.0,0.0,0.1198914659263379,0.0,0.6557929903761485,1.0,145170,7060,ablation,5,min_ip_pkt_len;shortest_flow_pkt;l4_dst_port;min_ttl;max_ttl,nf_unsw_v2
2141c12e70,0f49f51ebb5e4975bc1a2c2edff5914b,rf,nf43,nf_cse_cic18_v2,nf_cse_cic18_v2,within,0,0.9992731954830161,0.0,0.9499147284388504,0.9960597083240542,0.9671109383512587,0.9974480908437449,0.0,402007,95577,ablation,10,min_ip_pkt_len;shortest_flow_pkt;l4_dst_port;min_ttl;max_ttl;retransmitted_out_pkts;retransmitted_in_bytes;retransmitted_out_bytes;tcp_win_max_in;tcp_win_max_out,nf_unsw_v2
2141c12e70,0f49f51ebb5e4975bc1a2c2edff5914b,rf,nf43,nf_cse_cic18_v2,nf_unsw_v2,cross,0,0.9992731954830161,0.0,0.0,0.14357420324517506,0.0,0.7619392222974543,1.0,145170,7060,ablation,10,min_ip_pkt_len;shortest_flow_pkt;l4_dst_port;min_ttl;max_ttl;retransmitted_out_pkts;retransmitted_in_bytes;retransmitted_out_bytes;tcp_win_max_in;tcp_win_max_out,nf_unsw_v2
2141c12e70,2d0a1bb40a304903acb169c64ab9482f,rf,nf43,nf_cse_cic18_v2,nf_cse_cic18_v2,within,1,0.999211161965212,0.0,0.9509714680310116,0.9960554901475172,0.9678057785574219,0.9974423434231805,0.0,402007,95577,ablation,10,min_ip_pkt_len;shortest_flow_pkt;l4_dst_port;min_ttl;max_ttl;retransmitted_out_pkts;retransmitted_in_bytes;retransmitted_out_bytes;tcp_win_max_in;tcp_win_max_out,nf_unsw_v2
2141c12e70,2d0a1bb40a304903acb169c64ab9482f,rf,nf43,nf_cse_cic18_v2,nf_unsw_v2,cross,1,0.999211161965212,0.0,0.0,0.159226777813694,0.0,0.7365468004626603,1.0,145170,7060,ablation,10,min_ip_pkt_len;shortest_flow_pkt;l4_dst_port;min_ttl;max_ttl;retransmitted_out_pkts;retransmitted_in_bytes;retransmitted_out_bytes;tcp_win_max_in;tcp_win_max_out,nf_unsw_v2
2141c12e70,349dd4750c0640879bbd6487cbcadc39,rf,nf43,nf_cse_cic18_v2,nf_cse_cic18_v2,within,2,0.9992919903850577,0.0,0.9498414890611758,0.9960557785110103,0.96706277932778,0.9974617532701215,0.0,402007,95577,ablation,10,min_ip_pkt_len;shortest_flow_pkt;l4_dst_port;min_ttl;max_ttl;retransmitted_out_pkts;retransmitted_in_bytes;retransmitted_out_bytes;tcp_win_max_in;tcp_win_max_out,nf_unsw_v2
2141c12e70,349dd4750c0640879bbd6487cbcadc39,rf,nf43,nf_cse_cic18_v2,nf_unsw_v2,cross,2,0.9992919903850577,0.0,0.0,0.14320304152213448,0.0,0.7093472209715826,1.0,145170,7060,ablation,10,min_ip_pkt_len;shortest_flow_pkt;l4_dst_port;min_ttl;max_ttl;retransmitted_out_pkts;retransmitted_in_bytes;retransmitted_out_bytes;tcp_win_max_in;tcp_win_max_out,nf_unsw_v2
bae4ba451a,de0a0767c4d04fa5848f226248356cc8,xgb,nf43,nf_cse_cic18_v2,nf_cse_cic18_v2,within,0,0.9999332427978516,0.0,0.9506261966791174,0.9965548317850385,0.9675787568324418,0.9979810107984759,0.0,402007,95577,ablation,1,min_ip_pkt_len,nf_unsw_v2
bae4ba451a,de0a0767c4d04fa5848f226248356cc8,xgb,nf43,nf_cse_cic18_v2,nf_unsw_v2,cross,0,0.9999332427978516,0.0,0.0,0.3264351189173859,0.0,0.8267506317069184,0.7329592353920787,145170,7060,ablation,1,min_ip_pkt_len,nf_unsw_v2
bae4ba451a,0a1576dc4eac46dd94a7fd269b8f8bdb,xgb,nf43,nf_cse_cic18_v2,nf_cse_cic18_v2,within,1,0.9999332427978516,0.0,0.9506261966791174,0.9965548317850385,0.9675787568324418,0.9979810107984759,0.0,402007,95577,ablation,1,min_ip_pkt_len,nf_unsw_v2
bae4ba451a,0a1576dc4eac46dd94a7fd269b8f8bdb,xgb,nf43,nf_cse_cic18_v2,nf_unsw_v2,cross,1,0.9999332427978516,0.0,0.0,0.3264351189173859,0.0,0.8267506317069184,0.7329592353920787,145170,7060,ablation,1,min_ip_pkt_len,nf_unsw_v2
bae4ba451a,2cff4e5ed781432097010980ca5e856e,xgb,nf43,nf_cse_cic18_v2,nf_cse_cic18_v2,within,2,0.9999332427978516,0.0,0.9506261966791174,0.9965548317850385,0.9675787568324418,0.9979810107984759,0.0,402007,95577,ablation,1,min_ip_pkt_len,nf_unsw_v2
bae4ba451a,2cff4e5ed781432097010980ca5e856e,xgb,nf43,nf_cse_cic18_v2,nf_unsw_v2,cross,2,0.9999332427978516,0.0,0.0,0.3264351189173859,0.0,0.8267506317069184,0.7329592353920787,145170,7060,ablation,1,min_ip_pkt_len,nf_unsw_v2
5df4a3d344,efa019a4be384ff4b2b2f16a7fa53e7e,xgb,nf43,nf_cse_cic18_v2,nf_cse_cic18_v2,within,0,0.9999262094497681,0.0,0.9504901806920075,0.9965547913545735,0.9674893226293657,0.9979765420734391,0.0,402007,95577,ablation,3,min_ip_pkt_len;shortest_flow_pkt;l4_dst_port,nf_unsw_v2
5df4a3d344,efa019a4be384ff4b2b2f16a7fa53e7e,xgb,nf43,nf_cse_cic18_v2,nf_unsw_v2,cross,0,0.9999262094497681,0.0,0.0,0.27003038649232525,0.0,0.6093454651760728,0.9984939540945623,145170,7060,ablation,3,min_ip_pkt_len;shortest_flow_pkt;l4_dst_port,nf_unsw_v2
5df4a3d344,aac28b59edc44558809062f7a3fe86c3,xgb,nf43,nf_cse_cic18_v2,nf_cse_cic18_v2,within,1,0.9999262094497681,0.0,0.9504901806920075,0.9965547913545735,0.9674893226293657,0.9979765420734391,0.0,402007,95577,ablation,3,min_ip_pkt_len;shortest_flow_pkt;l4_dst_port,nf_unsw_v2
5df4a3d344,aac28b59edc44558809062f7a3fe86c3,xgb,nf43,nf_cse_cic18_v2,nf_unsw_v2,cross,1,0.9999262094497681,0.0,0.0,0.27003038649232525,0.0,0.6093454651760728,0.9984939540945623,145170,7060,ablation,3,min_ip_pkt_len;shortest_flow_pkt;l4_dst_port,nf_unsw_v2
5df4a3d344,384a7b9b256346e2b63510d8c9f2297e,xgb,nf43,nf_cse_cic18_v2,nf_cse_cic18_v2,within,2,0.9999262094497681,0.0,0.9504901806920075,0.9965547913545735,0.9674893226293657,0.9979765420734391,0.0,402007,95577,ablation,3,min_ip_pkt_len;shortest_flow_pkt;l4_dst_port,nf_unsw_v2
5df4a3d344,384a7b9b256346e2b63510d8c9f2297e,xgb,nf43,nf_cse_cic18_v2,nf_unsw_v2,cross,2,0.9999262094497681,0.0,0.0,0.27003038649232525,0.0,0.6093454651760728,0.9984939540945623,145170,7060,ablation,3,min_ip_pkt_len;shortest_flow_pkt;l4_dst_port,nf_unsw_v2
909d73d1f5,c74aad5a2af544b88289ff5dd33ef3a4,xgb,nf43,nf_cse_cic18_v2,nf_cse_cic18_v2,within,0,0.9999170303344727,0.0,0.9501658348765917,0.9964600886928701,0.9672760532449656,0.997918139712391,0.0,402007,95577,ablation,5,min_ip_pkt_len;shortest_flow_pkt;l4_dst_port;min_ttl;max_ttl,nf_unsw_v2
909d73d1f5,c74aad5a2af544b88289ff5dd33ef3a4,xgb,nf43,nf_cse_cic18_v2,nf_unsw_v2,cross,0,0.9999170303344727,0.0,0.0,0.10103436869813023,0.0,0.7575225058729923,0.6112736224748389,145170,7060,ablation,5,min_ip_pkt_len;shortest_flow_pkt;l4_dst_port;min_ttl;max_ttl,nf_unsw_v2
909d73d1f5,0846ef80c7834dffb61ff6fad863a4ba,xgb,nf43,nf_cse_cic18_v2,nf_cse_cic18_v2,within,1,0.9999170303344727,0.0,0.9501658348765917,0.9964600886928701,0.9672760532449656,0.997918139712391,0.0,402007,95577,ablation,5,min_ip_pkt_len;shortest_flow_pkt;l4_dst_port;min_ttl;max_ttl,nf_unsw_v2
909d73d1f5,0846ef80c7834dffb61ff6fad863a4ba,xgb,nf43,nf_cse_cic18_v2,nf_unsw_v2,cross,1,0.9999170303344727,0.0,0.0,0.10103436869813023,0.0,0.7575225058729923,0.6112736224748389,145170,7060,ablation,5,min_ip_pkt_len;shortest_flow_pkt;l4_dst_port;min_ttl;max_ttl,nf_unsw_v2
909d73d1f5,d45adc15f54a43cabe05c3aeaba52430,xgb,nf43,nf_cse_cic18_v2,nf_cse_cic18_v2,within,2,0.9999170303344727,0.0,0.9501658348765917,0.9964600886928701,0.9672760532449656,0.997918139712391,0.0,402007,95577,ablation,5,min_ip_pkt_len;shortest_flow_pkt;l4_dst_port;min_ttl;max_ttl,nf_unsw_v2
909d73d1f5,d45adc15f54a43cabe05c3aeaba52430,xgb,nf43,nf_cse_cic18_v2,nf_unsw_v2,cross,2,0.9999170303344727,0.0,0.0,0.10103436869813023,0.0,0.7575225058729923,0.6112736224748389,145170,7060,ablation,5,min_ip_pkt_len;shortest_flow_pkt;l4_dst_port;min_ttl;max_ttl,nf_unsw_v2
4518aae091,41ec8236de3d4895bc3fb646263d491f,xgb,nf43,nf_cse_cic18_v2,nf_cse_cic18_v2,within,0,0.9993020296096802,0.0,0.9495589943187168,0.9962800184191499,0.9668770209202664,0.9977932621876497,0.0,402007,95577,ablation,10,min_ip_pkt_len;shortest_flow_pkt;l4_dst_port;min_ttl;max_ttl;retransmitted_out_pkts;retransmitted_in_bytes;retransmitted_out_bytes;tcp_win_max_in;tcp_win_max_out,nf_unsw_v2
4518aae091,41ec8236de3d4895bc3fb646263d491f,xgb,nf43,nf_cse_cic18_v2,nf_unsw_v2,cross,0,0.9993020296096802,0.0,0.0,0.13214763189212203,0.0,0.7398003136433311,0.9906523785388458,145170,7060,ablation,10,min_ip_pkt_len;shortest_flow_pkt;l4_dst_port;min_ttl;max_ttl;retransmitted_out_pkts;retransmitted_in_bytes;retransmitted_out_bytes;tcp_win_max_in;tcp_win_max_out,nf_unsw_v2
4518aae091,947afd00fd0d434db052803fba011dc0,xgb,nf43,nf_cse_cic18_v2,nf_cse_cic18_v2,within,1,0.9993020296096802,0.0,0.9495589943187168,0.9962800184191499,0.9668770209202664,0.9977932621876497,0.0,402007,95577,ablation,10,min_ip_pkt_len;shortest_flow_pkt;l4_dst_port;min_ttl;max_ttl;retransmitted_out_pkts;retransmitted_in_bytes;retransmitted_out_bytes;tcp_win_max_in;tcp_win_max_out,nf_unsw_v2
4518aae091,947afd00fd0d434db052803fba011dc0,xgb,nf43,nf_cse_cic18_v2,nf_unsw_v2,cross,1,0.9993020296096802,0.0,0.0,0.13214763189212203,0.0,0.7398003136433311,0.9906523785388458,145170,7060,ablation,10,min_ip_pkt_len;shortest_flow_pkt;l4_dst_port;min_ttl;max_ttl;retransmitted_out_pkts;retransmitted_in_bytes;retransmitted_out_bytes;tcp_win_max_in;tcp_win_max_out,nf_unsw_v2
4518aae091,8a61fa4fb72347579f2178d84be062a7,xgb,nf43,nf_cse_cic18_v2,nf_cse_cic18_v2,within,2,0.9993020296096802,0.0,0.9495589943187168,0.9962800184191499,0.9668770209202664,0.9977932621876497,0.0,402007,95577,ablation,10,min_ip_pkt_len;shortest_flow_pkt;l4_dst_port;min_ttl;max_ttl;retransmitted_out_pkts;retransmitted_in_bytes;retransmitted_out_bytes;tcp_win_max_in;tcp_win_max_out,nf_unsw_v2
4518aae091,8a61fa4fb72347579f2178d84be062a7,xgb,nf43,nf_cse_cic18_v2,nf_unsw_v2,cross,2,0.9993020296096802,0.0,0.0,0.13214763189212203,0.0,0.7398003136433311,0.9906523785388458,145170,7060,ablation,10,min_ip_pkt_len;shortest_flow_pkt;l4_dst_port;min_ttl;max_ttl;retransmitted_out_pkts;retransmitted_in_bytes;retransmitted_out_bytes;tcp_win_max_in;tcp_win_max_out,nf_unsw_v2
ce491ee3d2,864db25f496e4d549332799825e5eedb,mlp,nf43,nf_cse_cic18_v2,nf_cse_cic18_v2,within,0,0.9999970197677612,0.0,0.9496217709281521,0.9959444695745361,0.9669183008650958,0.9976766476651111,0.0,402007,95577,ablation,1,min_ip_pkt_len,nf_unsw_v2
ce491ee3d2,864db25f496e4d549332799825e5eedb,mlp,nf43,nf_cse_cic18_v2,nf_unsw_v2,cross,0,0.9999970197677612,3.6203026573021506e-05,0.0,0.03522153936419253,-0.0013269172220853657,0.1437662382881158,0.9991528491781912,145170,7060,ablation,1,min_ip_pkt_len,nf_unsw_v2
ce491ee3d2,0c992e986012448199dec3b34b841e0b,mlp,nf43,nf_cse_cic18_v2,nf_cse_cic18_v2,within,1,0.9999966621398926,0.0,0.9500507444259603,0.9960198825779889,0.9672003759230362,0.9977165975790203,0.0,402007,95577,ablation,1,min_ip_pkt_len,nf_unsw_v2
ce491ee3d2,0c992e986012448199dec3b34b841e0b,mlp,nf43,nf_cse_cic18_v2,nf_unsw_v2,cross,1,0.9999966621398926,1.4481210629208601e-05,0.0,0.04995240559454381,-0.0008392074661145727,0.26455022867390465,0.999341104916371,145170,7060,ablation,1,min_ip_pkt_len,nf_unsw_v2
ce491ee3d2,001d81c645c0432e8c7d5b5ad1081d03,mlp,nf43,nf_cse_cic18_v2,nf_cse_cic18_v2,within,2,0.9999948740005493,0.0,0.949757786915262,0.9959464032993992,0.967007740159809,0.9976621361780751,0.0,402007,95577,ablation,1,min_ip_pkt_len,nf_unsw_v2
ce491ee3d2,001d81c645c0432e8c7d5b5ad1081d03,mlp,nf43,nf_cse_cic18_v2,nf_unsw_v2,cross,2,0.9999948740005493,8.688726377525161e-05,0.0,0.052371285700479886,-0.0020557008857363243,0.3054191366942186,0.9994569546014047,145170,7060,ablation,1,min_ip_pkt_len,nf_unsw_v2
e486acb40e,3830ad4d0cfb4f37a64745190b2f4e03,mlp,nf43,nf_cse_cic18_v2,nf_cse_cic18_v2,within,0,0.9999998807907104,0.0,0.9541730751122132,0.9960013689112968,0.9699106490378391,0.9976808599340169,0.0,402007,95577,ablation,3,min_ip_pkt_len;shortest_flow_pkt;l4_dst_port,nf_unsw_v2
e486acb40e,3830ad4d0cfb4f37a64745190b2f4e03,mlp,nf43,nf_cse_cic18_v2,nf_unsw_v2,cross,0,0.9999998807907104,0.0,0.0,0.04859908961007624,0.0,0.43231070329660864,0.9994062703642025,145170,7060,ablation,3,min_ip_pkt_len;shortest_flow_pkt;l4_dst_port,nf_unsw_v2
e486acb40e,401ac9df3d0c48a69f8a3a71c0cc6a54,mlp,nf43,nf_cse_cic18_v2,nf_cse_cic18_v2,within,1,0.9999995231628418,0.0,0.9515259947476904,0.9959907312201371,0.9681703785575736,0.9976775475321507,0.0,402007,95577,ablation,3,min_ip_pkt_len;shortest_flow_pkt;l4_dst_port,nf_unsw_v2
e486acb40e,401ac9df3d0c48a69f8a3a71c0cc6a54,mlp,nf43,nf_cse_cic18_v2,nf_unsw_v2,cross,1,0.9999995231628418,1.4481210629208601e-05,0.00042492917847025496,0.0436594618382251,0.015043783043931563,0.20342489605218816,0.9993193831004272,145170,7060,ablation,3,min_ip_pkt_len;shortest_flow_pkt;l4_dst_port,nf_unsw_v2
e486acb40e,fd86ef848c9f4a7ca393d57df01a2700,mlp,nf43,nf_cse_cic18_v2,nf_cse_cic18_v2,within,2,0.9999991655349731,0.0,0.9504064785460937,0.995965499195393,0.9674342858019428,0.9976678744821722,0.0,402007,95577,ablation,3,min_ip_pkt_len;shortest_flow_pkt;l4_dst_port,nf_unsw_v2
e486acb40e,fd86ef848c9f4a7ca393d57df01a2700,mlp,nf43,nf_cse_cic18_v2,nf_unsw_v2,cross,2,0.9999991655349731,0.0,0.0,0.030196281874048363,0.0,0.19256701662241965,0.9995221200492361,145170,7060,ablation,3,min_ip_pkt_len;shortest_flow_pkt;l4_dst_port,nf_unsw_v2
ad2a911c2b,e581dd5905504e34978babc00091576a,mlp,nf43,nf_cse_cic18_v2,nf_cse_cic18_v2,within,0,0.9999992847442627,0.0,0.9508563775803802,0.9959250407378183,0.9677301052158489,0.9976279973463541,0.0,402007,95577,ablation,5,min_ip_pkt_len;shortest_flow_pkt;l4_dst_port;min_ttl;max_ttl,nf_unsw_v2
ad2a911c2b,e581dd5905504e34978babc00091576a,mlp,nf43,nf_cse_cic18_v2,nf_unsw_v2,cross,0,0.9999992847442627,0.0,0.0,0.1001398898582316,0.0,0.6945877464959471,0.9957714864962711,145170,7060,ablation,5,min_ip_pkt_len;shortest_flow_pkt;l4_dst_port;min_ttl;max_ttl,nf_unsw_v2
ad2a911c2b,503bc19176e14727b7c02631f71b279d,mlp,nf43,nf_cse_cic18_v2,nf_cse_cic18_v2,within,1,0.9999982118606567,0.0,0.9496950103058267,0.9959080887680237,0.9669664605848793,0.9976276398749834,0.0,402007,95577,ablation,5,min_ip_pkt_len;shortest_flow_pkt;l4_dst_port;min_ttl;max_ttl,nf_unsw_v2
ad2a911c2b,503bc19176e14727b7c02631f71b279d,mlp,nf43,nf_cse_cic18_v2,nf_unsw_v2,cross,1,0.9999982118606567,7.240605314604301e-06,0.0,0.10149673901167415,-0.0005934072462516933,0.717477979227052,0.9950981102020129,145170,7060,ablation,5,min_ip_pkt_len;shortest_flow_pkt;l4_dst_port;min_ttl;max_ttl,nf_unsw_v2
ad2a911c2b,554bf91b59234c48bc4dc64ef0d932f1,mlp,nf43,nf_cse_cic18_v2,nf_cse_cic18_v2,within,2,0.9999990463256836,0.0,0.9504587923872898,0.9959197231073709,0.9674686838543497,0.9976367802774259,0.0,402007,95577,ablation,5,min_ip_pkt_len;shortest_flow_pkt;l4_dst_port;min_ttl;max_ttl,nf_unsw_v2
ad2a911c2b,554bf91b59234c48bc4dc64ef0d932f1,mlp,nf43,nf_cse_cic18_v2,nf_unsw_v2,cross,2,0.9999990463256836,0.0,0.00014164305949008498,0.13007361674475162,0.011608424189776397,0.7610833068562379,0.9789153573238722,145170,7060,ablation,5,min_ip_pkt_len;shortest_flow_pkt;l4_dst_port;min_ttl;max_ttl,nf_unsw_v2
178e5e5eb0,f693e1fbc509421cb07b810f5e604fa8,mlp,nf43,nf_cse_cic18_v2,nf_cse_cic18_v2,within,0,0.9998067021369934,3.263388049472963e-06,0.9496426964646306,0.9956300843035777,0.9669249647708572,0.9974514433990405,3.263388049472963e-06,402007,95577,ablation,10,min_ip_pkt_len;shortest_flow_pkt;l4_dst_port;min_ttl;max_ttl;retransmitted_out_pkts;retransmitted_in_bytes;retransmitted_out_bytes;tcp_win_max_in;tcp_win_max_out,nf_unsw_v2
178e5e5eb0,f693e1fbc509421cb07b810f5e604fa8,mlp,nf43,nf_cse_cic18_v2,nf_unsw_v2,cross,0,0.9998067021369934,7.240605314604301e-06,0.0,0.1367825713506256,-0.0005934072462516933,0.7118873873578211,0.9994859170226631,145170,7060,ablation,10,min_ip_pkt_len;shortest_flow_pkt;l4_dst_port;min_ttl;max_ttl;retransmitted_out_pkts;retransmitted_in_bytes;retransmitted_out_bytes;tcp_win_max_in;tcp_win_max_out,nf_unsw_v2
178e5e5eb0,674bfae19d974b24b76fa7352540e278,mlp,nf43,nf_cse_cic18_v2,nf_cse_cic18_v2,within,1,0.9999833106994629,3.263388049472963e-06,0.9494962177092815,0.9957297897742344,0.9668286440694516,0.9975152828963911,3.263388049472963e-06,402007,95577,ablation,10,min_ip_pkt_len;shortest_flow_pkt;l4_dst_port;min_ttl;max_ttl;retransmitted_out_pkts;retransmitted_in_bytes;retransmitted_out_bytes;tcp_win_max_in;tcp_win_max_out,nf_unsw_v2
178e5e5eb0,674bfae19d974b24b76fa7352540e278,mlp,nf43,nf_cse_cic18_v2,nf_unsw_v2,cross,1,0.9999833106994629,7.240605314604301e-06,0.0,0.13893471186486422,-0.0005934072462516933,0.7837900487007626,0.9960538701035406,145170,7060,ablation,10,min_ip_pkt_len;shortest_flow_pkt;l4_dst_port;min_ttl;max_ttl;retransmitted_out_pkts;retransmitted_in_bytes;retransmitted_out_bytes;tcp_win_max_in;tcp_win_max_out,nf_unsw_v2
178e5e5eb0,b57cb0a2ef664c78975d491ce65c6bfb,mlp,nf43,nf_cse_cic18_v2,nf_cse_cic18_v2,within,2,0.9999721050262451,0.0,0.9494020527951286,0.9957532473771176,0.9667738203102417,0.997513682375905,0.0,402007,95577,ablation,10,min_ip_pkt_len;shortest_flow_pkt;l4_dst_port;min_ttl;max_ttl;retransmitted_out_pkts;retransmitted_in_bytes;retransmitted_out_bytes;tcp_win_max_in;tcp_win_max_out,nf_unsw_v2
178e5e5eb0,b57cb0a2ef664c78975d491ce65c6bfb,mlp,nf43,nf_cse_cic18_v2,nf_unsw_v2,cross,2,0.9999721050262451,2.1721815943812903e-05,0.0,0.09732820732134408,-0.0010278185802638177,0.712847380346946,0.9984287886467309,145170,7060,ablation,10,min_ip_pkt_len;shortest_flow_pkt;l4_dst_port;min_ttl;max_ttl;retransmitted_out_pkts;retransmitted_in_bytes;retransmitted_out_bytes;tcp_win_max_in;tcp_win_max_out,nf_unsw_v2
d357df4d2b,f5e4ac5d35e747aeaf19b71a100c2a27,rf,nf43,nf_cse_cic18_v2,nf_cse_cic18_v2,within,0,0.9999211807042048,0.0,0.9506157339108782,0.9962573959660195,0.9675718773065352,0.9976099437532021,0.0,402007,95577,ablation,1,max_ttl,nf_ton_v2
d357df4d2b,f5e4ac5d35e747aeaf19b71a100c2a27,rf,nf43,nf_cse_cic18_v2,nf_ton_v2,cross,0,0.9999211807042048,0.0,0.0,0.7228544440367101,0.0,0.6372625294210286,0.9875557658066084,370222,218023,ablation,1,max_ttl,nf_ton_v2
d357df4d2b,a058d8552ddd4a9ea9932d14f7593403,rf,nf43,nf_cse_cic18_v2,nf_cse_cic18_v2,within,1,0.9999914563597733,0.0,0.9518084894901493,0.9962615963358032,0.9683561131551819,0.9976181121251069,0.0,402007,95577,ablation,1,max_ttl,nf_ton_v2
d357df4d2b,a058d8552ddd4a9ea9932d14f7593403,rf,nf43,nf_cse_cic18_v2,nf_ton_v2,cross,1,0.9999914563597733,0.0,0.0,0.7118818149832912,0.0,0.6342103900005012,0.989888238424694,370222,218023,ablation,1,max_ttl,nf_ton_v2
d357df4d2b,4819f234f2fd46ee902eb74dc2aa6451,rf,nf43,nf_cse_cic18_v2,nf_cse_cic18_v2,within,2,0.9998528186988749,0.0,0.9496008453916738,0.9962677907725862,0.9669045409024681,0.9976327100649353,0.0,402007,95577,ablation,1,max_ttl,nf_ton_v2
d357df4d2b,4819f234f2fd46ee902eb74dc2aa6451,rf,nf43,nf_cse_cic18_v2,nf_ton_v2,cross,2,0.9998528186988749,0.0,0.0,0.7060987644395769,0.0,0.6386711633271257,0.9887844203969802,370222,218023,ablation,1,max_ttl,nf_ton_v2
7b3f8b21df,1ec840d4df8a46ee8cdd536f70c9f6ad,rf,nf43,nf_cse_cic18_v2,nf_cse_cic18_v2,within,0,0.9998968134517244,0.0,0.9501239838036347,0.9962242961926441,0.9672485342848807,0.9976311082469742,0.0,402007,95577,ablation,3,max_ttl;min_ttl;l4_dst_port,nf_ton_v2
7b3f8b21df,1ec840d4df8a46ee8cdd536f70c9f6ad,rf,nf43,nf_cse_cic18_v2,nf_ton_v2,cross,0,0.9998968134517244,0.0,0.0,0.5515030877466575,0.0,0.43848960953697436,0.9870235678289607,370222,218023,ablation,3,max_ttl;min_ttl;l4_dst_port,nf_ton_v2
7b3f8b21df,23e7e4868a4d43ed8607936c5229f15b,rf,nf43,nf_cse_cic18_v2,nf_cse_cic18_v2,within,1,0.9997742007777962,0.0,0.9498728773658934,0.9962171992484431,0.9670834189376587,0.9976316747825028,0.0,402007,95577,ablation,3,max_ttl;min_ttl;l4_dst_port,nf_ton_v2
7b3f8b21df,23e7e4868a4d43ed8607936c5229f15b,rf,nf43,nf_cse_cic18_v2,nf_ton_v2,cross,1,0.9997742007777962,0.0,0.0,0.5436786268223042,0.0,0.4220891419393459,0.9904204364023417,370222,218023,ablation,3,max_ttl;min_ttl;l4_dst_port,nf_ton_v2
7b3f8b21df,579bc9e660604eed933f99dc4fa24d12,rf,nf43,nf_cse_cic18_v2,nf_cse_cic18_v2,within,2,0.9997658696023851,0.0,0.9495380687822385,0.9962155549604,0.9668632609006836,0.9976020105315269,0.0,402007,95577,ablation,3,max_ttl;min_ttl;l4_dst_port,nf_ton_v2
7b3f8b21df,579bc9e660604eed933f99dc4fa24d12,rf,nf43,nf_cse_cic18_v2,nf_ton_v2,cross,2,0.9997658696023851,0.0,0.0,0.5482080459734244,0.0,0.4295133901320197,0.9849276276453853,370222,218023,ablation,3,max_ttl;min_ttl;l4_dst_port,nf_ton_v2
d7e2e15151,389770cff6604bc1b88c4cb6a41aa78d,rf,nf43,nf_cse_cic18_v2,nf_cse_cic18_v2,within,0,0.9997526339901646,0.0,0.9495066804775207,0.9961875782730057,0.9668426208356955,0.9976133714425299,0.0,402007,95577,ablation,5,max_ttl;min_ttl;l4_dst_port;out_bytes;server_tcp_flags,nf_ton_v2
d7e2e15151,389770cff6604bc1b88c4cb6a41aa78d,rf,nf43,nf_cse_cic18_v2,nf_ton_v2,cross,0,0.9997526339901646,0.0,0.0,0.5489545550922219,0.0,0.428371163400751,0.9769052359082517,370222,218023,ablation,5,max_ttl;min_ttl;l4_dst_port;out_bytes;server_tcp_flags,nf_ton_v2
d7e2e15151,baf20f7615b8431db25b71ce8bf58539,rf,nf43,nf_cse_cic18_v2,nf_cse_cic18_v2,within,1,0.9998378091105393,0.0,0.947288573610806,0.9961724136578052,0.9653839471535033,0.9976066997589859,0.0,402007,95577,ablation,5,max_ttl;min_ttl;l4_dst_port;out_bytes;server_tcp_flags,nf_ton_v2
d7e2e15151,baf20f7615b8431db25b71ce8bf58539,rf,nf43,nf_cse_cic18_v2,nf_ton_v2,cross,1,0.9998378091105393,0.0,0.0,0.5381531256635769,0.0,0.4227393831427715,0.9731338576468965,370222,218023,ablation,5,max_ttl;min_ttl;l4_dst_port;out_bytes;server_tcp_flags,nf_ton_v2
d7e2e15151,306243b909f24248921601b076e15726,rf,nf43,nf_cse_cic18_v2,nf_cse_cic18_v2,within,2,0.9997916461860745,0.0,0.9508982286533371,0.9961372754899049,0.9677576228601137,0.9975481708770758,0.0,402007,95577,ablation,5,max_ttl;min_ttl;l4_dst_port;out_bytes;server_tcp_flags,nf_ton_v2
d7e2e15151,306243b909f24248921601b076e15726,rf,nf43,nf_cse_cic18_v2,nf_ton_v2,cross,2,0.9997916461860745,0.0,0.0,0.5535577744109504,0.0,0.4407381024256457,0.9413202452052905,370222,218023,ablation,5,max_ttl;min_ttl;l4_dst_port;out_bytes;server_tcp_flags,nf_ton_v2
3151fab793,b5fe71bc669c4e0db4e9e9ad907b9b8e,rf,nf43,nf_cse_cic18_v2,nf_cse_cic18_v2,within,0,0.9999424817311797,0.0,0.9508249892756625,0.9960922806257412,0.9677094669334911,0.9974852045973159,0.0,402007,95577,ablation,10,max_ttl;min_ttl;l4_dst_port;out_bytes;server_tcp_flags;shortest_flow_pkt;out_pkts;num_pkts_128_to_256_bytes;tcp_flags;dst_to_src_avg_throughput,nf_ton_v2
3151fab793,b5fe71bc669c4e0db4e9e9ad907b9b8e,rf,nf43,nf_cse_cic18_v2,nf_ton_v2,cross,0,0.9999424817311797,0.0,0.0,0.544647455333242,0.0,0.427822203467637,0.9734558045716464,370222,218023,ablation,10,max_ttl;min_ttl;l4_dst_port;out_bytes;server_tcp_flags;shortest_flow_pkt;out_pkts;num_pkts_128_to_256_bytes;tcp_flags;dst_to_src_avg_throughput,nf_ton_v2
3151fab793,17949a3a64a74cca95c6e102b1d06b1c,rf,nf43,nf_cse_cic18_v2,nf_cse_cic18_v2,within,1,0.9998389372963863,0.0,0.9512330372369922,0.9961192187829572,0.9679777613214506,0.997495982276339,0.0,402007,95577,ablation,10,max_ttl;min_ttl;l4_dst_port;out_bytes;server_tcp_flags;shortest_flow_pkt;out_pkts;num_pkts_128_to_256_bytes;tcp_flags;dst_to_src_avg_throughput,nf_ton_v2
3151fab793,17949a3a64a74cca95c6e102b1d06b1c,rf,nf43,nf_cse_cic18_v2,nf_ton_v2,cross,1,0.9998389372963863,0.0,0.0,0.5313181118315838,0.0,0.41525442497424414,0.9940406967194265,370222,218023,ablation,10,max_ttl;min_ttl;l4_dst_port;out_bytes;server_tcp_flags;shortest_flow_pkt;out_pkts;num_pkts_128_to_256_bytes;tcp_flags;dst_to_src_avg_throughput,nf_ton_v2
3151fab793,97f80bd9c4254794aa297d7e6ea18f5b,rf,nf43,nf_cse_cic18_v2,nf_cse_cic18_v2,within,2,0.9998619859517665,0.0,0.949286962344497,0.9961114163566548,0.9666981391829935,0.9974939247886541,0.0,402007,95577,ablation,10,max_ttl;min_ttl;l4_dst_port;out_bytes;server_tcp_flags;shortest_flow_pkt;out_pkts;num_pkts_128_to_256_bytes;tcp_flags;dst_to_src_avg_throughput,nf_ton_v2
3151fab793,97f80bd9c4254794aa297d7e6ea18f5b,rf,nf43,nf_cse_cic18_v2,nf_ton_v2,cross,2,0.9998619859517665,0.0,0.0,0.536607346427808,0.0,0.4169900524733427,0.9983836950308478,370222,218023,ablation,10,max_ttl;min_ttl;l4_dst_port;out_bytes;server_tcp_flags;shortest_flow_pkt;out_pkts;num_pkts_128_to_256_bytes;tcp_flags;dst_to_src_avg_throughput,nf_ton_v2
8893bf7cd1,4020e18d026246a9b4aca0b1b29f5760,xgb,nf43,nf_cse_cic18_v2,nf_cse_cic18_v2,within,0,0.999948263168335,0.0,0.9491614091256264,0.9965613944561138,0.9666155772962218,0.997989281090438,0.0,402007,95577,ablation,1,max_ttl,nf_ton_v2
8893bf7cd1,4020e18d026246a9b4aca0b1b29f5760,xgb,nf43,nf_cse_cic18_v2,nf_ton_v2,cross,0,0.999948263168335,0.0,0.0,0.7658472819301831,0.0,0.7223211846915731,0.7282373734387216,370222,218023,ablation,1,max_ttl,nf_ton_v2
8893bf7cd1,fd8c147215c145f993847e35bb9e9962,xgb,nf43,nf_cse_cic18_v2,nf_cse_cic18_v2,within,1,0.999948263168335,0.0,0.9491614091256264,0.9965613944561138,0.9666155772962218,0.997989281090438,0.0,402007,95577,ablation,1,max_ttl,nf_ton_v2
8893bf7cd1,fd8c147215c145f993847e35bb9e9962,xgb,nf43,nf_cse_cic18_v2,nf_ton_v2,cross,1,0.999948263168335,0.0,0.0,0.7658472819301831,0.0,0.7223211846915731,0.7282373734387216,370222,218023,ablation,1,max_ttl,nf_ton_v2
8893bf7cd1,6a99e9b2e2044cd9a33f2c75425cd349,xgb,nf43,nf_cse_cic18_v2,nf_cse_cic18_v2,within,2,0.999948263168335,0.0,0.9491614091256264,0.9965613944561138,0.9666155772962218,0.997989281090438,0.0,402007,95577,ablation,1,max_ttl,nf_ton_v2
8893bf7cd1,6a99e9b2e2044cd9a33f2c75425cd349,xgb,nf43,nf_cse_cic18_v2,nf_ton_v2,cross,2,0.999948263168335,0.0,0.0,0.7658472819301831,0.0,0.7223211846915731,0.7282373734387216,370222,218023,ablation,1,max_ttl,nf_ton_v2
08ae36422e,e6f1a6f1487a490588a2d10f32ab592b,xgb,nf43,nf_cse_cic18_v2,nf_cse_cic18_v2,within,0,0.9999055862426758,0.0,0.9512330372369922,0.9964277021915864,0.9679777613214506,0.9978971104120753,0.0,402007,95577,ablation,3,max_ttl;min_ttl;l4_dst_port,nf_ton_v2
08ae36422e,e6f1a6f1487a490588a2d10f32ab592b,xgb,nf43,nf_cse_cic18_v2,nf_ton_v2,cross,0,0.9999055862426758,0.0,3.210670433853309e-05,0.6141641855595741,0.0036330950348826487,0.5206646439443235,0.9736397742429319,370222,218023,ablation,3,max_ttl;min_ttl;l4_dst_port,nf_ton_v2
08ae36422e,4faf605cf76241b8b8f6df90201c42da,xgb,nf43,nf_cse_cic18_v2,nf_cse_cic18_v2,within,1,0.9999055862426758,0.0,0.9512330372369922,0.9964277021915864,0.9679777613214506,0.9978971104120753,0.0,402007,95577,ablation,3,max_ttl;min_ttl;l4_dst_port,nf_ton_v2
08ae36422e,4faf605cf76241b8b8f6df90201c42da,xgb,nf43,nf_cse_cic18_v2,nf_ton_v2,cross,1,0.9999055862426758,0.0,3.210670433853309e-05,0.6141641855595741,0.0036330950348826487,0.5206646439443235,0.9736397742429319,370222,218023,ablation,3,max_ttl;min_ttl;l4_dst_port,nf_ton_v2
08ae36422e,85b0e0c85e5e49a29425bc4a793d2ecf,xgb,nf43,nf_cse_cic18_v2,nf_cse_cic18_v2,within,2,0.9999055862426758,0.0,0.9512330372369922,0.9964277021915864,0.9679777613214506,0.9978971104120753,0.0,402007,95577,ablation,3,max_ttl;min_ttl;l4_dst_port,nf_ton_v2
08ae36422e,85b0e0c85e5e49a29425bc4a793d2ecf,xgb,nf43,nf_cse_cic18_v2,nf_ton_v2,cross,2,0.9999055862426758,0.0,3.210670433853309e-05,0.6141641855595741,0.0036330950348826487,0.5206646439443235,0.9736397742429319,370222,218023,ablation,3,max_ttl;min_ttl;l4_dst_port,nf_ton_v2
ae20d38670,4396e319a308453ab8962615a6c62e27,xgb,nf43,nf_cse_cic18_v2,nf_cse_cic18_v2,within,0,0.9999351501464844,0.0,0.9494543666363247,0.9963814347949422,0.9668082206323759,0.9978562716425898,0.0,402007,95577,ablation,5,max_ttl;min_ttl;l4_dst_port;out_bytes;server_tcp_flags,nf_ton_v2
ae20d38670,4396e319a308453ab8962615a6c62e27,xgb,nf43,nf_cse_cic18_v2,nf_ton_v2,cross,0,0.9999351501464844,0.0,0.0,0.59064913784927,0.0,0.4512171589450157,0.9977792232537664,370222,218023,ablation,5,max_ttl;min_ttl;l4_dst_port;out_bytes;server_tcp_flags,nf_ton_v2
ae20d38670,7b9a67d7fa3d43728feb3bd1af896e0c,xgb,nf43,nf_cse_cic18_v2,nf_cse_cic18_v2,within,1,0.9999351501464844,0.0,0.9494543666363247,0.9963814347949422,0.9668082206323759,0.9978562716425898,0.0,402007,95577,ablation,5,max_ttl;min_ttl;l4_dst_port;out_bytes;server_tcp_flags,nf_ton_v2
ae20d38670,7b9a67d7fa3d43728feb3bd1af896e0c,xgb,nf43,nf_cse_cic18_v2,nf_ton_v2,cross,1,0.9999351501464844,0.0,0.0,0.59064913784927,0.0,0.4512171589450157,0.9977792232537664,370222,218023,ablation,5,max_ttl;min_ttl;l4_dst_port;out_bytes;server_tcp_flags,nf_ton_v2
ae20d38670,e365e7102a38496ca8dd969de80525e9,xgb,nf43,nf_cse_cic18_v2,nf_cse_cic18_v2,within,2,0.9999351501464844,0.0,0.9494543666363247,0.9963814347949422,0.9668082206323759,0.9978562716425898,0.0,402007,95577,ablation,5,max_ttl;min_ttl;l4_dst_port;out_bytes;server_tcp_flags,nf_ton_v2
ae20d38670,e365e7102a38496ca8dd969de80525e9,xgb,nf43,nf_cse_cic18_v2,nf_ton_v2,cross,2,0.9999351501464844,0.0,0.0,0.59064913784927,0.0,0.4512171589450157,0.9977792232537664,370222,218023,ablation,5,max_ttl;min_ttl;l4_dst_port;out_bytes;server_tcp_flags,nf_ton_v2
0c90420a4e,d8251be1440248adbe6585b9959d896d,xgb,nf43,nf_cse_cic18_v2,nf_cse_cic18_v2,within,0,0.9999276399612427,0.0,0.9506680477520743,0.996346930908089,0.967606274889138,0.9978288672682907,0.0,402007,95577,ablation,10,max_ttl;min_ttl;l4_dst_port;out_bytes;server_tcp_flags;shortest_flow_pkt;out_pkts;num_pkts_128_to_256_bytes;tcp_flags;dst_to_src_avg_throughput,nf_ton_v2
0c90420a4e,d8251be1440248adbe6585b9959d896d,xgb,nf43,nf_cse_cic18_v2,nf_ton_v2,cross,0,0.9999276399612427,6.570345403057839e-06,0.0,0.5520526403866092,-0.0019670469747347778,0.42252103541534947,0.9922995551876163,370222,218023,ablation,10,max_ttl;min_ttl;l4_dst_port;out_bytes;server_tcp_flags;shortest_flow_pkt;out_pkts;num_pkts_128_to_256_bytes;tcp_flags;dst_to_src_avg_throughput,nf_ton_v2
0c90420a4e,96c141e1b39f413db5c27925a3cae7bb,xgb,nf43,nf_cse_cic18_v2,nf_cse_cic18_v2,within,1,0.9999276399612427,0.0,0.9506680477520743,0.996346930908089,0.967606274889138,0.9978288672682907,0.0,402007,95577,ablation,10,max_ttl;min_ttl;l4_dst_port;out_bytes;server_tcp_flags;shortest_flow_pkt;out_pkts;num_pkts_128_to_256_bytes;tcp_flags;dst_to_src_avg_throughput,nf_ton_v2
0c90420a4e,96c141e1b39f413db5c27925a3cae7bb,xgb,nf43,nf_cse_cic18_v2,nf_ton_v2,cross,1,0.9999276399612427,6.570345403057839e-06,0.0,0.5520526403866092,-0.0019670469747347778,0.42252103541534947,0.9922995551876163,370222,218023,ablation,10,max_ttl;min_ttl;l4_dst_port;out_bytes;server_tcp_flags;shortest_flow_pkt;out_pkts;num_pkts_128_to_256_bytes;tcp_flags;dst_to_src_avg_throughput,nf_ton_v2
0c90420a4e,e7e5794db2c743cebd5507791971c15c,xgb,nf43,nf_cse_cic18_v2,nf_cse_cic18_v2,within,2,0.9999276399612427,0.0,0.9506680477520743,0.996346930908089,0.967606274889138,0.9978288672682907,0.0,402007,95577,ablation,10,max_ttl;min_ttl;l4_dst_port;out_bytes;server_tcp_flags;shortest_flow_pkt;out_pkts;num_pkts_128_to_256_bytes;tcp_flags;dst_to_src_avg_throughput,nf_ton_v2
0c90420a4e,e7e5794db2c743cebd5507791971c15c,xgb,nf43,nf_cse_cic18_v2,nf_ton_v2,cross,2,0.9999276399612427,6.570345403057839e-06,0.0,0.5520526403866092,-0.0019670469747347778,0.42252103541534947,0.9922995551876163,370222,218023,ablation,10,max_ttl;min_ttl;l4_dst_port;out_bytes;server_tcp_flags;shortest_flow_pkt;out_pkts;num_pkts_128_to_256_bytes;tcp_flags;dst_to_src_avg_throughput,nf_ton_v2
75be6e9a3d,adfe0721e34e42e6a831d30aeba29561,mlp,nf43,nf_cse_cic18_v2,nf_cse_cic18_v2,within,0,0.9999998807907104,0.0,0.9521537608420436,0.996027277387762,0.968583117521062,0.9977095069477027,0.0,402007,95577,ablation,1,max_ttl,nf_ton_v2
75be6e9a3d,adfe0721e34e42e6a831d30aeba29561,mlp,nf43,nf_cse_cic18_v2,nf_ton_v2,cross,0,0.9999998807907104,0.00030223588854066057,0.015704765093591044,0.7454307235117816,0.07864988885546954,0.6474237946672767,0.7877647027904257,370222,218023,ablation,1,max_ttl,nf_ton_v2
75be6e9a3d,b40c43a2775b4f649819ab4f5e74242b,mlp,nf43,nf_cse_cic18_v2,nf_cse_cic18_v2,within,1,0.9999991655349731,0.0,0.9496322336963914,0.9959767109436366,0.9669251808392931,0.9976831100113448,0.0,402007,95577,ablation,1,max_ttl,nf_ton_v2
75be6e9a3d,b40c43a2775b4f649819ab4f5e74242b,mlp,nf43,nf_cse_cic18_v2,nf_ton_v2,cross,1,0.9999991655349731,0.0003876503787804125,0.022970053618196245,0.7781747101091967,0.09563417927862689,0.700411688890147,0.8578045847870223,370222,218023,ablation,1,max_ttl,nf_ton_v2
75be6e9a3d,ed42e213aae34d03988c72dd82fe2e2c,mlp,nf43,nf_cse_cic18_v2,nf_cse_cic18_v2,within,2,0.9999984502792358,0.0,0.9499147284388504,0.9959523354958073,0.9671109383512587,0.9976706010741806,0.0,402007,95577,ablation,1,max_ttl,nf_ton_v2
75be6e9a3d,ed42e213aae34d03988c72dd82fe2e2c,mlp,nf43,nf_cse_cic18_v2,nf_ton_v2,cross,2,0.9999984502792358,0.00021025105289785084,0.01486540410874082,0.7722752483684397,0.0770320679338822,0.692132892273773,0.9202688585338932,370222,218023,ablation,1,max_ttl,nf_ton_v2
4036fbf118,a987bd780cfb40099676158687fd00bc,mlp,nf43,nf_cse_cic18_v2,nf_cse_cic18_v2,within,0,0.9999964237213135,0.0,0.9496322336963914,0.9958510603882494,0.9669251808392931,0.9975759166921033,0.0,402007,95577,ablation,3,max_ttl;min_ttl;l4_dst_port,nf_ton_v2
4036fbf118,a987bd780cfb40099676158687fd00bc,mlp,nf43,nf_cse_cic18_v2,nf_ton_v2,cross,0,0.9999964237213135,7.227379943363622e-05,0.007866142562940607,0.6500552103628421,0.05629545830654142,0.49972800224697006,0.9857292097845584,370222,218023,ablation,3,max_ttl;min_ttl;l4_dst_port,nf_ton_v2
4036fbf118,af4e8236401241288635629ffbcbd755,mlp,nf43,nf_cse_cic18_v2,nf_cse_cic18_v2,within,1,0.9999984502792358,0.0,0.9504797179237683,0.9959509498496907,0.9674824430423948,0.997662581485073,0.0,402007,95577,ablation,3,max_ttl;min_ttl;l4_dst_port,nf_ton_v2
4036fbf118,af4e8236401241288635629ffbcbd755,mlp,nf43,nf_cse_cic18_v2,nf_ton_v2,cross,1,0.9999984502792358,0.00017739932588256165,0.00899905055888599,0.6301501693945115,0.059378359431350995,0.4601157175110116,0.979434818888429,370222,218023,ablation,3,max_ttl;min_ttl;l4_dst_port,nf_ton_v2
4036fbf118,d9d16203d2ae45ae89810ee5e74b8789,mlp,nf43,nf_cse_cic18_v2,nf_cse_cic18_v2,within,2,0.9999980926513672,0.0,0.950416941314333,0.9958835049843583,0.9674411654218313,0.9976013530874045,0.0,402007,95577,ablation,3,max_ttl;min_ttl;l4_dst_port,nf_ton_v2
4036fbf118,d9d16203d2ae45ae89810ee5e74b8789,mlp,nf43,nf_cse_cic18_v2,nf_ton_v2,cross,2,0.9999980926513672,0.0002365324345100822,0.013576549263151135,0.6667958135016748,0.07326150178043178,0.5295755052389642,0.977851365646292,370222,218023,ablation,3,max_ttl;min_ttl;l4_dst_port,nf_ton_v2
5940815a27,a1f2e63d666c43edb6261617db0b2859,mlp,nf43,nf_cse_cic18_v2,nf_cse_cic18_v2,within,0,0.9999985694885254,0.0,0.9508354520439017,0.9958634350045211,0.9677163463656265,0.9975734766542264,0.0,402007,95577,ablation,5,max_ttl;min_ttl;l4_dst_port;out_bytes;server_tcp_flags,nf_ton_v2
5940815a27,a1f2e63d666c43edb6261617db0b2859,mlp,nf43,nf_cse_cic18_v2,nf_ton_v2,cross,0,0.9999985694885254,0.0033180244285442085,0.011948280685982672,0.6125454674281136,0.0465265940657853,0.47786657737477367,0.9609327262334181,370222,218023,ablation,5,max_ttl;min_ttl;l4_dst_port;out_bytes;server_tcp_flags,nf_ton_v2
5940815a27,52a20a51b27548b6ac50f4b3840f8525,mlp,nf43,nf_cse_cic18_v2,nf_cse_cic18_v2,within,1,0.9999994039535522,0.0,0.9495903826234345,0.9958495623504188,0.966897660914037,0.9975654873679836,0.0,402007,95577,ablation,5,max_ttl;min_ttl;l4_dst_port;out_bytes;server_tcp_flags,nf_ton_v2
5940815a27,52a20a51b27548b6ac50f4b3840f8525,mlp,nf43,nf_cse_cic18_v2,nf_ton_v2,cross,1,0.9999994039535522,0.0007095973035302466,0.007448755406539677,0.6557695794989774,0.04859324516475975,0.533889075802578,0.9693099166223168,370222,218023,ablation,5,max_ttl;min_ttl;l4_dst_port;out_bytes;server_tcp_flags,nf_ton_v2
5940815a27,737ffba0e8df46999327a433a72b4c11,mlp,nf43,nf_cse_cic18_v2,nf_cse_cic18_v2,within,2,0.9999973773956299,0.0,0.950228611486027,0.9957649679987285,0.9673173315436014,0.9975102042216373,0.0,402007,95577,ablation,5,max_ttl;min_ttl;l4_dst_port;out_bytes;server_tcp_flags,nf_ton_v2
5940815a27,737ffba0e8df46999327a433a72b4c11,mlp,nf43,nf_cse_cic18_v2,nf_ton_v2,cross,2,0.9999973773956299,0.00047963521442322224,0.007522142159313467,0.632155377462679,0.05106009377414381,0.5083499531379486,0.965459694216125,370222,218023,ablation,5,max_ttl;min_ttl;l4_dst_port;out_bytes;server_tcp_flags,nf_ton_v2
12ee4dd029,355ad852627b4254ad38e05a5ff748bf,mlp,nf43,nf_cse_cic18_v2,nf_cse_cic18_v2,within,0,0.9999958276748657,0.0,0.9501658348765917,0.9957170113276478,0.9672760532449656,0.9974920660024007,0.0,402007,95577,ablation,10,max_ttl;min_ttl;l4_dst_port;out_bytes;server_tcp_flags;shortest_flow_pkt;out_pkts;num_pkts_128_to_256_bytes;tcp_flags;dst_to_src_avg_throughput,nf_ton_v2
12ee4dd029,355ad852627b4254ad38e05a5ff748bf,mlp,nf43,nf_cse_cic18_v2,nf_ton_v2,cross,0,0.9999958276748657,0.0008278635207852877,0.011760227131999835,0.6555082679423233,0.06333552926500972,0.5270558383804271,0.9497762797390259,370222,218023,ablation,10,max_ttl;min_ttl;l4_dst_port;out_bytes;server_tcp_flags;shortest_flow_pkt;out_pkts;num_pkts_128_to_256_bytes;tcp_flags;dst_to_src_avg_throughput,nf_ton_v2
12ee4dd029,d85ba3dee2424c8c9d914ad4c3a54fa7,mlp,nf43,nf_cse_cic18_v2,nf_cse_cic18_v2,within,1,1.0,0.0,0.9515050692112119,0.9958221183917619,0.9681566203045578,0.9975389091436708,0.0,402007,95577,ablation,10,max_ttl;min_ttl;l4_dst_port;out_bytes;server_tcp_flags;shortest_flow_pkt;out_pkts;num_pkts_128_to_256_bytes;tcp_flags;dst_to_src_avg_throughput,nf_ton_v2
12ee4dd029,d85ba3dee2424c8c9d914ad4c3a54fa7,mlp,nf43,nf_cse_cic18_v2,nf_ton_v2,cross,1,1.0,0.007076261999093292,0.017034899987615985,0.6204860573942178,0.04335520278671897,0.46857949115539854,0.962627875347407,370222,218023,ablation,10,max_ttl;min_ttl;l4_dst_port;out_bytes;server_tcp_flags;shortest_flow_pkt;out_pkts;num_pkts_128_to_256_bytes;tcp_flags;dst_to_src_avg_throughput,nf_ton_v2
12ee4dd029,2e174752dfe041acaa8f11d94af077cd,mlp,nf43,nf_cse_cic18_v2,nf_cse_cic18_v2,within,2,0.9999994039535522,0.0,0.949987967816525,0.9957727722631842,0.9671590971429976,0.9975203395823621,0.0,402007,95577,ablation,10,max_ttl;min_ttl;l4_dst_port;out_bytes;server_tcp_flags;shortest_flow_pkt;out_pkts;num_pkts_128_to_256_bytes;tcp_flags;dst_to_src_avg_throughput,nf_ton_v2
12ee4dd029,2e174752dfe041acaa8f11d94af077cd,mlp,nf43,nf_cse_cic18_v2,nf_ton_v2,cross,2,0.9999994039535522,0.000203680707494793,0.009934731656751811,0.6422680702217615,0.06233947096561291,0.48598343891852297,0.9855518104586758,370222,218023,ablation,10,max_ttl;min_ttl;l4_dst_port;out_bytes;server_tcp_flags;shortest_flow_pkt;out_pkts;num_pkts_128_to_256_bytes;tcp_flags;dst_to_src_avg_throughput,nf_ton_v2
f58426abb3,67449d923af44c9e893c1ec2a6be7401,rf,nf43,nf_ton_v2,nf_ton_v2,within,0,0.925,0.003666252734906274,0.9517252766909913,0.998631698373575,0.9402046762352476,0.9986698587020709,0.003515134790635944,370222,218023,ablation,1,retransmitted_out_bytes,nf_unsw_v2
f58426abb3,67449d923af44c9e893c1ec2a6be7401,rf,nf43,nf_ton_v2,nf_unsw_v2,cross,0,0.925,0.0,0.0,0.2522749529621035,0.0,0.6977854003552203,0.9403953370501774,145170,7060,ablation,1,retransmitted_out_bytes,nf_unsw_v2
f58426abb3,684f6ca63be042a78e2198f77469b7a2,rf,nf43,nf_ton_v2,nf_ton_v2,within,1,0.925,0.0037385265343399103,0.9518307701481037,0.9986162483000245,0.9402593777928941,0.9986634251741968,0.003593978935472638,370222,218023,ablation,1,retransmitted_out_bytes,nf_unsw_v2
f58426abb3,684f6ca63be042a78e2198f77469b7a2,rf,nf43,nf_ton_v2,nf_unsw_v2,cross,1,0.925,0.0,0.0,0.26749814663466975,0.0,0.7337978672212464,0.9436174064151763,145170,7060,ablation,1,retransmitted_out_bytes,nf_unsw_v2
f58426abb3,8c0add8cb3934267a3f70ae5fb754a27,rf,nf43,nf_ton_v2,nf_ton_v2,within,2,0.925,0.0037253858435337944,0.95150511643267,0.9986522192677161,0.9399027897686392,0.9986802013086605,0.0037253858435337944,370222,218023,ablation,1,retransmitted_out_bytes,nf_unsw_v2
f58426abb3,8c0add8cb3934267a3f70ae5fb754a27,rf,nf43,nf_ton_v2,nf_unsw_v2,cross,2,0.925,0.0,0.0,0.36276645421284215,0.0,0.719440088401022,0.9538483817247122,145170,7060,ablation,1,retransmitted_out_bytes,nf_unsw_v2
6bfd291e0e,7cb4028b48c84012bb59cc13992c7dbf,rf,nf43,nf_ton_v2,nf_ton_v2,within,0,0.925,0.003758237570549084,0.9518628768524422,0.9986163664590864,0.940278076705216,0.9986619449079818,0.0036202603170848694,370222,218023,ablation,3,retransmitted_out_bytes;retransmitted_out_pkts;out_pkts,nf_unsw_v2
6bfd291e0e,7cb4028b48c84012bb59cc13992c7dbf,rf,nf43,nf_ton_v2,nf_unsw_v2,cross,0,0.925,0.0,0.0,0.3422619112955141,0.0,0.7847821280323626,0.9465064079357034,145170,7060,ablation,3,retransmitted_out_bytes;retransmitted_out_pkts;out_pkts,nf_unsw_v2
6bfd291e0e,3dc1e3ba747341a2abab09bd3c017263,rf,nf43,nf_ton_v2,nf_ton_v2,within,1,0.925,0.0036071196262787535,0.9518812235406356,0.9985826894036941,0.9404339719923814,0.9986399696772794,0.003515134790635944,370222,218023,ablation,3,retransmitted_out_bytes;retransmitted_out_pkts;out_pkts,nf_unsw_v2
6bfd291e0e,3dc1e3ba747341a2abab09bd3c017263,rf,nf43,nf_ton_v2,nf_unsw_v2,cross,1,0.925,0.0,0.0,0.34073743118334876,0.0,0.7886501152856152,0.8802548693070741,145170,7060,ablation,3,retransmitted_out_bytes;retransmitted_out_pkts;out_pkts,nf_unsw_v2
6bfd291e0e,643878018f5741fc87ef3080fdccb262,rf,nf43,nf_ton_v2,nf_ton_v2,within,2,0.925,0.0036991044619215634,0.9520096503579898,0.9985882578503926,0.9404970308488312,0.9986445131192075,0.0035742678992634644,370222,218023,ablation,3,retransmitted_out_bytes;retransmitted_out_pkts;out_pkts,nf_unsw_v2
6bfd291e0e,643878018f5741fc87ef3080fdccb262,rf,nf43,nf_ton_v2,nf_unsw_v2,cross,2,0.925,0.0,0.0,0.34709332566886125,0.0,0.7619119900321684,0.934016363768011,145170,7060,ablation,3,retransmitted_out_bytes;retransmitted_out_pkts;out_pkts,nf_unsw_v2
1afdb27db9,8a2d37f66c184c11bb6f495658792f87,rf,nf43,nf_ton_v2,nf_ton_v2,within,0,0.925,0.003745096879742968,0.9515968498736372,0.9986312043992247,0.9399888980644229,0.9986667255053162,0.0036399713532940426,370222,218023,ablation,5,retransmitted_out_bytes;retransmitted_out_pkts;out_pkts;dst_to_src_avg_throughput;out_bytes,nf_unsw_v2
1afdb27db9,8a2d37f66c184c11bb6f495658792f87,rf,nf43,nf_ton_v2,nf_unsw_v2,cross,0,0.925,0.0,0.0,0.3342819346022509,0.0,0.735466265753188,0.9240605314604301,145170,7060,ablation,5,retransmitted_out_bytes;retransmitted_out_pkts;out_pkts;dst_to_src_avg_throughput;out_bytes,nf_unsw_v2
1afdb27db9,fdbc48e1abe14c4da2065fe1c7207976,rf,nf43,nf_ton_v2,nf_ton_v2,within,1,0.925,0.0038502224061918934,0.951404209647606,0.9985863372639059,0.9396770089339762,0.9986374329627609,0.0038502224061918934,370222,218023,ablation,5,retransmitted_out_bytes;retransmitted_out_pkts;out_pkts;dst_to_src_avg_throughput;out_bytes,nf_unsw_v2
1afdb27db9,fdbc48e1abe14c4da2065fe1c7207976,rf,nf43,nf_ton_v2,nf_unsw_v2,cross,1,0.925,0.0,0.0,0.37706322766660194,0.0,0.8140788503969923,0.7262037506335529,145170,7060,ablation,5,retransmitted_out_bytes;retransmitted_out_pkts;out_pkts;dst_to_src_avg_throughput;out_bytes,nf_unsw_v2
1afdb27db9,2c6819734d564216b95d67a4745d8f9a,rf,nf43,nf_ton_v2,nf_ton_v2,within,2,0.925,0.0037648079159521416,0.9512207427656715,0.998611281484951,0.9395460109927822,0.998652691658229,0.0037648079159521416,370222,218023,ablation,5,retransmitted_out_bytes;retransmitted_out_pkts;out_pkts;dst_to_src_avg_throughput;out_bytes,nf_unsw_v2
1afdb27db9,2c6819734d564216b95d67a4745d8f9a,rf,nf43,nf_ton_v2,nf_unsw_v2,cross,2,0.925,0.0,0.0,0.3871879104442615,0.0,0.8352301871501615,0.804445731663167,145170,7060,ablation,5,retransmitted_out_bytes;retransmitted_out_pkts;out_pkts;dst_to_src_avg_throughput;out_bytes,nf_unsw_v2
72e7aa90a0,ff56e4d71d864f9eab1be9159f9082cb,rf,nf43,nf_ton_v2,nf_ton_v2,within,0,0.925,0.003915925860222472,0.9522206372722144,0.9986106439200347,0.9405420154461381,0.9986520942719123,0.003777948606758257,370222,218023,ablation,10,retransmitted_out_bytes;retransmitted_out_pkts;out_pkts;dst_to_src_avg_throughput;out_bytes;src_to_dst_avg_throughput;retransmitted_in_bytes;retransmitted_in_pkts;server_tcp_flags;icmp_ipv4_type,nf_unsw_v2
72e7aa90a0,ff56e4d71d864f9eab1be9159f9082cb,rf,nf43,nf_ton_v2,nf_unsw_v2,cross,0,0.925,0.0,0.0,0.3423784745571591,0.0,0.6916396499444237,0.9955759901527768,145170,7060,ablation,10,retransmitted_out_bytes;retransmitted_out_pkts;out_pkts;dst_to_src_avg_throughput;out_bytes;src_to_dst_avg_throughput;retransmitted_in_bytes;retransmitted_in_pkts;server_tcp_flags;icmp_ipv4_type,nf_unsw_v2
72e7aa90a0,e618da0ac3c841d48991bf6a6151a6b9,rf,nf43,nf_ton_v2,nf_ton_v2,within,1,0.93,0.0037976596429674307,0.9509684758030116,0.9985699021928828,0.9392315075555824,0.9986329802754557,0.0037976596429674307,370222,218023,ablation,10,retransmitted_out_bytes;retransmitted_out_pkts;out_pkts;dst_to_src_avg_throughput;out_bytes;src_to_dst_avg_throughput;retransmitted_in_bytes;retransmitted_in_pkts;server_tcp_flags;icmp_ipv4_type,nf_unsw_v2
72e7aa90a0,e618da0ac3c841d48991bf6a6151a6b9,rf,nf43,nf_ton_v2,nf_unsw_v2,cross,1,0.93,0.0,0.0,0.25032165205278134,0.0,0.7466083538124865,0.8630005068423721,145170,7060,ablation,10,retransmitted_out_bytes;retransmitted_out_pkts;out_pkts;dst_to_src_avg_throughput;out_bytes;src_to_dst_avg_throughput;retransmitted_in_bytes;retransmitted_in_pkts;server_tcp_flags;icmp_ipv4_type,nf_unsw_v2
72e7aa90a0,c9f5e9a6e83c43fcb86d71e8793f606b,rf,nf43,nf_ton_v2,nf_ton_v2,within,2,0.925,0.0038633630969980093,0.9520371703902799,0.9985843184994763,0.940381317222194,0.9986356111348995,0.0037253858435337944,370222,218023,ablation,10,retransmitted_out_bytes;retransmitted_out_pkts;out_pkts;dst_to_src_avg_throughput;out_bytes;src_to_dst_avg_throughput;retransmitted_in_bytes;retransmitted_in_pkts;server_tcp_flags;icmp_ipv4_type,nf_unsw_v2
72e7aa90a0,c9f5e9a6e83c43fcb86d71e8793f606b,rf,nf43,nf_ton_v2,nf_unsw_v2,cross,2,0.925,0.0,0.0,0.3002267526481705,0.0,0.71754341081328,0.9468177539642314,145170,7060,ablation,10,retransmitted_out_bytes;retransmitted_out_pkts;out_pkts;dst_to_src_avg_throughput;out_bytes;src_to_dst_avg_throughput;retransmitted_in_bytes;retransmitted_in_pkts;server_tcp_flags;icmp_ipv4_type,nf_unsw_v2
a52c38ba06,50d3ec472c99413092c625098950249b,xgb,nf43,nf_ton_v2,nf_ton_v2,within,0,0.8964925408363342,0.0042050210579570165,0.9506153020552878,0.9992507200924633,0.9384678396075922,0.9989537925489311,0.004099895531508091,370222,218023,ablation,1,retransmitted_out_bytes,nf_unsw_v2
a52c38ba06,50d3ec472c99413092c625098950249b,xgb,nf43,nf_ton_v2,nf_unsw_v2,cross,0,0.8964925408363342,0.008362899138367968,0.20339943342776204,0.31894007077193215,0.31686144294459967,0.73052031030814,0.9316848888567084,145170,7060,ablation,1,retransmitted_out_bytes,nf_unsw_v2
a52c38ba06,4af9a2fd353841dbba287ff294b6fdd0,xgb,nf43,nf_ton_v2,nf_ton_v2,within,1,0.8964925408363342,0.0042050210579570165,0.9506153020552878,0.9992507200924633,0.9384678396075922,0.9989537925489311,0.004099895531508091,370222,218023,ablation,1,retransmitted_out_bytes,nf_unsw_v2
a52c38ba06,4af9a2fd353841dbba287ff294b6fdd0,xgb,nf43,nf_ton_v2,nf_unsw_v2,cross,1,0.8964925408363342,0.008362899138367968,0.20339943342776204,0.31894007077193215,0.31686144294459967,0.73052031030814,0.9316848888567084,145170,7060,ablation,1,retransmitted_out_bytes,nf_unsw_v2
a52c38ba06,f011243078f04be9ba3b464da10f3374,xgb,nf43,nf_ton_v2,nf_ton_v2,within,2,0.8964925408363342,0.0042050210579570165,0.9506153020552878,0.9992507200924633,0.9384678396075922,0.9989537925489311,0.004099895531508091,370222,218023,ablation,1,retransmitted_out_bytes,nf_unsw_v2
a52c38ba06,f011243078f04be9ba3b464da10f3374,xgb,nf43,nf_ton_v2,nf_unsw_v2,cross,2,0.8964925408363342,0.008362899138367968,0.20339943342776204,0.31894007077193215,0.31686144294459967,0.73052031030814,0.9316848888567084,145170,7060,ablation,1,retransmitted_out_bytes,nf_unsw_v2
589c553920,be154e26c46241618d11d9b11aaa9e9c,xgb,nf43,nf_ton_v2,nf_ton_v2,within,0,0.8973919153213501,0.004349568656824289,0.9507345555285451,0.9992506487107232,0.9384732045918713,0.998953156000857,0.004244443130375364,370222,218023,ablation,3,retransmitted_out_bytes;retransmitted_out_pkts;out_pkts,nf_unsw_v2
589c553920,be154e26c46241618d11d9b11aaa9e9c,xgb,nf43,nf_ton_v2,nf_unsw_v2,cross,0,0.8973919153213501,0.006016943016436174,0.2521246458923513,0.3974445705650462,0.3983266501029956,0.7550738336625792,0.8605604228513504,145170,7060,ablation,3,retransmitted_out_bytes;retransmitted_out_pkts;out_pkts,nf_unsw_v2
589c553920,b90124316b874a1db3576685e1612251,xgb,nf43,nf_ton_v2,nf_ton_v2,within,1,0.8973919153213501,0.004349568656824289,0.9507345555285451,0.9992506487107232,0.9384732045918713,0.998953156000857,0.004244443130375364,370222,218023,ablation,3,retransmitted_out_bytes;retransmitted_out_pkts;out_pkts,nf_unsw_v2
589c553920,b90124316b874a1db3576685e1612251,xgb,nf43,nf_ton_v2,nf_unsw_v2,cross,1,0.8973919153213501,0.006016943016436174,0.2521246458923513,0.3974445705650462,0.3983266501029956,0.7550738336625792,0.8605604228513504,145170,7060,ablation,3,retransmitted_out_bytes;retransmitted_out_pkts;out_pkts,nf_unsw_v2
589c553920,57ca433ace00408ebaa41260c267bba9,xgb,nf43,nf_ton_v2,nf_ton_v2,within,2,0.8973919153213501,0.004349568656824289,0.9507345555285451,0.9992506487107232,0.9384732045918713,0.998953156000857,0.004244443130375364,370222,218023,ablation,3,retransmitted_out_bytes;retransmitted_out_pkts;out_pkts,nf_unsw_v2
589c553920,57ca433ace00408ebaa41260c267bba9,xgb,nf43,nf_ton_v2,nf_unsw_v2,cross,2,0.8973919153213501,0.006016943016436174,0.2521246458923513,0.3974445705650462,0.3983266501029956,0.7550738336625792,0.8605604228513504,145170,7060,ablation,3,retransmitted_out_bytes;retransmitted_out_pkts;out_pkts,nf_unsw_v2
1224c3b547,f381fe946dda41e9885bf24fbe9b7999,xgb,nf43,nf_ton_v2,nf_ton_v2,within,0,0.8971372246742249,0.004237872784972306,0.9507345555285451,0.9992574148358081,0.9385731744905326,0.9989608865679469,0.00416559898553867,370222,218023,ablation,5,retransmitted_out_bytes;retransmitted_out_pkts;out_pkts;dst_to_src_avg_throughput;out_bytes,nf_unsw_v2
1224c3b547,f381fe946dda41e9885bf24fbe9b7999,xgb,nf43,nf_ton_v2,nf_unsw_v2,cross,0,0.8971372246742249,0.008160162189559048,0.23569405099150142,0.3437150465437735,0.35641675774867937,0.741885094157611,0.9901744985880819,145170,7060,ablation,5,retransmitted_out_bytes;retransmitted_out_pkts;out_pkts;dst_to_src_avg_throughput;out_bytes,nf_unsw_v2
1224c3b547,0a2843f024df4094bc3b69fa34e74bd5,xgb,nf43,nf_ton_v2,nf_ton_v2,within,1,0.8971372246742249,0.004237872784972306,0.9507345555285451,0.9992574148358081,0.9385731744905326,0.9989608865679469,0.00416559898553867,370222,218023,ablation,5,retransmitted_out_bytes;retransmitted_out_pkts;out_pkts;dst_to_src_avg_throughput;out_bytes,nf_unsw_v2
1224c3b547,0a2843f024df4094bc3b69fa34e74bd5,xgb,nf43,nf_ton_v2,nf_unsw_v2,cross,1,0.8971372246742249,0.008160162189559048,0.23569405099150142,0.3437150465437735,0.35641675774867937,0.741885094157611,0.9901744985880819,145170,7060,ablation,5,retransmitted_out_bytes;retransmitted_out_pkts;out_pkts;dst_to_src_avg_throughput;out_bytes,nf_unsw_v2
1224c3b547,aeefaf86ec3448b5be79fdb5019178fb,xgb,nf43,nf_ton_v2,nf_ton_v2,within,2,0.8971372246742249,0.004237872784972306,0.9507345555285451,0.9992574148358081,0.9385731744905326,0.9989608865679469,0.00416559898553867,370222,218023,ablation,5,retransmitted_out_bytes;retransmitted_out_pkts;out_pkts;dst_to_src_avg_throughput;out_bytes,nf_unsw_v2
1224c3b547,aeefaf86ec3448b5be79fdb5019178fb,xgb,nf43,nf_ton_v2,nf_unsw_v2,cross,2,0.8971372246742249,0.008160162189559048,0.23569405099150142,0.3437150465437735,0.35641675774867937,0.741885094157611,0.9901744985880819,145170,7060,ablation,5,retransmitted_out_bytes;retransmitted_out_pkts;out_pkts;dst_to_src_avg_throughput;out_bytes,nf_unsw_v2
a44eabc502,780a1a2fd41f4e7ca80f914cae0bacd4,xgb,nf43,nf_ton_v2,nf_ton_v2,within,0,0.8979449272155762,0.0042510134757784215,0.9505602619907074,0.9992619409495894,0.9383644875704799,0.998966679147888,0.004211591403360074,370222,218023,ablation,10,retransmitted_out_bytes;retransmitted_out_pkts;out_pkts;dst_to_src_avg_throughput;out_bytes;src_to_dst_avg_throughput;retransmitted_in_bytes;retransmitted_in_pkts;server_tcp_flags;icmp_ipv4_type,nf_unsw_v2
a44eabc502,780a1a2fd41f4e7ca80f914cae0bacd4,xgb,nf43,nf_ton_v2,nf_unsw_v2,cross,0,0.8979449272155762,0.0013250307725725871,0.11118980169971672,0.2692918385530019,0.2903688650732763,0.5977903518626508,0.990978205778003,145170,7060,ablation,10,retransmitted_out_bytes;retransmitted_out_pkts;out_pkts;dst_to_src_avg_throughput;out_bytes;src_to_dst_avg_throughput;retransmitted_in_bytes;retransmitted_in_pkts;server_tcp_flags;icmp_ipv4_type,nf_unsw_v2
a44eabc502,05f67d06c5cc49c88c2fc14701aeef12,xgb,nf43,nf_ton_v2,nf_ton_v2,within,1,0.8979449272155762,0.0042510134757784215,0.9505602619907074,0.9992619409495894,0.9383644875704799,0.998966679147888,0.004211591403360074,370222,218023,ablation,10,retransmitted_out_bytes;retransmitted_out_pkts;out_pkts;dst_to_src_avg_throughput;out_bytes;src_to_dst_avg_throughput;retransmitted_in_bytes;retransmitted_in_pkts;server_tcp_flags;icmp_ipv4_type,nf_unsw_v2
a44eabc502,05f67d06c5cc49c88c2fc14701aeef12,xgb,nf43,nf_ton_v2,nf_unsw_v2,cross,1,0.8979449272155762,0.0013250307725725871,0.11118980169971672,0.2692918385530019,0.2903688650732763,0.5977903518626508,0.990978205778003,145170,7060,ablation,10,retransmitted_out_bytes;retransmitted_out_pkts;out_pkts;dst_to_src_avg_throughput;out_bytes;src_to_dst_avg_throughput;retransmitted_in_bytes;retransmitted_in_pkts;server_tcp_flags;icmp_ipv4_type,nf_unsw_v2
a44eabc502,221afe0b6f774f66a0a8b13734885079,xgb,nf43,nf_ton_v2,nf_ton_v2,within,2,0.8979449272155762,0.0042510134757784215,0.9505602619907074,0.9992619409495894,0.9383644875704799,0.998966679147888,0.004211591403360074,370222,218023,ablation,10,retransmitted_out_bytes;retransmitted_out_pkts;out_pkts;dst_to_src_avg_throughput;out_bytes;src_to_dst_avg_throughput;retransmitted_in_bytes;retransmitted_in_pkts;server_tcp_flags;icmp_ipv4_type,nf_unsw_v2
a44eabc502,221afe0b6f774f66a0a8b13734885079,xgb,nf43,nf_ton_v2,nf_unsw_v2,cross,2,0.8979449272155762,0.0013250307725725871,0.11118980169971672,0.2692918385530019,0.2903688650732763,0.5977903518626508,0.990978205778003,145170,7060,ablation,10,retransmitted_out_bytes;retransmitted_out_pkts;out_pkts;dst_to_src_avg_throughput;out_bytes;src_to_dst_avg_throughput;retransmitted_in_bytes;retransmitted_in_pkts;server_tcp_flags;icmp_ipv4_type,nf_unsw_v2
ecde8624f9,67c57cd8a5f14eab8cc02e484d4188b5,mlp,nf43,nf_ton_v2,nf_ton_v2,within,0,0.6095354557037354,0.021741272938718387,0.9504501818615467,0.9975293878972379,0.9226516509014884,0.9965188042138308,0.021524451540417478,370222,218023,ablation,1,retransmitted_out_bytes,nf_unsw_v2
ecde8624f9,67c57cd8a5f14eab8cc02e484d4188b5,mlp,nf43,nf_ton_v2,nf_unsw_v2,cross,0,0.6095354557037354,0.026174788212294547,0.3686968838526912,0.31644804755199896,0.363869576839286,0.5230854675513197,0.9982694953298096,145170,7060,ablation,1,retransmitted_out_bytes,nf_unsw_v2
ecde8624f9,a80961adf2d74831b8b4eee6179dd8fb,mlp,nf43,nf_ton_v2,nf_ton_v2,within,1,0.5993441939353943,0.022023797791049876,0.9505831953509493,0.9975102184521606,0.9225534061282578,0.9964951786593546,0.021721561902509214,370222,218023,ablation,1,retransmitted_out_bytes,nf_unsw_v2
ecde8624f9,a80961adf2d74831b8b4eee6179dd8fb,mlp,nf43,nf_ton_v2,nf_unsw_v2,cross,1,0.5993441939353943,0.020679168778509883,0.34560906515580736,0.3513513936869896,0.3727881507751958,0.5921713872815179,0.9953008471508218,145170,7060,ablation,1,retransmitted_out_bytes,nf_unsw_v2
ecde8624f9,3e47526b9fa347979d92ee504306f19f,mlp,nf43,nf_ton_v2,nf_ton_v2,within,2,0.619637668132782,0.02177412466573368,0.9505648486627558,0.997533047986876,0.9227538740541905,0.9965244845973709,0.02146531843178996,370222,218023,ablation,1,retransmitted_out_bytes,nf_unsw_v2
ecde8624f9,3e47526b9fa347979d92ee504306f19f,mlp,nf43,nf_ton_v2,nf_unsw_v2,cross,2,0.619637668132782,0.03690536528853812,0.32960339943342776,0.2639171994697141,0.28580922283071886,0.5362580777362053,0.9958800955759901,145170,7060,ablation,1,retransmitted_out_bytes,nf_unsw_v2
0922c004a9,4dbc7383d6104f4d886a5767119aa863,mlp,nf43,nf_ton_v2,nf_ton_v2,within,0,0.6035792231559753,0.021609866030657232,0.9505831953509493,0.9975197583122636,0.9229206276868371,0.9965082334323689,0.02121564530647376,370222,218023,ablation,3,retransmitted_out_bytes;retransmitted_out_pkts;out_pkts,nf_unsw_v2
0922c004a9,4dbc7383d6104f4d886a5767119aa863,mlp,nf43,nf_ton_v2,nf_unsw_v2,cross,0,0.6035792231559753,0.017283324885960467,0.32237960339943345,0.31168003922449145,0.3721946576396376,0.5674305112134003,0.9965534718702483,145170,7060,ablation,3,retransmitted_out_bytes;retransmitted_out_pkts;out_pkts,nf_unsw_v2
0922c004a9,ef200f9b8b2e453590fcaa1cf91f5240,mlp,nf43,nf_ton_v2,nf_ton_v2,within,1,0.600649356842041,0.021990946064034587,0.9506015420391427,0.9975192388704393,0.9226035738269149,0.9965056972000266,0.021596725339851117,370222,218023,ablation,3,retransmitted_out_bytes;retransmitted_out_pkts;out_pkts,nf_unsw_v2
0922c004a9,ef200f9b8b2e453590fcaa1cf91f5240,mlp,nf43,nf_ton_v2,nf_unsw_v2,cross,1,0.600649356842041,0.01967996524509449,0.2855524079320113,0.271651267298963,0.32198444124320014,0.585851327502424,0.9991383679675621,145170,7060,ablation,3,retransmitted_out_bytes;retransmitted_out_pkts;out_pkts,nf_unsw_v2
0922c004a9,aae4b652dea24e5c9d97902fde0b82be,mlp,nf43,nf_ton_v2,nf_ton_v2,within,2,0.6145176887512207,0.021971235027825414,0.9506382354155296,0.9975288745508605,0.9226631116788343,0.9965192817190616,0.021524451540417478,370222,218023,ablation,3,retransmitted_out_bytes;retransmitted_out_pkts;out_pkts,nf_unsw_v2
0922c004a9,aae4b652dea24e5c9d97902fde0b82be,mlp,nf43,nf_ton_v2,nf_unsw_v2,cross,2,0.6145176887512207,0.014097458547534573,0.3094900849858357,0.3127741852186937,0.3820905851397918,0.5698917129528686,0.9962566070523495,145170,7060,ablation,3,retransmitted_out_bytes;retransmitted_out_pkts;out_pkts,nf_unsw_v2
0218ec4fb8,acec595cbbf840d0b0e28c7444cc94d7,mlp,nf43,nf_ton_v2,nf_ton_v2,within,0,0.5868099331855774,0.021977805373228472,0.9505373286304656,0.9975333560944223,0.9225416430717203,0.9965247962038135,0.021577014303641943,370222,218023,ablation,5,retransmitted_out_bytes;retransmitted_out_pkts;out_pkts;dst_to_src_avg_throughput;out_bytes,nf_unsw_v2
0218ec4fb8,acec595cbbf840d0b0e28c7444cc94d7,mlp,nf43,nf_ton_v2,nf_unsw_v2,cross,0,0.5868099331855774,0.01905727318803852,0.31359773371104815,0.3294908297251972,0.35269734609895503,0.5997325437313075,0.9969879081891246,145170,7060,ablation,5,retransmitted_out_bytes;retransmitted_out_pkts;out_pkts;dst_to_src_avg_throughput;out_bytes,nf_unsw_v2
0218ec4fb8,b456ae52c585428793de3af5fe9f244a,mlp,nf43,nf_ton_v2,nf_ton_v2,within,1,0.5985683798789978,0.021938383300810122,0.9503859684528696,0.9974846414837216,0.9224031930735899,0.9964608896250199,0.021682139830090867,370222,218023,ablation,5,retransmitted_out_bytes;retransmitted_out_pkts;out_pkts;dst_to_src_avg_throughput;out_bytes,nf_unsw_v2
0218ec4fb8,b456ae52c585428793de3af5fe9f244a,mlp,nf43,nf_ton_v2,nf_unsw_v2,cross,1,0.5985683798789978,0.013496488306422416,0.3620396600566572,0.34242045334972326,0.4363511809516839,0.6186922600185465,0.9978929838534502,145170,7060,ablation,5,retransmitted_out_bytes;retransmitted_out_pkts;out_pkts;dst_to_src_avg_throughput;out_bytes,nf_unsw_v2
0218ec4fb8,17936ecaec5b4f45a1e3c0f3af7eef3f,mlp,nf43,nf_ton_v2,nf_ton_v2,within,2,0.6075983047485352,0.021898961228391776,0.950656582103723,0.9975167367591923,0.922748248391194,0.996501883305929,0.021603295685254174,370222,218023,ablation,5,retransmitted_out_bytes;retransmitted_out_pkts;out_pkts;dst_to_src_avg_throughput;out_bytes,nf_unsw_v2
0218ec4fb8,17936ecaec5b4f45a1e3c0f3af7eef3f,mlp,nf43,nf_ton_v2,nf_unsw_v2,cross,2,0.6075983047485352,0.013887480993411049,0.31586402266288954,0.3140464769156101,0.3898749316411719,0.5682675369819558,0.9978495402215625,145170,7060,ablation,5,retransmitted_out_bytes;retransmitted_out_pkts;out_pkts;dst_to_src_avg_throughput;out_bytes,nf_unsw_v2
8ce26fb6a1,df8f05a95ee44bd88fd15085c1504ced,mlp,nf43,nf_ton_v2,nf_ton_v2,within,0,0.6114875078201294,0.02188582053758566,0.9505281552863689,0.997513101692043,0.9226127358891597,0.9964980034742207,0.021636147412269463,370222,218023,ablation,10,retransmitted_out_bytes;retransmitted_out_pkts;out_pkts;dst_to_src_avg_throughput;out_bytes;src_to_dst_avg_throughput;retransmitted_in_bytes;retransmitted_in_pkts;server_tcp_flags;icmp_ipv4_type,nf_unsw_v2
8ce26fb6a1,df8f05a95ee44bd88fd15085c1504ced,mlp,nf43,nf_ton_v2,nf_unsw_v2,cross,0,0.6114875078201294,0.022199695894576786,0.36827195467422097,0.3134715264394596,0.38437053256872195,0.5353500791646352,0.999413510969517,145170,7060,ablation,10,retransmitted_out_bytes;retransmitted_out_pkts;out_pkts;dst_to_src_avg_throughput;out_bytes;src_to_dst_avg_throughput;retransmitted_in_bytes;retransmitted_in_pkts;server_tcp_flags;icmp_ipv4_type,nf_unsw_v2
8ce26fb6a1,50d15df90319490c99647b2add326e9f,mlp,nf43,nf_ton_v2,nf_ton_v2,within,1,0.6197860240936279,0.021813546738152025,0.9505235686143205,0.9975285219290081,0.9226716013086494,0.9965203903780189,0.021544162576626655,370222,218023,ablation,10,retransmitted_out_bytes;retransmitted_out_pkts;out_pkts;dst_to_src_avg_throughput;out_bytes;src_to_dst_avg_throughput;retransmitted_in_bytes;retransmitted_in_pkts;server_tcp_flags;icmp_ipv4_type,nf_unsw_v2
8ce26fb6a1,50d15df90319490c99647b2add326e9f,mlp,nf43,nf_ton_v2,nf_unsw_v2,cross,1,0.6197860240936279,0.010144088045760625,0.2460339943342776,0.3399118626610978,0.3489029971301976,0.5752188098619095,0.9996596915502136,145170,7060,ablation,10,retransmitted_out_bytes;retransmitted_out_pkts;out_pkts;dst_to_src_avg_throughput;out_bytes;src_to_dst_avg_throughput;retransmitted_in_bytes;retransmitted_in_pkts;server_tcp_flags;icmp_ipv4_type,nf_unsw_v2
8ce26fb6a1,b44f005fc8ee4286afd87511a8a85e6b,mlp,nf43,nf_ton_v2,nf_ton_v2,within,2,0.6121582984924316,0.02198437571863153,0.9505877820229975,0.9975292322480542,0.9225936327314049,0.9965180770015417,0.02167556948468781,370222,218023,ablation,10,retransmitted_out_bytes;retransmitted_out_pkts;out_pkts;dst_to_src_avg_throughput;out_bytes;src_to_dst_avg_throughput;retransmitted_in_bytes;retransmitted_in_pkts;server_tcp_flags;icmp_ipv4_type,nf_unsw_v2
8ce26fb6a1,b44f005fc8ee4286afd87511a8a85e6b,mlp,nf43,nf_ton_v2,nf_unsw_v2,cross,2,0.6121582984924316,0.020056476721453914,0.3160056657223796,0.2963208129891447,0.3490419711546703,0.560807699778659,0.9990007964665846,145170,7060,ablation,10,retransmitted_out_bytes;retransmitted_out_pkts;out_pkts;dst_to_src_avg_throughput;out_bytes;src_to_dst_avg_throughput;retransmitted_in_bytes;retransmitted_in_pkts;server_tcp_flags;icmp_ipv4_type,nf_unsw_v2
1916cfe21b,b47a882660b842b3a3cd3fddb40ea3e7,rf,nf43,nf_ton_v2,nf_ton_v2,within,0,0.925,0.0037713782613551993,0.9516977566587012,0.9986264922493517,0.9400795241312169,0.9986641477907431,0.003593978935472638,370222,218023,ablation,1,max_ttl,nf_cse_cic18_v2
1916cfe21b,b47a882660b842b3a3cd3fddb40ea3e7,rf,nf43,nf_ton_v2,nf_cse_cic18_v2,cross,0,0.925,0.0009104852658029566,0.00016740429182753172,0.7015986609301846,-0.011681808134196553,0.8512303463084679,0.6088176745096759,402007,95577,ablation,1,max_ttl,nf_cse_cic18_v2
1916cfe21b,d06a5dc15e944f36ad5fff65a7cf99f5,rf,nf43,nf_ton_v2,nf_ton_v2,within,1,0.925,0.0036202603170848694,0.9515234631208634,0.9986217063021466,0.9400175800608369,0.9986647956247565,0.0036202603170848694,370222,218023,ablation,1,max_ttl,nf_cse_cic18_v2
1916cfe21b,d06a5dc15e944f36ad5fff65a7cf99f5,rf,nf43,nf_ton_v2,nf_cse_cic18_v2,cross,1,0.925,0.0011258688770681721,0.00023018090126285612,0.7149844930229544,-0.012625470475224687,0.8605400550211453,0.6211630715008322,402007,95577,ablation,1,max_ttl,nf_cse_cic18_v2
1916cfe21b,33c49b6aec6d4e3491c597a563002c57,rf,nf43,nf_ton_v2,nf_ton_v2,within,2,0.925,0.003712245152727679,0.951353756255074,0.9986271091852608,0.9397434076352638,0.9986586283034118,0.003712245152727679,370222,218023,ablation,1,max_ttl,nf_cse_cic18_v2
1916cfe21b,33c49b6aec6d4e3491c597a563002c57,rf,nf43,nf_ton_v2,nf_cse_cic18_v2,cross,2,0.925,0.0011748196978102667,0.00014647875534909026,0.710661625281655,-0.014359157838879713,0.8735489339677398,0.5137290735241328,402007,95577,ablation,1,max_ttl,nf_cse_cic18_v2
bc276730b3,b5b783436a74410e846e3da1c15dc71f,rf,nf43,nf_ton_v2,nf_ton_v2,within,0,0.94,0.0034297203003961917,0.9516427165941208,0.9986604085476599,0.9403228824662055,0.9986966293419614,0.0034297203003961917,370222,218023,ablation,3,max_ttl;min_ttl;l4_dst_port,nf_cse_cic18_v2
bc276730b3,b5b783436a74410e846e3da1c15dc71f,rf,nf43,nf_ton_v2,nf_cse_cic18_v2,cross,0,0.94,0.0012172437424534152,0.00013601598710986953,0.2377205503398327,-0.0148613295439152,0.5486556849078374,0.6566165192703064,402007,95577,ablation,3,max_ttl;min_ttl;l4_dst_port,nf_cse_cic18_v2
bc276730b3,782eba02317f4e2bb40ce17af35630ec,rf,nf43,nf_ton_v2,nf_ton_v2,within,1,0.94,0.003377157537171729,0.9517161033468946,0.9986634577701228,0.9404528889659877,0.9987022892932801,0.003377157537171729,370222,218023,ablation,3,max_ttl;min_ttl;l4_dst_port,nf_cse_cic18_v2
bc276730b3,782eba02317f4e2bb40ce17af35630ec,rf,nf43,nf_ton_v2,nf_cse_cic18_v2,cross,1,0.94,0.0013314623241849689,0.00013601598710986953,0.2661854954088204,-0.01573410679383072,0.613336872561104,0.7267597820056783,402007,95577,ablation,3,max_ttl;min_ttl;l4_dst_port,nf_cse_cic18_v2
bc276730b3,d68a3e9318bf47ed9eff27c691a76043,rf,nf43,nf_ton_v2,nf_ton_v2,within,2,0.94,0.003377157537171729,0.951303302862542,0.9986112488393653,0.9399862223520081,0.9986653668078043,0.003377157537171729,370222,218023,ablation,3,max_ttl;min_ttl;l4_dst_port,nf_cse_cic18_v2
bc276730b3,d68a3e9318bf47ed9eff27c691a76043,rf,nf43,nf_ton_v2,nf_cse_cic18_v2,cross,2,0.94,0.0009333289821492674,0.000156941523588311,0.29292052085643977,-0.012083241129115779,0.6534424693069139,0.5663446790457853,402007,95577,ablation,3,max_ttl;min_ttl;l4_dst_port,nf_cse_cic18_v2
0ae6015e37,9d493abc7a6c4422a30825777f70a16a,rf,nf43,nf_ton_v2,nf_ton_v2,within,0,0.935,0.003534845826845117,0.9526426111006637,0.99868690218455,0.9413604210775915,0.9987078972147609,0.003377157537171729,370222,218023,ablation,5,max_ttl;min_ttl;l4_dst_port;out_bytes;server_tcp_flags,nf_cse_cic18_v2
0ae6015e37,9d493abc7a6c4422a30825777f70a16a,rf,nf43,nf_ton_v2,nf_cse_cic18_v2,cross,0,0.935,0.0014130470254217929,0.00016740429182753172,0.24972561736862575,-0.01587590622849623,0.5765495047429381,0.7271905492282087,402007,95577,ablation,5,max_ttl;min_ttl;l4_dst_port;out_bytes;server_tcp_flags,nf_cse_cic18_v2
0ae6015e37,ea9026aa91404a0980213c558551bef8,rf,nf43,nf_ton_v2,nf_ton_v2,within,1,0.935,0.0035282754814420594,0.9522068772560693,0.9986407342401877,0.9408729684880005,0.9986817502247283,0.003383727882574787,370222,218023,ablation,5,max_ttl;min_ttl;l4_dst_port;out_bytes;server_tcp_flags,nf_cse_cic18_v2
0ae6015e37,ea9026aa91404a0980213c558551bef8,rf,nf43,nf_ton_v2,nf_cse_cic18_v2,cross,1,0.935,0.001393466697124955,0.00016740429182753172,0.22587009733778504,-0.015731700324329346,0.4978233734528272,0.7638938746206312,402007,95577,ablation,5,max_ttl;min_ttl;l4_dst_port;out_bytes;server_tcp_flags,nf_cse_cic18_v2
0ae6015e37,89a6210a4c8746cb858b841ea0d57fb3,rf,nf43,nf_ton_v2,nf_ton_v2,within,2,0.935,0.003515134790635944,0.9525233576274063,0.9986693530423879,0.9412429898955305,0.9987011949338641,0.0033508761555594976,370222,218023,ablation,5,max_ttl;min_ttl;l4_dst_port;out_bytes;server_tcp_flags,nf_cse_cic18_v2
0ae6015e37,89a6210a4c8746cb858b841ea0d57fb3,rf,nf43,nf_ton_v2,nf_cse_cic18_v2,cross,2,0.935,0.001148712593414483,0.00014647875534909026,0.2438686956386366,-0.014146592282140328,0.5499356748373574,0.6850177854648696,402007,95577,ablation,5,max_ttl;min_ttl;l4_dst_port;out_bytes;server_tcp_flags,nf_cse_cic18_v2
b9062a54dc,0f61de00c51f49d0929fb7c20894a1f8,rf,nf43,nf_ton_v2,nf_ton_v2,within,0,0.935,0.0035085644452328858,0.9522619173206497,0.9985189934350045,0.9409528865872054,0.9986104465941739,0.0033245947739472662,370222,218023,ablation,10,max_ttl;min_ttl;l4_dst_port;out_bytes;server_tcp_flags;shortest_flow_pkt;out_pkts;num_pkts_128_to_256_bytes;tcp_flags;dst_to_src_avg_throughput,nf_cse_cic18_v2
b9062a54dc,0f61de00c51f49d0929fb7c20894a1f8,rf,nf43,nf_ton_v2,nf_cse_cic18_v2,cross,0,0.935,0.0010344940116829293,0.00014647875534909026,0.21834462800481286,-0.013179860888673057,0.506374651484577,0.7595568319028816,402007,95577,ablation,10,max_ttl;min_ttl;l4_dst_port;out_bytes;server_tcp_flags;shortest_flow_pkt;out_pkts;num_pkts_128_to_256_bytes;tcp_flags;dst_to_src_avg_throughput,nf_cse_cic18_v2
b9062a54dc,50ed1bd558a34dc793b6e757d8ca4f88,rf,nf43,nf_ton_v2,nf_ton_v2,within,1,0.935,0.0035217051360390017,0.9524774909069227,0.9985645621707928,0.9411851833652759,0.9986416483891836,0.003383727882574787,370222,218023,ablation,10,max_ttl;min_ttl;l4_dst_port;out_bytes;server_tcp_flags;shortest_flow_pkt;out_pkts;num_pkts_128_to_256_bytes;tcp_flags;dst_to_src_avg_throughput,nf_cse_cic18_v2
b9062a54dc,50ed1bd558a34dc793b6e757d8ca4f88,rf,nf43,nf_ton_v2,nf_cse_cic18_v2,cross,1,0.935,0.0012629311751460367,0.00014647875534909026,0.1896503197603016,-0.015056023178036556,0.40553553806931286,0.7959599255947525,402007,95577,ablation,10,max_ttl;min_ttl;l4_dst_port;out_bytes;server_tcp_flags;shortest_flow_pkt;out_pkts;num_pkts_128_to_256_bytes;tcp_flags;dst_to_src_avg_throughput,nf_cse_cic18_v2
b9062a54dc,206727627276480ab8673dae927ace02,rf,nf43,nf_ton_v2,nf_ton_v2,within,2,0.935,0.003501994099829828,0.9524132774982456,0.9986728254297785,0.941130099598445,0.9987095681214364,0.003390298227977845,370222,218023,ablation,10,max_ttl;min_ttl;l4_dst_port;out_bytes;server_tcp_flags;shortest_flow_pkt;out_pkts;num_pkts_128_to_256_bytes;tcp_flags;dst_to_src_avg_throughput,nf_cse_cic18_v2
b9062a54dc,206727627276480ab8673dae927ace02,rf,nf43,nf_ton_v2,nf_cse_cic18_v2,cross,2,0.935,0.0011160787129197533,0.00016740429182753172,0.19972520409568562,-0.013539251965100946,0.4473534255994205,0.8101099761772672,402007,95577,ablation,10,max_ttl;min_ttl;l4_dst_port;out_bytes;server_tcp_flags;shortest_flow_pkt;out_pkts;num_pkts_128_to_256_bytes;tcp_flags;dst_to_src_avg_throughput,nf_cse_cic18_v2
c2a13e9d27,ada5159108104995912b3ee91839e032,xgb,nf43,nf_ton_v2,nf_ton_v2,within,0,0.8974907398223877,0.004218161748763133,0.9505143952702237,0.9992522564349332,0.9383420840273237,0.9989552929912114,0.00416559898553867,370222,218023,ablation,1,max_ttl,nf_cse_cic18_v2
c2a13e9d27,ada5159108104995912b3ee91839e032,xgb,nf43,nf_ton_v2,nf_cse_cic18_v2,cross,0,0.8974907398223877,0.004268511568710635,0.1422099459074882,0.735267192497832,0.31083393679247917,0.7672952060559814,0.9724537414743987,402007,95577,ablation,1,max_ttl,nf_cse_cic18_v2
c2a13e9d27,14befb1fb5d842dabcffb94c16393d3e,xgb,nf43,nf_ton_v2,nf_ton_v2,within,1,0.8974907398223877,0.004218161748763133,0.9505143952702237,0.9992522564349332,0.9383420840273237,0.9989552929912114,0.00416559898553867,370222,218023,ablation,1,max_ttl,nf_cse_cic18_v2
c2a13e9d27,14befb1fb5d842dabcffb94c16393d3e,xgb,nf43,nf_ton_v2,nf_cse_cic18_v2,cross,1,0.8974907398223877,0.004268511568710635,0.1422099459074882,0.735267192497832,0.31083393679247917,0.7672952060559814,0.9724537414743987,402007,95577,ablation,1,max_ttl,nf_cse_cic18_v2
c2a13e9d27,fec69de531724d0c9ecc95c0c65bfb48,xgb,nf43,nf_ton_v2,nf_ton_v2,within,2,0.8974907398223877,0.004218161748763133,0.9505143952702237,0.9992522564349332,0.9383420840273237,0.9989552929912114,0.00416559898553867,370222,218023,ablation,1,max_ttl,nf_cse_cic18_v2
c2a13e9d27,fec69de531724d0c9ecc95c0c65bfb48,xgb,nf43,nf_ton_v2,nf_cse_cic18_v2,cross,2,0.8974907398223877,0.004268511568710635,0.1422099459074882,0.735267192497832,0.31083393679247917,0.7672952060559814,0.9724537414743987,402007,95577,ablation,1,max_ttl,nf_cse_cic18_v2
89a1937277,29609a6d4e744548a9443707bc03dbb7,xgb,nf43,nf_ton_v2,nf_ton_v2,within,0,0.8731905221939087,0.004855485252859743,0.9512253294377199,0.9991847484494777,0.9385755207743517,0.9988632246185223,0.004678085926977181,370222,218023,ablation,3,max_ttl;min_ttl;l4_dst_port,nf_cse_cic18_v2
89a1937277,29609a6d4e744548a9443707bc03dbb7,xgb,nf43,nf_ton_v2,nf_cse_cic18_v2,cross,0,0.8731905221939087,0.013177560943771824,0.0010462768239220732,0.19241288299918338,-0.05116627701353686,0.42316455220225513,0.9687171621577522,402007,95577,ablation,3,max_ttl;min_ttl;l4_dst_port,nf_cse_cic18_v2
89a1937277,2cb297b5d9ab429bb432d58ecb7dad96,xgb,nf43,nf_ton_v2,nf_ton_v2,within,1,0.8731905221939087,0.004855485252859743,0.9512253294377199,0.9991847484494777,0.9385755207743517,0.9988632246185223,0.004678085926977181,370222,218023,ablation,3,max_ttl;min_ttl;l4_dst_port,nf_cse_cic18_v2
89a1937277,2cb297b5d9ab429bb432d58ecb7dad96,xgb,nf43,nf_ton_v2,nf_cse_cic18_v2,cross,1,0.8731905221939087,0.013177560943771824,0.0010462768239220732,0.19241288299918338,-0.05116627701353686,0.42316455220225513,0.9687171621577522,402007,95577,ablation,3,max_ttl;min_ttl;l4_dst_port,nf_cse_cic18_v2
89a1937277,ac89bd6ded134c9ba576d81a09161f42,xgb,nf43,nf_ton_v2,nf_ton_v2,within,2,0.8731905221939087,0.004855485252859743,0.9512253294377199,0.9991847484494777,0.9385755207743517,0.9988632246185223,0.004678085926977181,370222,218023,ablation,3,max_ttl;min_ttl;l4_dst_port,nf_cse_cic18_v2
89a1937277,ac89bd6ded134c9ba576d81a09161f42,xgb,nf43,nf_ton_v2,nf_cse_cic18_v2,cross,2,0.8731905221939087,0.013177560943771824,0.0010462768239220732,0.19241288299918338,-0.05116627701353686,0.42316455220225513,0.9687171621577522,402007,95577,ablation,3,max_ttl;min_ttl;l4_dst_port,nf_cse_cic18_v2
e6d25147bc,8875a08928654a488779090a58cee210,xgb,nf43,nf_ton_v2,nf_ton_v2,within,0,0.8656735420227051,0.004842344562053627,0.9505235686143205,0.9991736517068365,0.9377937389821376,0.9988470554084257,0.0048029224896352805,370222,218023,ablation,5,max_ttl;min_ttl;l4_dst_port;out_bytes;server_tcp_flags,nf_cse_cic18_v2
e6d25147bc,8875a08928654a488779090a58cee210,xgb,nf43,nf_ton_v2,nf_cse_cic18_v2,cross,0,0.8656735420227051,0.014189211239108442,0.000313883047176622,0.18198957860352696,-0.056912635597559595,0.38637562948008414,0.9905231211043305,402007,95577,ablation,5,max_ttl;min_ttl;l4_dst_port;out_bytes;server_tcp_flags,nf_cse_cic18_v2
e6d25147bc,997fd87b44b14a27899bbe356651c9bf,xgb,nf43,nf_ton_v2,nf_ton_v2,within,1,0.8656735420227051,0.004842344562053627,0.9505235686143205,0.9991736517068365,0.9377937389821376,0.9988470554084257,0.0048029224896352805,370222,218023,ablation,5,max_ttl;min_ttl;l4_dst_port;out_bytes;server_tcp_flags,nf_cse_cic18_v2
e6d25147bc,997fd87b44b14a27899bbe356651c9bf,xgb,nf43,nf_ton_v2,nf_cse_cic18_v2,cross,1,0.8656735420227051,0.014189211239108442,0.000313883047176622,0.18198957860352696,-0.056912635597559595,0.38637562948008414,0.9905231211043305,402007,95577,ablation,5,max_ttl;min_ttl;l4_dst_port;out_bytes;server_tcp_flags,nf_cse_cic18_v2
e6d25147bc,c88b47e384c14ac49425bbb4b81c8719,xgb,nf43,nf_ton_v2,nf_ton_v2,within,2,0.8656735420227051,0.004842344562053627,0.9505235686143205,0.9991736517068365,0.9377937389821376,0.9988470554084257,0.0048029224896352805,370222,218023,ablation,5,max_ttl;min_ttl;l4_dst_port;out_bytes;server_tcp_flags,nf_cse_cic18_v2
e6d25147bc,c88b47e384c14ac49425bbb4b81c8719,xgb,nf43,nf_ton_v2,nf_cse_cic18_v2,cross,2,0.8656735420227051,0.014189211239108442,0.000313883047176622,0.18198957860352696,-0.056912635597559595,0.38637562948008414,0.9905231211043305,402007,95577,ablation,5,max_ttl;min_ttl;l4_dst_port;out_bytes;server_tcp_flags,nf_cse_cic18_v2
d7d78b64d6,97d85190f6aa4a64a8902a12f3faa130,xgb,nf43,nf_ton_v2,nf_ton_v2,within,0,0.864794135093689,0.004927759052293379,0.9504547685335951,0.9991543899836816,0.9376395401510669,0.9988207583259472,0.004835774216650569,370222,218023,ablation,10,max_ttl;min_ttl;l4_dst_port;out_bytes;server_tcp_flags;shortest_flow_pkt;out_pkts;num_pkts_128_to_256_bytes;tcp_flags;dst_to_src_avg_throughput,nf_cse_cic18_v2
d7d78b64d6,97d85190f6aa4a64a8902a12f3faa130,xgb,nf43,nf_ton_v2,nf_cse_cic18_v2,cross,0,0.864794135093689,0.014633032013836766,0.0001883298283059732,0.1659682137072851,-0.05843551647710122,0.31774740715194677,0.9895636850177855,402007,95577,ablation,10,max_ttl;min_ttl;l4_dst_port;out_bytes;server_tcp_flags;shortest_flow_pkt;out_pkts;num_pkts_128_to_256_bytes;tcp_flags;dst_to_src_avg_throughput,nf_cse_cic18_v2
d7d78b64d6,e0e078f7efd84b6184ec35bf177c11fb,xgb,nf43,nf_ton_v2,nf_ton_v2,within,1,0.864794135093689,0.004927759052293379,0.9504547685335951,0.9991543899836816,0.9376395401510669,0.9988207583259472,0.004835774216650569,370222,218023,ablation,10,max_ttl;min_ttl;l4_dst_port;out_bytes;server_tcp_flags;shortest_flow_pkt;out_pkts;num_pkts_128_to_256_bytes;tcp_flags;dst_to_src_avg_throughput,nf_cse_cic18_v2
d7d78b64d6,e0e078f7efd84b6184ec35bf177c11fb,xgb,nf43,nf_ton_v2,nf_cse_cic18_v2,cross,1,0.864794135093689,0.014633032013836766,0.0001883298283059732,0.1659682137072851,-0.05843551647710122,0.31774740715194677,0.9895636850177855,402007,95577,ablation,10,max_ttl;min_ttl;l4_dst_port;out_bytes;server_tcp_flags;shortest_flow_pkt;out_pkts;num_pkts_128_to_256_bytes;tcp_flags;dst_to_src_avg_throughput,nf_cse_cic18_v2
d7d78b64d6,33a6289202344cdf9538ba6139d77c31,xgb,nf43,nf_ton_v2,nf_ton_v2,within,2,0.864794135093689,0.004927759052293379,0.9504547685335951,0.9991543899836816,0.9376395401510669,0.9988207583259472,0.004835774216650569,370222,218023,ablation,10,max_ttl;min_ttl;l4_dst_port;out_bytes;server_tcp_flags;shortest_flow_pkt;out_pkts;num_pkts_128_to_256_bytes;tcp_flags;dst_to_src_avg_throughput,nf_cse_cic18_v2
d7d78b64d6,33a6289202344cdf9538ba6139d77c31,xgb,nf43,nf_ton_v2,nf_cse_cic18_v2,cross,2,0.864794135093689,0.014633032013836766,0.0001883298283059732,0.1659682137072851,-0.05843551647710122,0.31774740715194677,0.9895636850177855,402007,95577,ablation,10,max_ttl;min_ttl;l4_dst_port;out_bytes;server_tcp_flags;shortest_flow_pkt;out_pkts;num_pkts_128_to_256_bytes;tcp_flags;dst_to_src_avg_throughput,nf_cse_cic18_v2
2e32fa184c,0f3a0d987e184c14a25a773c60f900a3,mlp,nf43,nf_ton_v2,nf_ton_v2,within,0,0.606437087059021,0.021879250192182603,0.9505923686950459,0.9975358714940193,0.9226921455376206,0.9965308564669487,0.021550732922029713,370222,218023,ablation,1,max_ttl,nf_cse_cic18_v2
2e32fa184c,0f3a0d987e184c14a25a773c60f900a3,mlp,nf43,nf_ton_v2,nf_cse_cic18_v2,cross,0,0.606437087059021,0.03421988708677349,0.7414231457358988,0.7433980042215966,0.7493581619972326,0.8134928777517829,0.7849166204353359,402007,95577,ablation,1,max_ttl,nf_cse_cic18_v2
2e32fa184c,eeaed31f99f74e6b8d8f0df6fa807151,mlp,nf43,nf_ton_v2,nf_ton_v2,within,1,0.6128670573234558,0.021839828119764256,0.9505648486627558,0.997531951659484,0.9226955835296613,0.996524251299375,0.021524451540417478,370222,218023,ablation,1,max_ttl,nf_cse_cic18_v2
2e32fa184c,eeaed31f99f74e6b8d8f0df6fa807151,mlp,nf43,nf_ton_v2,nf_cse_cic18_v2,cross,1,0.6128670573234558,0.019580328296837778,0.7097941973487345,0.7336608733232203,0.7588094348235194,0.7796161355581916,0.9690696080670953,402007,95577,ablation,1,max_ttl,nf_cse_cic18_v2
2e32fa184c,9c4ba4ce58584d04942db1ec4ff9df5a,mlp,nf43,nf_ton_v2,nf_ton_v2,within,2,0.6142580509185791,0.02185296881057037,0.9504501818615467,0.9975267312922126,0.9225525448175419,0.996515414273257,0.021629577066866405,370222,218023,ablation,1,max_ttl,nf_cse_cic18_v2
2e32fa184c,9c4ba4ce58584d04942db1ec4ff9df5a,mlp,nf43,nf_ton_v2,nf_cse_cic18_v2,cross,2,0.6142580509185791,0.0258297164115785,0.6548018874833904,0.7194337118631504,0.70410152240256,0.7838437114394661,0.9582939007277356,402007,95577,ablation,1,max_ttl,nf_cse_cic18_v2
7fb9e8b57e,492af3230a7840669694b86f739cf532,mlp,nf43,nf_ton_v2,nf_ton_v2,within,0,0.6193338632583618,0.026333944375455817,0.9504089018131114,0.9967939629426377,0.9185337233325986,0.9958111530643108,0.02611712297715491,370222,218023,ablation,3,max_ttl;min_ttl;l4_dst_port,nf_cse_cic18_v2
7fb9e8b57e,492af3230a7840669694b86f739cf532,mlp,nf43,nf_ton_v2,nf_cse_cic18_v2,cross,0,0.6193338632583618,0.05130046013771498,0.633311361520031,0.6527014020089196,0.6319848315874077,0.8157146888065275,0.6589269980093333,402007,95577,ablation,3,max_ttl;min_ttl;l4_dst_port,nf_cse_cic18_v2
7fb9e8b57e,c8197f174d314043bcd65c440371ce65,mlp,nf43,nf_ton_v2,nf_ton_v2,within,1,0.6513912677764893,0.026287951957634413,0.9504593552056434,0.9967801960474142,0.9186324475457016,0.9957248475122432,0.025979145723690693,370222,218023,ablation,3,max_ttl;min_ttl;l4_dst_port,nf_cse_cic18_v2
7fb9e8b57e,c8197f174d314043bcd65c440371ce65,mlp,nf43,nf_ton_v2,nf_cse_cic18_v2,cross,1,0.6513912677764893,0.04699278791241066,0.5200100442575096,0.6237929411458726,0.550033281405837,0.7377583555445051,0.9634402636817544,402007,95577,ablation,3,max_ttl;min_ttl;l4_dst_port,nf_cse_cic18_v2
7fb9e8b57e,746e9d26821b4399aa5a714cdd551ed7,mlp,nf43,nf_ton_v2,nf_ton_v2,within,2,0.6460211873054504,0.0261959671219916,0.9501566348504515,0.9968746347961828,0.9183659414239008,0.9957986875107521,0.02614340435876714,370222,218023,ablation,3,max_ttl;min_ttl;l4_dst_port,nf_cse_cic18_v2
7fb9e8b57e,746e9d26821b4399aa5a714cdd551ed7,mlp,nf43,nf_ton_v2,nf_cse_cic18_v2,cross,2,0.6460211873054504,0.041200274124596155,0.6885757033595948,0.6889548925147052,0.6954308268654757,0.8335167949168063,0.7085957641223117,402007,95577,ablation,3,max_ttl;min_ttl;l4_dst_port,nf_cse_cic18_v2
b624b6d8c5,2306a5af3d0a449a876928d655e97032,mlp,nf43,nf_ton_v2,nf_ton_v2,within,0,0.6407667994499207,0.02663618026399648,0.9504455951894983,0.9966829162242951,0.9183083632269872,0.995668800723792,0.026366796102471106,370222,218023,ablation,5,max_ttl;min_ttl;l4_dst_port;out_bytes;server_tcp_flags,nf_cse_cic18_v2
b624b6d8c5,2306a5af3d0a449a876928d655e97032,mlp,nf43,nf_ton_v2,nf_cse_cic18_v2,cross,0,0.6407667994499207,0.0575498482524557,0.6972911893028657,0.6502755969988199,0.6690482356523892,0.8124801273002755,0.7177822014815781,402007,95577,ablation,5,max_ttl;min_ttl;l4_dst_port;out_bytes;server_tcp_flags,nf_cse_cic18_v2
b624b6d8c5,36fbbeca095245d0bc6e5a17f387716b,mlp,nf43,nf_ton_v2,nf_ton_v2,within,1,0.6416721343994141,0.0265704768099659,0.9506015420391427,0.9968275593720475,0.9185458760839932,0.9957922037009292,0.02632737403005276,370222,218023,ablation,5,max_ttl;min_ttl;l4_dst_port;out_bytes;server_tcp_flags,nf_cse_cic18_v2
b624b6d8c5,36fbbeca095245d0bc6e5a17f387716b,mlp,nf43,nf_ton_v2,nf_cse_cic18_v2,cross,1,0.6416721343994141,0.04857226772835558,0.6867865699906881,0.6754904198025523,0.6788364800190521,0.7541317673226712,0.9480533890284893,402007,95577,ablation,5,max_ttl;min_ttl;l4_dst_port;out_bytes;server_tcp_flags,nf_cse_cic18_v2
b624b6d8c5,51d6862959364ec6b5173a2b9a86a426,mlp,nf43,nf_ton_v2,nf_ton_v2,within,2,0.6540418267250061,0.026340514720858875,0.9504593552056434,0.9967576899180048,0.9185859143655485,0.9957149515063963,0.026176256085782428,370222,218023,ablation,5,max_ttl;min_ttl;l4_dst_port;out_bytes;server_tcp_flags,nf_cse_cic18_v2
b624b6d8c5,51d6862959364ec6b5173a2b9a86a426,mlp,nf43,nf_ton_v2,nf_cse_cic18_v2,cross,2,0.6540418267250061,0.04568090591652253,0.6912750975653138,0.643800743655172,0.6881540445213044,0.772221073296934,0.949727507097869,402007,95577,ablation,5,max_ttl;min_ttl;l4_dst_port;out_bytes;server_tcp_flags,nf_cse_cic18_v2
b309c8700e,d1c0ac6a019e42a580c1e763a1a97025,mlp,nf43,nf_ton_v2,nf_ton_v2,within,0,0.6133094429969788,0.027457473439378707,0.9506244753993844,0.996772498357658,0.9177874121450572,0.9956380569209402,0.02714866720543499,370222,218023,ablation,10,max_ttl;min_ttl;l4_dst_port;out_bytes;server_tcp_flags;shortest_flow_pkt;out_pkts;num_pkts_128_to_256_bytes;tcp_flags;dst_to_src_avg_throughput,nf_cse_cic18_v2
b309c8700e,d1c0ac6a019e42a580c1e763a1a97025,mlp,nf43,nf_ton_v2,nf_cse_cic18_v2,cross,0,0.6133094429969788,0.040616127663740495,0.7025121106542369,0.7240733897740154,0.7071212109240745,0.7873393676003023,0.8069803870378227,402007,95577,ablation,10,max_ttl;min_ttl;l4_dst_port;out_bytes;server_tcp_flags;shortest_flow_pkt;out_pkts;num_pkts_128_to_256_bytes;tcp_flags;dst_to_src_avg_throughput,nf_cse_cic18_v2
b309c8700e,3a998645a4664a93a3cd8ae44c87cf71,mlp,nf43,nf_ton_v2,nf_ton_v2,within,1,0.5997949242591858,0.027312925840511437,0.9504180751572082,0.9966852490314583,0.9176777700754588,0.9956657337509403,0.02699754926116466,370222,218023,ablation,10,max_ttl;min_ttl;l4_dst_port;out_bytes;server_tcp_flags;shortest_flow_pkt;out_pkts;num_pkts_128_to_256_bytes;tcp_flags;dst_to_src_avg_throughput,nf_cse_cic18_v2
b309c8700e,3a998645a4664a93a3cd8ae44c87cf71,mlp,nf43,nf_ton_v2,nf_cse_cic18_v2,cross,1,0.5997949242591858,0.0474594524034853,0.6036808018665578,0.6401089053374983,0.6167301490409028,0.7956617654663161,0.6527135071631368,402007,95577,ablation,10,max_ttl;min_ttl;l4_dst_port;out_bytes;server_tcp_flags;shortest_flow_pkt;out_pkts;num_pkts_128_to_256_bytes;tcp_flags;dst_to_src_avg_throughput,nf_cse_cic18_v2
b309c8700e,4c8d34170f3b4aa0ab0e6be5d8b3b5d9,mlp,nf43,nf_ton_v2,nf_ton_v2,within,2,0.6073356866836548,0.027477184475587883,0.9508033556092705,0.9966557636866409,0.9179759109685361,0.9956421620947351,0.027096104442210528,370222,218023,ablation,10,max_ttl;min_ttl;l4_dst_port;out_bytes;server_tcp_flags;shortest_flow_pkt;out_pkts;num_pkts_128_to_256_bytes;tcp_flags;dst_to_src_avg_throughput,nf_cse_cic18_v2
b309c8700e,4c8d34170f3b4aa0ab0e6be5d8b3b5d9,mlp,nf43,nf_ton_v2,nf_cse_cic18_v2,cross,2,0.6073356866836548,0.05001142185817316,0.6986094981010076,0.606635935133332,0.6849240385727036,0.7224270691490212,0.9927487517540711,402007,95577,ablation,10,max_ttl;min_ttl;l4_dst_port;out_bytes;server_tcp_flags;shortest_flow_pkt;out_pkts;num_pkts_128_to_256_bytes;tcp_flags;dst_to_src_avg_throughput,nf_cse_cic18_v2
b6e116c276,5600e238d3ab4cbba77e4a6e69966b4a,rf,cic77,lycos17,lycos17,within,0,0.9999950611825696,0.0019688154355130146,0.8765915072195747,0.9874187806558249,0.9183733070122833,0.9986519642902093,0.002848342331003875,327973,56236,norm,-1,,all
b6e116c276,5600e238d3ab4cbba77e4a6e69966b4a,rf,cic77,lycos17,lycos18,cross,0,0.9999950611825696,0.0,0.0,0.46828862979584734,0.0,0.7582449553474616,0.49139913013593106,2000022,649926,norm,-1,,all
b6e116c276,a526da6e24db43c38a8a33ddaf0ad8b8,rf,cic77,lycos17,lycos17,within,1,0.9995417287192722,0.002167536993490029,0.8959741091116011,0.9875753498928979,0.9298399664661523,0.9986670914363328,0.0028373022444495963,327973,56236,norm,-1,,all
b6e116c276,a526da6e24db43c38a8a33ddaf0ad8b8,rf,cic77,lycos17,lycos18,cross,1,0.9995417287192722,0.0,0.0,0.4429119537604448,0.0,0.7313326524009711,0.5471210936111209,2000022,649926,norm,-1,,all
b6e116c276,e726dceafc4942d9ba821bf5216dc53b,rf,cic77,lycos17,lycos17,within,2,0.9999923858181267,0.0020828963299072264,0.8695319724020201,0.9865857463120734,0.9136034778389112,0.998591334545365,0.0028409822733010226,327973,56236,norm,-1,,all
b6e116c276,e726dceafc4942d9ba821bf5216dc53b,rf,cic77,lycos17,lycos18,cross,2,0.9999923858181267,0.0,0.0,0.45913072669809407,0.0,0.7566549950405597,0.4205412059586874,2000022,649926,norm,-1,,all
582559eb41,63eaf87ce36c4933ae6f722c56745915,rf,cic77,lycos18,lycos17,cross,0,0.9958684633587579,0.0,0.0,0.24041763558458618,0.0,0.6093581776028375,0.9167871876115509,327973,56236,norm,-1,,all
582559eb41,63eaf87ce36c4933ae6f722c56745915,rf,cic77,lycos18,lycos18,within,0,0.9958684633587579,0.00019331958616276176,0.9501927911793034,0.9998504640869983,0.9629897885829539,0.9999465245177088,0.00019331958616276176,2000022,649926,norm,-1,,all
582559eb41,58751f1d9c2f46d894718b98d2226752,rf,cic77,lycos18,lycos17,cross,1,0.9958388829671185,0.0,0.0,0.24775049372815594,0.0,0.523838392682884,1.0,327973,56236,norm,-1,,all
582559eb41,58751f1d9c2f46d894718b98d2226752,rf,cic77,lycos18,lycos18,within,1,0.9958388829671185,0.00018961614581481612,0.9504143548650154,0.999861806726972,0.9631582296440633,0.9999475742976225,0.00018665339353645964,2000022,649926,norm,-1,,all
582559eb41,8650f7884fcf411eb18ff728ab8e6a09,rf,cic77,lycos18,lycos17,cross,2,0.9958236246148192,0.0,0.0,0.24020279533858108,0.0,0.6030856735860902,0.8911705067767731,327973,56236,norm,-1,,all
582559eb41,8650f7884fcf411eb18ff728ab8e6a09,rf,cic77,lycos18,lycos18,within,2,0.9958236246148192,0.00019480096230194,0.9504235866852534,0.9998661328514059,0.9631567306390543,0.9999494991434291,0.00019331958616276176,2000022,649926,norm,-1,,all
9115f349ff,354a113710674d8daaa21c0a066784e6,xgb,cic77,lycos17,lycos17,within,0,0.9999920129776001,0.0010193679918450561,0.8273703677359698,0.9976080940530215,0.8904654746875004,0.9995523643687642,0.0028336222155981704,327973,56236,norm,-1,,all
9115f349ff,354a113710674d8daaa21c0a066784e6,xgb,cic77,lycos17,lycos18,cross,0,0.9999920129776001,0.00632695749043031,0.0,0.33016628895781563,-0.04544032607650705,0.507686917214249,0.9906154821583057,2000022,649926,norm,-1,,all
9115f349ff,179d45589d684ea3a53cb0cd0783ad88,xgb,cic77,lycos17,lycos17,within,1,0.9999920129776001,0.0010193679918450561,0.8273703677359698,0.9976080940530215,0.8904654746875004,0.9995523643687642,0.0028336222155981704,327973,56236,norm,-1,,all
9115f349ff,179d45589d684ea3a53cb0cd0783ad88,xgb,cic77,lycos17,lycos18,cross,1,0.9999920129776001,0.00632695749043031,0.0,0.33016628895781563,-0.04544032607650705,0.507686917214249,0.9906154821583057,2000022,649926,norm,-1,,all
9115f349ff,609de2bec00a4223ad144d506ce03ad8,xgb,cic77,lycos17,lycos17,within,2,0.9999920129776001,0.0010193679918450561,0.8273703677359698,0.9976080940530215,0.8904654746875004,0.9995523643687642,0.0028336222155981704,327973,56236,norm,-1,,all
9115f349ff,609de2bec00a4223ad144d506ce03ad8,xgb,cic77,lycos17,lycos18,cross,2,0.9999920129776001,0.00632695749043031,0.0,0.33016628895781563,-0.04544032607650705,0.507686917214249,0.9906154821583057,2000022,649926,norm,-1,,all
73934eba6c,9aaa029a056b40edb86e8e3cf54919e9,xgb,cic77,lycos18,lycos17,cross,0,0.9971688389778137,0.0,0.0,0.21455080761767398,0.0,0.5129492005301965,0.9494805639276211,327973,56236,norm,-1,,all
73934eba6c,9aaa029a056b40edb86e8e3cf54919e9,xgb,cic77,lycos18,lycos18,within,0,0.9971688389778137,0.0001570258707528946,0.950569757172355,0.9999208019797005,0.9633242197392915,0.9999633815943586,0.00015554449461371636,2000022,649926,norm,-1,,all
73934eba6c,2813333b37a74d40a83a4300503a2373,xgb,cic77,lycos18,lycos17,cross,1,0.9971688389778137,0.0,0.0,0.21455080761767398,0.0,0.5129492005301965,0.9494805639276211,327973,56236,norm,-1,,all
73934eba6c,2813333b37a74d40a83a4300503a2373,xgb,cic77,lycos18,lycos18,within,1,0.9971688389778137,0.0001570258707528946,0.950569757172355,0.9999208019797005,0.9633242197392915,0.9999633815943586,0.00015554449461371636,2000022,649926,norm,-1,,all
73934eba6c,04d93e99c5b046249b97f28123d8d1f6,xgb,cic77,lycos18,lycos17,cross,2,0.9971688389778137,0.0,0.0,0.21455080761767398,0.0,0.5129492005301965,0.9494805639276211,327973,56236,norm,-1,,all
73934eba6c,04d93e99c5b046249b97f28123d8d1f6,xgb,cic77,lycos18,lycos18,within,2,0.9971688389778137,0.0001570258707528946,0.950569757172355,0.9999208019797005,0.9633242197392915,0.9999633815943586,0.00015554449461371636,2000022,649926,norm,-1,,all
5442e0acc5,741e76e569b540e3afb21dc528875e62,mlp,cic77,lycos17,lycos17,within,0,0.9999849796295166,0.0011408089439421205,0.8556618536169002,0.9966425408889835,0.9078759753896705,0.999435373237456,0.002472979388158403,327973,56236,norm,-1,,all
5442e0acc5,741e76e569b540e3afb21dc528875e62,mlp,cic77,lycos17,lycos18,cross,0,0.9999849796295166,0.001262873158649459,0.02661841501955607,0.6817768464339697,0.12240781300833613,0.6557971372614589,0.8121444697265973,2000022,649926,norm,-1,,all
5442e0acc5,e2e63487369846a1bec70d5c0e3989cd,mlp,cic77,lycos17,lycos17,within,1,0.9999502897262573,0.001299050184553447,0.8425741517888897,0.9970471160755965,0.8991535951556162,0.9994788515781838,0.002377298638021322,327973,56236,norm,-1,,all
5442e0acc5,e2e63487369846a1bec70d5c0e3989cd,mlp,cic77,lycos17,lycos18,cross,1,0.9999502897262573,0.0021331816404166815,0.0542692552690614,0.6694312654365224,0.1785107667251499,0.6610277387579995,0.9082472653796471,2000022,649926,norm,-1,,all
5442e0acc5,1820aef06c744fc0b9af6704fdfceb19,mlp,cic77,lycos17,lycos17,within,2,0.9999690055847168,0.0017222535024674593,0.8826374564336013,0.9942896118069429,0.9229102218026164,0.9992214303993219,0.0024251390130898627,327973,56236,norm,-1,,all
5442e0acc5,1820aef06c744fc0b9af6704fdfceb19,mlp,cic77,lycos17,lycos18,cross,2,0.9999690055847168,0.0029212737464595112,0.00872560876161286,0.6579316466817444,0.03930258924047241,0.7090032736832165,0.6748505291475569,2000022,649926,norm,-1,,all
189cefaed1,81634735de5f4741875fc328998a1846,mlp,cic77,lycos18,lycos17,cross,0,0.9970443844795227,0.012802820374111732,0.04906109965146881,0.3573406626979484,0.1000499670116229,0.7580935660582951,0.7595616349632182,327973,56236,norm,-1,,all
189cefaed1,81634735de5f4741875fc328998a1846,mlp,cic77,lycos18,lycos18,within,0,0.9970443844795227,0.00017183963214467712,0.9502835707449772,0.9999005270613883,0.9630906524570085,0.999954504096388,0.000171098944075088,2000022,649926,norm,-1,,all
189cefaed1,2d4bbfd51e6946208e2adac1225e4174,mlp,cic77,lycos18,lycos17,cross,1,0.9972856044769287,0.004011231448054553,0.019009175617042465,0.2869104397183053,0.06990401811428351,0.6126315369924138,0.9006355409826413,327973,56236,norm,-1,,all
189cefaed1,2d4bbfd51e6946208e2adac1225e4174,mlp,cic77,lycos18,lycos18,within,1,0.9972856044769287,0.00018813476967563788,0.95063899582414,0.9999008087307336,0.9633253884477839,0.9999545693772409,0.00018665339353645964,2000022,649926,norm,-1,,all
189cefaed1,0d146da71abc47c4bf9f3f18c202eac1,mlp,cic77,lycos18,lycos17,cross,2,0.9970157146453857,0.0048502780261797255,0.043086279251724875,0.3705958920710344,0.13571638232055963,0.7100805844768352,0.9685725536088203,327973,56236,norm,-1,,all
189cefaed1,0d146da71abc47c4bf9f3f18c202eac1,mlp,cic77,lycos18,lycos18,within,2,0.9970157146453857,0.00017183963214467712,0.9503312684828734,0.999900923383675,0.9631256410005323,0.9999546349270513,0.00017035825600549887,2000022,649926,norm,-1,,all
17b8976695,00151b61af234883bcf4b65a1445a3de,rf,nf43,nf_unsw_v2,nf_unsw_v2,within,0,0.8778944661547265,0.0047136340598074,0.9464589235127479,0.9603925186158909,0.9249635548591213,0.998582599717801,0.004887408587357903,145170,7060,norm,-1,,all
17b8976695,00151b61af234883bcf4b65a1445a3de,rf,nf43,nf_unsw_v2,nf_cse_cic18_v2,cross,0,0.8778944661547265,0.00012727213392944555,0.0,0.17107702446847572,-0.0055010756802581886,0.18947388207722543,1.0,402007,95577,norm,-1,,all
17b8976695,00151b61af234883bcf4b65a1445a3de,rf,nf43,nf_unsw_v2,nf_ton_v2,cross,0,0.8778944661547265,0.025453518091446067,8.714676891887553e-05,0.5504469968183597,-0.12235945912419027,0.447063676974901,1.0,370222,218023,norm,-1,,all
17b8976695,772f422fd0f44b81b95c9254df83af12,rf,nf43,nf_unsw_v2,nf_unsw_v2,within,1,0.8801083975524092,0.004583303164144522,0.9458923512747875,0.9603059735807151,0.9258511972852097,0.998589008063737,0.004959814640503946,145170,7060,norm,-1,,all
17b8976695,772f422fd0f44b81b95c9254df83af12,rf,nf43,nf_unsw_v2,nf_cse_cic18_v2,cross,1,0.8801083975524092,0.0001305355219789185,0.0,0.15689793298286636,-0.005571162832566976,0.1476907410750473,1.0,402007,95577,norm,-1,,all
17b8976695,772f422fd0f44b81b95c9254df83af12,rf,nf43,nf_unsw_v2,nf_ton_v2,cross,1,0.8801083975524092,0.02578860570700202,8.714676891887553e-05,0.5409093437436041,-0.1231802160796533,0.41066713090336954,1.0,370222,218023,norm,-1,,all
17b8976695,3715c10e920b49d5a7fccf76ae445bc6,rf,nf43,nf_unsw_v2,nf_unsw_v2,within,2,0.8728774720739182,0.004836724350155673,0.9474504249291785,0.9619319163712933,0.9243856384585983,0.9986031739080583,0.0049380928245601335,145170,7060,norm,-1,,all
17b8976695,3715c10e920b49d5a7fccf76ae445bc6,rf,nf43,nf_unsw_v2,nf_cse_cic18_v2,cross,2,0.8728774720739182,0.0009170120419019026,0.0,0.15745942836308027,-0.014770637723854566,0.21006641260833725,1.0,402007,95577,norm,-1,,all
17b8976695,3715c10e920b49d5a7fccf76ae445bc6,rf,nf43,nf_unsw_v2,nf_ton_v2,cross,2,0.8728774720739182,0.002247058127845781,9.17334409672374e-05,0.5511792619563565,-0.03393101025984404,0.44457408095176165,0.9794873816516534,370222,218023,norm,-1,,all
903261c43d,932649de32f04664b5ed108aaff97cfb,rf,nf43,nf_cse_cic18_v2,nf_unsw_v2,cross,0,0.9999114592991849,0.0,0.0,0.09890450057470648,0.0,0.7647298141461736,0.4439142712330751,145170,7060,norm,-1,,all
903261c43d,932649de32f04664b5ed108aaff97cfb,rf,nf43,nf_cse_cic18_v2,nf_cse_cic18_v2,within,0,0.9999114592991849,0.0,0.9559308201764023,0.9962671634482744,0.971066083448407,0.997608166093266,0.0,402007,95577,norm,-1,,all
903261c43d,932649de32f04664b5ed108aaff97cfb,rf,nf43,nf_cse_cic18_v2,nf_ton_v2,cross,0,0.9999114592991849,0.0,0.0,0.6078745631752364,0.0,0.5925427752960946,0.715543466120014,370222,218023,norm,-1,,all
903261c43d,4866724f3a44445a91a24c18db7b409e,rf,nf43,nf_cse_cic18_v2,nf_unsw_v2,cross,1,0.9999812860318155,0.0,0.0,0.08807084028914962,0.0,0.7402404362987749,0.4939468539569908,145170,7060,norm,-1,,all
903261c43d,4866724f3a44445a91a24c18db7b409e,rf,nf43,nf_cse_cic18_v2,nf_cse_cic18_v2,within,1,0.9999812860318155,0.0,0.952268851292675,0.9962759412359392,0.9686587845248241,0.997643723491709,0.0,402007,95577,norm,-1,,all
903261c43d,4866724f3a44445a91a24c18db7b409e,rf,nf43,nf_cse_cic18_v2,nf_ton_v2,cross,1,0.9999812860318155,0.0,0.0,0.5623070771736585,0.0,0.5104297149651454,0.8467861155460943,370222,218023,norm,-1,,all
903261c43d,348c1d21482d47ee9ceddb74065a52bd,rf,nf43,nf_cse_cic18_v2,nf_unsw_v2,cross,2,0.9999776011348692,0.0,0.0,0.06885484243498224,0.0,0.6851859430519214,0.5697994352327854,145170,7060,norm,-1,,all
903261c43d,348c1d21482d47ee9ceddb74065a52bd,rf,nf43,nf_cse_cic18_v2,nf_cse_cic18_v2,within,2,0.9999776011348692,0.0,0.9492032601985834,0.996261937804323,0.9666430980013784,0.9976242561461492,0.0,402007,95577,norm,-1,,all
903261c43d,348c1d21482d47ee9ceddb74065a52bd,rf,nf43,nf_cse_cic18_v2,nf_ton_v2,cross,2,0.9999776011348692,0.0,0.0,0.5500854781495945,0.0,0.4912180259106849,0.8294404036820215,370222,218023,norm,-1,,all
bf919596d5,c55f02c505874567af5d86b6bfe2f6d6,rf,nf43,nf_ton_v2,nf_unsw_v2,cross,0,0.92,0.0,0.0,0.04529204747399148,0.0,0.49284416668734926,0.6574252407501268,145170,7060,norm,-1,,all
bf919596d5,c55f02c505874567af5d86b6bfe2f6d6,rf,nf43,nf_ton_v2,nf_cse_cic18_v2,cross,0,0.92,0.0,0.0,0.8312906108326502,0.0,0.8910324458487442,0.48447279966060763,402007,95577,norm,-1,,all
bf919596d5,c55f02c505874567af5d86b6bfe2f6d6,rf,nf43,nf_ton_v2,nf_ton_v2,within,0,0.92,0.0038633630969980093,0.9521747705517308,0.9986503972892082,0.9405370724862633,0.9986783174307347,0.003705674807324621,370222,218023,norm,-1,,all
bf919596d5,54df22dd09d84a598ad2639ce7ef9f4e,rf,nf43,nf_ton_v2,nf_unsw_v2,cross,1,0.92,0.0,0.0,0.04419489682132275,0.0,0.47595698854815205,0.7300050684237203,145170,7060,norm,-1,,all
bf919596d5,54df22dd09d84a598ad2639ce7ef9f4e,rf,nf43,nf_ton_v2,nf_cse_cic18_v2,cross,1,0.92,0.0,0.0,0.8242972789345039,0.0,0.874602954121076,0.5912475932513135,402007,95577,norm,-1,,all
bf919596d5,54df22dd09d84a598ad2639ce7ef9f4e,rf,nf43,nf_ton_v2,nf_ton_v2,within,1,0.92,0.003909355514819414,0.9523261307293267,0.998608257826787,0.9406673347880087,0.9986508979322058,0.0037516672251460257,370222,218023,norm,-1,,all
bf919596d5,8b15a01515784a7196910f1aadadbf09,rf,nf43,nf_ton_v2,nf_unsw_v2,cross,2,0.925,0.0,0.0,0.04507223089635716,0.0,0.48446089437269585,0.6382955615089422,145170,7060,norm,-1,,all
bf919596d5,8b15a01515784a7196910f1aadadbf09,rf,nf43,nf_ton_v2,nf_cse_cic18_v2,cross,2,0.925,0.0,0.0,0.7979068369854245,0.0,0.8836413254524075,0.4597395816336521,402007,95577,norm,-1,,all
bf919596d5,8b15a01515784a7196910f1aadadbf09,rf,nf43,nf_ton_v2,nf_ton_v2,within,2,0.925,0.003666252734906274,0.9509547157868665,0.9986073104141104,0.939333579010108,0.9986499039257352,0.003666252734906274,370222,218023,norm,-1,,all
eff3a60538,80c6dd9a049b42f3bc34b31ffe214a15,xgb,nf43,nf_unsw_v2,nf_unsw_v2,within,0,0.9393087029457092,0.004503656505683875,0.9494334277620397,0.963669149713694,0.9285710124485227,0.9986991883342977,0.004547100137571501,145170,7060,norm,-1,,all
eff3a60538,80c6dd9a049b42f3bc34b31ffe214a15,xgb,nf43,nf_unsw_v2,nf_cse_cic18_v2,cross,0,0.9393087029457092,0.0030023170055151257,0.00042897349780805007,0.2275095248404393,-0.02243268780109537,0.5317475935772187,0.7667884998205137,402007,95577,norm,-1,,all
eff3a60538,80c6dd9a049b42f3bc34b31ffe214a15,xgb,nf43,nf_unsw_v2,nf_ton_v2,cross,0,0.9393087029457092,0.007950117937699985,0.01778711420354733,0.48566258367003,0.041573814403455985,0.2893972730885091,0.9972864473485371,370222,218023,norm,-1,,all
eff3a60538,f0273fc9f62d49a68c0257a51850815f,xgb,nf43,nf_unsw_v2,nf_unsw_v2,within,1,0.9393087029457092,0.004503656505683875,0.9494334277620397,0.963669149713694,0.9285710124485227,0.9986991883342977,0.004547100137571501,145170,7060,norm,-1,,all
eff3a60538,f0273fc9f62d49a68c0257a51850815f,xgb,nf43,nf_unsw_v2,nf_cse_cic18_v2,cross,1,0.9393087029457092,0.0030023170055151257,0.00042897349780805007,0.2275095248404393,-0.02243268780109537,0.5317475935772187,0.7667884998205137,402007,95577,norm,-1,,all
eff3a60538,f0273fc9f62d49a68c0257a51850815f,xgb,nf43,nf_unsw_v2,nf_ton_v2,cross,1,0.9393087029457092,0.007950117937699985,0.01778711420354733,0.48566258367003,0.041573814403455985,0.2893972730885091,0.9972864473485371,370222,218023,norm,-1,,all
eff3a60538,a00a07a8cf684e949ef0603a49bf0d93,xgb,nf43,nf_unsw_v2,nf_unsw_v2,within,2,0.9393087029457092,0.004503656505683875,0.9494334277620397,0.963669149713694,0.9285710124485227,0.9986991883342977,0.004547100137571501,145170,7060,norm,-1,,all
eff3a60538,a00a07a8cf684e949ef0603a49bf0d93,xgb,nf43,nf_unsw_v2,nf_cse_cic18_v2,cross,2,0.9393087029457092,0.0030023170055151257,0.00042897349780805007,0.2275095248404393,-0.02243268780109537,0.5317475935772187,0.7667884998205137,402007,95577,norm,-1,,all
eff3a60538,a00a07a8cf684e949ef0603a49bf0d93,xgb,nf43,nf_unsw_v2,nf_ton_v2,cross,2,0.9393087029457092,0.007950117937699985,0.01778711420354733,0.48566258367003,0.041573814403455985,0.2893972730885091,0.9972864473485371,370222,218023,norm,-1,,all
2d228393bf,005055403dc34d6f939768e1cc20a027,xgb,nf43,nf_cse_cic18_v2,nf_unsw_v2,cross,0,0.9999405145645142,0.0,0.0,0.07368728057110871,0.0,0.5511433628570895,0.9339439577148649,145170,7060,norm,-1,,all
2d228393bf,005055403dc34d6f939768e1cc20a027,xgb,nf43,nf_cse_cic18_v2,nf_cse_cic18_v2,within,0,0.9999405145645142,0.0,0.9504064785460937,0.9965538815518608,0.9674342858019428,0.9979937315996119,0.0,402007,95577,norm,-1,,all
2d228393bf,005055403dc34d6f939768e1cc20a027,xgb,nf43,nf_cse_cic18_v2,nf_ton_v2,cross,0,0.9999405145645142,0.0,0.0,0.819990408363561,0.0,0.7463419306484803,0.8654130447637632,370222,218023,norm,-1,,all
2d228393bf,cb54a108712d4f84862d9f90d4170439,xgb,nf43,nf_cse_cic18_v2,nf_unsw_v2,cross,1,0.9999405145645142,0.0,0.0,0.07368728057110871,0.0,0.5511433628570895,0.9339439577148649,145170,7060,norm,-1,,all
2d228393bf,cb54a108712d4f84862d9f90d4170439,xgb,nf43,nf_cse_cic18_v2,nf_cse_cic18_v2,within,1,0.9999405145645142,0.0,0.9504064785460937,0.9965538815518608,0.9674342858019428,0.9979937315996119,0.0,402007,95577,norm,-1,,all
2d228393bf,cb54a108712d4f84862d9f90d4170439,xgb,nf43,nf_cse_cic18_v2,nf_ton_v2,cross,1,0.9999405145645142,0.0,0.0,0.819990408363561,0.0,0.7463419306484803,0.8654130447637632,370222,218023,norm,-1,,all
2d228393bf,11ae00127cc1431fae48d5d12b322da3,xgb,nf43,nf_cse_cic18_v2,nf_unsw_v2,cross,2,0.9999405145645142,0.0,0.0,0.07368728057110871,0.0,0.5511433628570895,0.9339439577148649,145170,7060,norm,-1,,all
2d228393bf,11ae00127cc1431fae48d5d12b322da3,xgb,nf43,nf_cse_cic18_v2,nf_cse_cic18_v2,within,2,0.9999405145645142,0.0,0.9504064785460937,0.9965538815518608,0.9674342858019428,0.9979937315996119,0.0,402007,95577,norm,-1,,all
2d228393bf,11ae00127cc1431fae48d5d12b322da3,xgb,nf43,nf_cse_cic18_v2,nf_ton_v2,cross,2,0.9999405145645142,0.0,0.0,0.819990408363561,0.0,0.7463419306484803,0.8654130447637632,370222,218023,norm,-1,,all
261ce863af,1f02353709c64906ab74f8da5c865a51,xgb,nf43,nf_ton_v2,nf_unsw_v2,cross,0,0.9011344909667969,0.00041271450293244515,0.008356940509915015,0.04922762105267568,0.06047455131695773,0.42698831842172036,0.975772934617334,145170,7060,norm,-1,,all
261ce863af,1f02353709c64906ab74f8da5c865a51,xgb,nf43,nf_ton_v2,nf_cse_cic18_v2,cross,0,0.9011344909667969,0.0305126782625722,0.025204808688282745,0.39680204386077184,-0.013409328879904018,0.7456496846787533,0.7744444081845773,402007,95577,norm,-1,,all
261ce863af,1f02353709c64906ab74f8da5c865a51,xgb,nf43,nf_ton_v2,nf_ton_v2,within,0,0.9011344909667969,0.004283865202793711,0.9508721556899961,0.9992567380760778,0.938687517286841,0.9989602494171524,0.004231302439569248,370222,218023,norm,-1,,all
261ce863af,e188fe48f87a4b899a38b7a3d10422bb,xgb,nf43,nf_ton_v2,nf_unsw_v2,cross,1,0.9011344909667969,0.00041271450293244515,0.008356940509915015,0.04922762105267568,0.06047455131695773,0.42698831842172036,0.975772934617334,145170,7060,norm,-1,,all
261ce863af,e188fe48f87a4b899a38b7a3d10422bb,xgb,nf43,nf_ton_v2,nf_cse_cic18_v2,cross,1,0.9011344909667969,0.0305126782625722,0.025204808688282745,0.39680204386077184,-0.013409328879904018,0.7456496846787533,0.7744444081845773,402007,95577,norm,-1,,all
261ce863af,e188fe48f87a4b899a38b7a3d10422bb,xgb,nf43,nf_ton_v2,nf_ton_v2,within,1,0.9011344909667969,0.004283865202793711,0.9508721556899961,0.9992567380760778,0.938687517286841,0.9989602494171524,0.004231302439569248,370222,218023,norm,-1,,all
261ce863af,c9208ff615fe4f40bf6b63ee2a4e7138,xgb,nf43,nf_ton_v2,nf_unsw_v2,cross,2,0.9011344909667969,0.00041271450293244515,0.008356940509915015,0.04922762105267568,0.06047455131695773,0.42698831842172036,0.975772934617334,145170,7060,norm,-1,,all
261ce863af,c9208ff615fe4f40bf6b63ee2a4e7138,xgb,nf43,nf_ton_v2,nf_cse_cic18_v2,cross,2,0.9011344909667969,0.0305126782625722,0.025204808688282745,0.39680204386077184,-0.013409328879904018,0.7456496846787533,0.7744444081845773,402007,95577,norm,-1,,all
261ce863af,c9208ff615fe4f40bf6b63ee2a4e7138,xgb,nf43,nf_ton_v2,nf_ton_v2,within,2,0.9011344909667969,0.004283865202793711,0.9508721556899961,0.9992567380760778,0.938687517286841,0.9989602494171524,0.004231302439569248,370222,218023,norm,-1,,all
bad7207cab,48fe0f5725d7467eb7975af01d8ca4ea,mlp,nf43,nf_unsw_v2,nf_unsw_v2,within,0,0.9332571625709534,0.00720440228803128,0.9478753541076487,0.9474933565893446,0.9035448307121231,0.9980261894540277,0.007334733183694157,145170,7060,norm,-1,,all
bad7207cab,48fe0f5725d7467eb7975af01d8ca4ea,mlp,nf43,nf_unsw_v2,nf_cse_cic18_v2,cross,0,0.9332571625709534,0.2604248931240414,0.004530378647582578,0.13509290020570358,-0.272550674184846,0.07708966400935195,0.994086740854355,402007,95577,norm,-1,,all
bad7207cab,48fe0f5725d7467eb7975af01d8ca4ea,mlp,nf43,nf_unsw_v2,nf_ton_v2,cross,0,0.9332571625709534,0.10320698559123254,0.040555354251615654,0.5529961997650954,-0.12388866966028372,0.4509487191258007,0.9894545956280921,370222,218023,norm,-1,,all
bad7207cab,a4541d06ddc644ff95bd21bc6f1c4b55,mlp,nf43,nf_unsw_v2,nf_unsw_v2,within,1,0.9345871210098267,0.006965462312649337,0.9484419263456091,0.9478831175792082,0.9059336688473273,0.9980492624735836,0.007030627760480776,145170,7060,norm,-1,,all
bad7207cab,a4541d06ddc644ff95bd21bc6f1c4b55,mlp,nf43,nf_unsw_v2,nf_cse_cic18_v2,cross,1,0.9345871210098267,0.2883953920960741,0.005179070278414263,0.13226396534564497,-0.29054896504159183,0.05334030660464394,0.9998433573736253,402007,95577,norm,-1,,all
bad7207cab,a4541d06ddc644ff95bd21bc6f1c4b55,mlp,nf43,nf_unsw_v2,nf_ton_v2,cross,1,0.9345871210098267,0.06974421645345896,0.08582122069689894,0.5829414374611166,0.029290367028010158,0.45181870312833616,0.9447039730878652,370222,218023,norm,-1,,all
bad7207cab,400e63e30c344ee78823503fe501c1cd,mlp,nf43,nf_unsw_v2,nf_unsw_v2,within,2,0.9313102960586548,0.007016146549851568,0.9446175637393768,0.9479080114673377,0.9033196591093653,0.9980509710923448,0.007443342263413221,145170,7060,norm,-1,,all
bad7207cab,400e63e30c344ee78823503fe501c1cd,mlp,nf43,nf_unsw_v2,nf_cse_cic18_v2,cross,2,0.9313102960586548,0.21360506477825278,0.0037561337978802433,0.13974059817742462,-0.24143243933313568,0.11179327975340944,0.9541624514571028,402007,95577,norm,-1,,all
bad7207cab,400e63e30c344ee78823503fe501c1cd,mlp,nf43,nf_unsw_v2,nf_ton_v2,cross,2,0.9313102960586548,0.09215566462328925,0.05880572233204753,0.5772357701567862,-0.06327321822302219,0.48264008102179534,0.9707356815747804,370222,218023,norm,-1,,all
fa47116c9e,fcc3b1d8132d4807bc25840701cc7a83,mlp,nf43,nf_cse_cic18_v2,nf_unsw_v2,cross,0,0.9999997615814209,0.0,0.0,0.02500029718464475,0.0,0.03471176237358939,0.9995655636811237,145170,7060,norm,-1,,all
fa47116c9e,fcc3b1d8132d4807bc25840701cc7a83,mlp,nf43,nf_cse_cic18_v2,nf_cse_cic18_v2,within,0,0.9999997615814209,0.0,0.9538068782238405,0.9959282951105366,0.9696699175761828,0.9976033678779264,0.0,402007,95577,norm,-1,,all
fa47116c9e,fcc3b1d8132d4807bc25840701cc7a83,mlp,nf43,nf_cse_cic18_v2,nf_ton_v2,cross,0,0.9999997615814209,0.0,0.0,0.6537282474540186,0.0,0.5791262078846611,0.9303477683821838,370222,218023,norm,-1,,all
fa47116c9e,36f3bb615bd3493694ba795f9740b76f,mlp,nf43,nf_cse_cic18_v2,nf_unsw_v2,cross,1,0.9999994039535522,6.516544783143871e-05,0.0,0.02510263236053766,-0.0017802707931763608,0.029794626281182034,0.9993483455216856,145170,7060,norm,-1,,all
fa47116c9e,36f3bb615bd3493694ba795f9740b76f,mlp,nf43,nf_cse_cic18_v2,nf_cse_cic18_v2,within,1,0.9999994039535522,0.0,0.9525304204986556,0.9960523794940155,0.968830752914061,0.9977047783009115,0.0,402007,95577,norm,-1,,all
fa47116c9e,36f3bb615bd3493694ba795f9740b76f,mlp,nf43,nf_cse_cic18_v2,nf_ton_v2,cross,1,0.9999994039535522,0.0,0.0,0.7162678612088553,0.0,0.6565638384924694,0.9084882292262104,370222,218023,norm,-1,,all
fa47116c9e,cd064d3b454847a1bc040a9af8d89706,mlp,nf43,nf_cse_cic18_v2,nf_unsw_v2,cross,2,0.9999994039535522,0.0,0.0,0.025672077504709602,0.0,0.09617235040509442,0.9993845485482586,145170,7060,norm,-1,,all
fa47116c9e,cd064d3b454847a1bc040a9af8d89706,mlp,nf43,nf_cse_cic18_v2,nf_cse_cic18_v2,within,2,0.9999994039535522,0.0,0.950657584983835,0.9960054951343417,0.9675993953820026,0.9976469447801168,0.0,402007,95577,norm,-1,,all
fa47116c9e,cd064d3b454847a1bc040a9af8d89706,mlp,nf43,nf_cse_cic18_v2,nf_ton_v2,cross,2,0.9999994039535522,0.0,0.0,0.712312420805804,0.0,0.6594725159491679,0.9759591061702114,370222,218023,norm,-1,,all
2c6d71d073,ce947cb08d1342f0a96987f908a5c444,mlp,nf43,nf_ton_v2,nf_unsw_v2,cross,0,0.6283677816390991,0.27636666425313156,0.013172804532577903,0.030855423156242706,-0.12849958645787873,0.28366061877843807,0.9835710665411629,145170,7060,norm,-1,,all
2c6d71d073,ce947cb08d1342f0a96987f908a5c444,mlp,nf43,nf_ton_v2,nf_cse_cic18_v2,cross,0,0.6283677816390991,0.04374245341513559,0.3941847934126411,0.5610234381203761,0.4479491385192548,0.8461183261799334,0.5510981300786476,402007,95577,norm,-1,,all
2c6d71d073,ce947cb08d1342f0a96987f908a5c444,mlp,nf43,nf_ton_v2,nf_ton_v2,within,0,0.6283677816390991,0.01893573545161269,0.9508905023781895,0.9978192240003068,0.9256462338822462,0.9969124488126593,0.018712343707908724,370222,218023,norm,-1,,all
2c6d71d073,d61ed0410cdb4d2b863f45c83ebaae7e,mlp,nf43,nf_ton_v2,nf_unsw_v2,cross,1,0.6407955884933472,0.31805806965462313,0.06175637393767705,0.027234688757386185,-0.11967697241918362,0.1790691145519142,0.998298457751068,145170,7060,norm,-1,,all
2c6d71d073,d61ed0410cdb4d2b863f45c83ebaae7e,mlp,nf43,nf_ton_v2,nf_cse_cic18_v2,cross,1,0.6407955884933472,0.04437881408478282,0.00614164495642257,0.5042118667850134,-0.08822312380569,0.7961815055869959,0.6215253075743237,402007,95577,norm,-1,,all
2c6d71d073,d61ed0410cdb4d2b863f45c83ebaae7e,mlp,nf43,nf_ton_v2,nf_ton_v2,within,1,0.6407955884933472,0.01927082306716864,0.950656582103723,0.9977966306435019,0.9250810776867524,0.9968785088438401,0.018771476816536244,370222,218023,norm,-1,,all
2c6d71d073,17de6283b3bb45e4abf0da4b3ee48e50,mlp,nf43,nf_ton_v2,nf_unsw_v2,cross,2,0.6351393461227417,0.3038592426326841,0.12308781869688386,0.031487066684385695,-0.08525762089983809,0.26907462756521006,0.9960973137354283,145170,7060,norm,-1,,all
2c6d71d073,17de6283b3bb45e4abf0da4b3ee48e50,mlp,nf43,nf_ton_v2,nf_cse_cic18_v2,cross,2,0.6351393461227417,0.059243546650132164,0.2761438421377528,0.4646154749629548,0.29415722852810827,0.7906283412205304,0.5679861632346702,402007,95577,norm,-1,,all
2c6d71d073,17de6283b3bb45e4abf0da4b3ee48e50,mlp,nf43,nf_ton_v2,nf_ton_v2,within,2,0.6351393461227417,0.01906057201427079,0.950821702297464,0.9978234531071727,0.9254566691195415,0.9969269504913151,0.01872548439871484,370222,218023,norm,-1,,all
