adapter,labels_used,compute_s,threshold_source,tgt_fpr_at_thr,tgt_dr_at_thr,tgt_pr_auc,tgt_mcc_at_thr,tgt_oracle_fpr_at_dr,src_fpr_at_thr,src_dr_at_thr,src_pr_auc,src_mcc_at_thr,src_oracle_fpr_at_dr,meta,part,model,track,source,target,seed,run_id
none,0,0.0,frozen source threshold,0.0008154975646176272,0.0006462274166597428,0.27692837688911204,-0.00287592703015321,0.8387759092686742,0.0013284904153648565,0.8436055195959883,0.9960866686490227,0.8997087250121015,0.0027968219270839085,,mlp,mlp,cic77,lycos17,lycos18,0,5a57d8afe955415faf32c90f0a79ad34
scaling,0,0.33558225631713867,frozen source threshold,0.0007688342162335122,0.003160359794807409,0.8418507090456144,0.02850940461583823,0.2071223083395551,0.003702109024534752,0.9063055693861584,0.985597534121967,0.9316121833574036,0.004640516381648432,{},mlp,mlp,cic77,lycos17,lycos18,0,5a57d8afe955415faf32c90f0a79ad34
adabn,0,0.18842148780822754,frozen source threshold,0.005600342494163378,0.5006800774241991,0.6911160023658158,0.6224642184789423,0.8798759495621052,0.021881451550580158,0.8715413614055054,0.9527168969687028,0.8574681790923941,0.03677452831230197,{},mlp,mlp,cic77,lycos17,lycos18,0,5a57d8afe955415faf32c90f0a79ad34
tent,0,0.5219686031341553,frozen source threshold,0.004669297590689847,0.48899720891301474,0.7054463081781199,0.6155717989255874,0.8196565281283701,0.01916927028707905,0.818248097304218,0.9474778263643868,0.8296433725030637,0.04803541659766612,"{""tent_steps"": 49, ""tent_guard_stop"": false, ""tent_source_attack_rate"": 0.26534000039100647}",mlp,mlp,cic77,lycos17,lycos18,0,5a57d8afe955415faf32c90f0a79ad34
coral(lam=0.1),0,1.9758436679840088,source validation (re-picked after adaptation),0.0011606582050461597,0.4049491788295898,0.6940019794012097,0.5580379116536113,0.9546869259667461,0.009336233196068256,0.8654420655807668,0.9819838346085944,0.8889789470506441,0.011695131689832449,{},mlp,mlp,cic77,lycos17,lycos18,0,5a57d8afe955415faf32c90f0a79ad34
coral(lam=1.0),0,2.015484571456909,source validation (re-picked after adaptation),0.0023494625567367063,0.4293919615463914,0.7016927397694684,0.5744984461632169,0.9129195257226153,0.009947117985405006,0.8914040827939398,0.9823106438562533,0.9037671082566157,0.012710819652826078,{},mlp,mlp,cic77,lycos17,lycos18,0,5a57d8afe955415faf32c90f0a79ad34
coral(lam=10.0),0,2.2331368923187256,source validation (re-picked after adaptation),0.0035441924129839654,0.502414120992236,0.693101995270769,0.6284778309722832,0.9178939867979758,0.012236095930992098,0.8925243616188918,0.9809921227632586,0.8978923412995993,0.01536044042585294,{},mlp,mlp,cic77,lycos17,lycos18,0,5a57d8afe955415faf32c90f0a79ad34
dann,0,1.810718059539795,source validation (re-picked after adaptation),0.010237790497860893,0.5346070167988356,0.8833914777021387,0.6383746464396829,0.1519047534397554,0.01277706017215175,0.8732306707447187,0.9590605199733475,0.8839458528389721,0.015128598608213088,{},mlp,mlp,cic77,lycos17,lycos18,0,5a57d8afe955415faf32c90f0a79ad34
"fewshot(budget=50,rule=random)",50,0.06525802612304688,re-picked on the 50-flow labelled budget (12 attacks),0.47285600431376734,0.9894941885691602,0.38712614656595223,0.5043375554724114,0.45018206112750503,0.0914560770156438,0.9965146881001493,0.9942478050595628,0.7913814065915521,0.0031169844371579875,"{""budget_attacks"": 12}",mlp,mlp,cic77,lycos17,lycos18,0,5a57d8afe955415faf32c90f0a79ad34
"fewshot(budget=200,rule=random)",200,0.04617786407470703,re-picked on the 200-flow labelled budget (60 attacks),0.4665090482454581,0.9447029354111084,0.6054732409566302,0.461870803367455,0.4676941491568007,0.12148511244328156,0.9983996016786401,0.9937538062635618,0.7428957703725406,0.0031169844371579875,"{""budget_attacks"": 60}",mlp,mlp,cic77,lycos17,lycos18,0,5a57d8afe955415faf32c90f0a79ad34
"fewshot(budget=1000,rule=random)",1000,0.04666280746459961,re-picked on the 1000-flow labelled budget (317 attacks),0.5325310200163544,0.948909568166222,0.7009857060882614,0.41405405252591976,0.5327532264372311,0.1467632306237281,0.9935272779002774,0.9730117045187684,0.7019691144249809,0.048304058703820235,"{""budget_attacks"": 317}",mlp,mlp,cic77,lycos17,lycos18,0,5a57d8afe955415faf32c90f0a79ad34
"fewshot(budget=200,rule=uncertainty)",200,0.24294495582580566,re-picked on the 200-flow labelled budget (8 attacks),1.1851009113426008e-05,0.002332573246800405,0.29309017528080394,0.039287742276487285,0.8342147521361444,0.002944023081140956,0.7884806885269222,0.9930963966133063,0.859405641105901,0.003113304408306561,"{""budget_attacks"": 8}",mlp,mlp,cic77,lycos17,lycos18,0,5a57d8afe955415faf32c90f0a79ad34
"fewshot(budget=200,rule=drift)",200,0.4015467166900635,frozen source threshold (too few attacks in the budget),0.0008154975646176272,0.0006462274166597428,0.277567063294764,-0.00287592703015321,0.8376359903295766,0.0013284904153648565,0.8436055195959883,0.9960882649772503,0.8997087250121015,0.0027968219270839085,"{""budget_attacks"": 0}",mlp,mlp,cic77,lycos17,lycos18,0,5a57d8afe955415faf32c90f0a79ad34
none,0,0.0,frozen source threshold,0.004042675483817447,0.000633918323009081,0.468578420296509,-0.029512918889865663,0.5181520425214207,0.0014940917136790353,0.8393733551461697,0.991809552346591,0.8965146444949851,0.002999223513912349,,mlp,mlp,cic77,lycos17,lycos18,1,9a21b68eeb634f35ab2b9abf33fe47d3
scaling,0,0.36043262481689453,frozen source threshold,0.00260055581232742,0.0020879300104935023,0.7810372848475847,-0.004872493248720408,0.1805797513658288,0.0034813072934491806,0.8935912938331319,0.9858315882459437,0.9243476580735657,0.004872358199288282,{},mlp,mlp,cic77,lycos17,lycos18,1,9a21b68eeb634f35ab2b9abf33fe47d3
adabn,0,0.18007302284240723,frozen source threshold,0.012492444981690191,0.04224788668248385,0.46919034445700325,0.09466955013503471,0.7255017420983396,0.011474329958746877,0.9953232804609147,0.9817226441728999,0.9648693065830283,0.0035181075819634426,{},mlp,mlp,cic77,lycos17,lycos18,1,9a21b68eeb634f35ab2b9abf33fe47d3
tent,0,0.32862067222595215,frozen source threshold,0.0019672675128287174,0.0006154546825330884,0.37756989962334864,-0.016209470732296758,0.47879187850345456,0.0014977717425304613,0.8266768617967138,0.9928089681597682,0.8884832781170191,0.003028663744723759,"{""tent_steps"": 2, ""tent_guard_stop"": true, ""tent_source_attack_rate"": 0.2662299871444702}",mlp,mlp,cic77,lycos17,lycos18,1,9a21b68eeb634f35ab2b9abf33fe47d3
coral(lam=0.1),0,1.9812517166137695,source validation (re-picked after adaptation),0.01228208956992688,0.0029603370229841553,0.33718075064393616,-0.04559915347095825,0.9833619238928195,0.006708692596149954,0.8981968845579344,0.9806638461467994,0.9175608957050748,0.014260111799276507,{},mlp,mlp,cic77,lycos17,lycos18,1,9a21b68eeb634f35ab2b9abf33fe47d3
coral(lam=1.0),0,2.2568044662475586,source validation (re-picked after adaptation),0.001232504947796305,0.002955721112865157,0.33736042110294284,0.01908014433915045,0.9488266019601569,0.002829942186746744,0.8910662209260971,0.9909658853436718,0.9247562224473872,0.002991863456209497,{},mlp,mlp,cic77,lycos17,lycos18,1,9a21b68eeb634f35ab2b9abf33fe47d3
coral(lam=10.0),0,2.266720771789551,source validation (re-picked after adaptation),0.001226579443239592,0.002292568692435754,0.3405979119584597,0.012598307306184395,0.958168159893815,0.0028041819847867606,0.87593356568746,0.9919728263676701,0.9153751466737252,0.002991863456209497,{},mlp,mlp,cic77,lycos17,lycos18,1,9a21b68eeb634f35ab2b9abf33fe47d3
dann,0,1.946446418762207,source validation (re-picked after adaptation),0.26106365769545276,0.0029080233749688425,0.2734389869486412,-0.3166704575108023,0.953136665837096,0.3824727585864273,0.9164236432178675,0.6724383363573812,0.40305244512609706,0.4636468349911863,{},mlp,mlp,cic77,lycos17,lycos18,1,9a21b68eeb634f35ab2b9abf33fe47d3
"fewshot(budget=50,rule=random)",50,0.050519704818725586,re-picked on the 50-flow labelled budget (16 attacks),0.0906298515068558,0.8766936543544958,0.8253765645902956,0.7739093340880068,0.09253267915763028,0.06943110433985802,0.9982217796429333,0.9901012834595321,0.8335384118553546,0.0029513831388438085,"{""budget_attacks"": 16}",mlp,mlp,cic77,lycos17,lycos18,1,9a21b68eeb634f35ab2b9abf33fe47d3
"fewshot(budget=200,rule=random)",200,0.04782605171203613,re-picked on the 200-flow labelled budget (64 attacks),0.08384959291783696,0.9085788228198287,0.9044875877682427,0.8088602096410743,0.0852294947914815,0.11485370045301155,0.9783234938473576,0.9611972475777047,0.7393115005533042,0.0673187677791394,"{""budget_attacks"": 64}",mlp,mlp,cic77,lycos17,lycos18,1,9a21b68eeb634f35ab2b9abf33fe47d3
"fewshot(budget=1000,rule=random)",1000,0.04857778549194336,re-picked on the 1000-flow labelled budget (322 attacks),0.09128239769616382,0.9425288417450602,0.9075075831166916,0.8267539929099208,0.09196383072018582,0.11770572281286686,0.9260615975531687,0.9243908861410767,0.6978578252928432,0.13362552762413657,"{""budget_attacks"": 322}",mlp,mlp,cic77,lycos17,lycos18,1,9a21b68eeb634f35ab2b9abf33fe47d3
"fewshot(budget=200,rule=uncertainty)",200,0.22890925407409668,frozen source threshold (too few attacks in the budget),0.0,0.0,0.45464164764749704,0.0,0.6882429101337979,0.0,0.0,0.9833290966703878,0.0,0.003164824812226528,"{""budget_attacks"": 3}",mlp,mlp,cic77,lycos17,lycos18,1,9a21b68eeb634f35ab2b9abf33fe47d3
"fewshot(budget=200,rule=drift)",200,0.37795472145080566,frozen source threshold (too few attacks in the budget),0.004039712731539091,0.0006323796863027483,0.43729438791510244,-0.029513124106882654,0.6565481269480096,0.0014940917136790353,0.8392133153140338,0.9918176665235469,0.8964137514748775,0.002999223513912349,"{""budget_attacks"": 0}",mlp,mlp,cic77,lycos17,lycos18,1,9a21b68eeb634f35ab2b9abf33fe47d3
none,0,0.0,frozen source threshold,0.0007236522439885756,0.0005923751319380976,0.2914177231897772,-0.002356922382869892,0.9801606700560552,0.0014609714540161996,0.8544526637740949,0.9961172765123767,0.9061042051467295,0.002980823369655218,,mlp,mlp,cic77,lycos17,lycos18,2,f57edd5391f54d999dc607b35c9579ef
scaling,0,0.3501913547515869,frozen source threshold,0.0002851649067918133,0.0014417025938337595,0.8282269784606179,0.021075822694344087,0.19470837629324136,0.0034960274088548854,0.8595561561988762,0.9893792113705755,0.9029391312245109,0.0048502780261797255,{},mlp,mlp,cic77,lycos17,lycos18,2,f57edd5391f54d999dc607b35c9579ef
adabn,0,0.17718100547790527,frozen source threshold,0.00615808061056399,0.4416210460883239,0.7057900469865397,0.5748912822183889,0.8420497505362582,0.009803596860199383,0.9382957536097873,0.9707570184019894,0.9338344329798326,0.012085214748083625,{},mlp,mlp,cic77,lycos17,lycos18,2,f57edd5391f54d999dc607b35c9579ef
tent,0,0.41629648208618164,frozen source threshold,0.0037264016781028905,0.4041490877422968,0.727958001612727,0.5508024089803936,0.7874188205875731,0.008379425694697447,0.937673376484814,0.9735056072874618,0.9374935741591061,0.012357536883089163,"{""tent_steps"": 49, ""tent_guard_stop"": false, ""tent_source_attack_rate"": 0.26553499698638916}",mlp,mlp,cic77,lycos17,lycos18,2,f57edd5391f54d999dc607b35c9579ef
coral(lam=0.1),0,1.862539529800415,source validation (re-picked after adaptation),0.0008777153624631137,0.010704295565956739,0.6784280678382351,0.07228023393254279,0.9672149239757766,0.004073791938528798,0.8468952272565616,0.9871090843964966,0.8931343309575357,0.009262632619039732,{},mlp,mlp,cic77,lycos17,lycos18,2,f57edd5391f54d999dc607b35c9579ef
coral(lam=1.0),0,1.9868628978729248,source validation (re-picked after adaptation),0.0011495478840023228,0.05900825632456618,0.6829991098267048,0.19379341788408827,0.9644188265130776,0.005085799872671002,0.8786720250373427,0.9862290578157109,0.910117606568453,0.009656395706142335,{},mlp,mlp,cic77,lycos17,lycos18,2,f57edd5391f54d999dc607b35c9579ef
coral(lam=10.0),0,2.153218984603882,source validation (re-picked after adaptation),0.001511003661961816,0.3153143588654708,0.7038652709661953,0.48252608213564063,0.9736085433924698,0.007279097068121014,0.8629169926737321,0.9837191096541964,0.8935070235047152,0.012633539046946128,{},mlp,mlp,cic77,lycos17,lycos18,2,f57edd5391f54d999dc607b35c9579ef
dann,0,1.87501859664917,source validation (re-picked after adaptation),0.0069950581291997015,0.5059591399636266,0.743257676060969,0.623395417316058,0.53735215866131,0.01191593342091802,0.8565865282025749,0.9784997135388924,0.8756923845049135,0.019423192277827458,{},mlp,mlp,cic77,lycos17,lycos18,2,f57edd5391f54d999dc607b35c9579ef
"fewshot(budget=50,rule=random)",50,0.044750213623046875,re-picked on the 50-flow labelled budget (16 attacks),0.06581235704720256,0.8416727442816567,0.922177840574102,0.7803345772575272,0.1095862812718503,0.08581827281525888,0.9498008393200086,0.9746493456344973,0.7692209384086114,0.08774292790455478,"{""budget_attacks"": 16}",mlp,mlp,cic77,lycos17,lycos18,2,f57edd5391f54d999dc607b35c9579ef
"fewshot(budget=200,rule=random)",200,0.05059218406677246,re-picked on the 200-flow labelled budget (61 attacks),0.09875149618990058,0.9460600129860938,0.9206703017607503,0.8201183478622073,0.09901592183074388,0.08426898066880845,0.9494096308414539,0.9602631513629133,0.7718049675834237,0.08448610237104259,"{""budget_attacks"": 61}",mlp,mlp,cic77,lycos17,lycos18,2,f57edd5391f54d999dc607b35c9579ef
"fewshot(budget=1000,rule=random)",1000,0.04801034927368164,re-picked on the 1000-flow labelled budget (334 attacks),0.09840115073298492,0.9376529020226918,0.9149224906284312,0.8136352452728931,0.10032693971391664,0.08224864482937547,0.9460132299594566,0.946338727321494,0.7732061448046086,0.09827885050618797,"{""budget_attacks"": 334}",mlp,mlp,cic77,lycos17,lycos18,2,f57edd5391f54d999dc607b35c9579ef
"fewshot(budget=200,rule=uncertainty)",200,0.23588013648986816,re-picked on the 200-flow labelled budget (10 attacks),0.0008177196288263946,0.004420503257293908,0.32481788194400624,0.03787821474457258,0.9701858238228985,0.0031427446391179706,0.9002062735614197,0.9952241260600059,0.9295019941318148,0.003150104696820823,"{""budget_attacks"": 10}",mlp,mlp,cic77,lycos17,lycos18,2,f57edd5391f54d999dc607b35c9579ef
"fewshot(budget=200,rule=drift)",200,0.3803391456604004,frozen source threshold (too few attacks in the budget),0.0007236522439885756,0.0005923751319380976,0.33243101719299084,-0.002356922382869892,0.969665860798047,0.0014609714540161996,0.8542214951276762,0.9961111290498522,0.905959134333697,0.002980823369655218,"{""budget_attacks"": 0}",mlp,mlp,cic77,lycos17,lycos18,2,f57edd5391f54d999dc607b35c9579ef
none,0,0.0,frozen source threshold,0.015073398175441696,0.4394693790454513,0.6770781641368862,0.5651025834640327,0.39005361802036526,0.00018665339353645964,0.9502897252918024,0.9998843070716781,0.9630715316058643,0.00018443132932769224,,mlp,mlp,cic77,lycos18,lycos17,0,8419dfb5010247f8bb23fc8aca5c997f
scaling,0,0.35271191596984863,frozen source threshold,0.010153199601084873,0.4358240273134647,0.7194980061409351,0.5811102286000501,0.5256479610800149,0.00011406596271672534,0.6597781901324151,0.9949520844447685,0.7527169884936988,0.01443230703594411,{},mlp,mlp,cic77,lycos18,lycos17,0,8419dfb5010247f8bb23fc8aca5c997f
adabn,0,0.1884772777557373,frozen source threshold,0.03432730912610355,0.5087310619531973,0.6689517940464732,0.559077828272802,0.5335747432259869,0.0008266078856614641,0.9786652634299905,0.9998742291746655,0.982943117042053,0.00019183821002358351,{},mlp,mlp,cic77,lycos18,lycos17,0,8419dfb5010247f8bb23fc8aca5c997f
tent,0,0.36551880836486816,frozen source threshold,0.017432296669205885,0.4554377978519098,0.6872345472117329,0.569711514398344,0.3462943949480564,0.00018813476967563788,0.9510405800044928,0.9998838487205434,0.9636200052081728,0.00018369064125810312,"{""tent_steps"": 1, ""tent_guard_stop"": true, ""tent_source_attack_rate"": 0.3059999942779541}",mlp,mlp,cic77,lycos18,lycos17,0,8419dfb5010247f8bb23fc8aca5c997f
coral(lam=0.1),0,3.693143367767334,source validation (re-picked after adaptation),0.036174683609519497,0.5602105412902767,0.6670531636395238,0.5951428862037992,0.3381762513018102,0.00018813476967563788,0.9503435775765241,0.9998826286374178,0.9631086724043233,0.00018813476967563788,{},mlp,mlp,cic77,lycos18,lycos17,0,8419dfb5010247f8bb23fc8aca5c997f
coral(lam=1.0),0,3.8053102493286133,source validation (re-picked after adaptation),0.11204583843937337,0.5664165303364392,0.6100832717721302,0.43659039456711596,0.4771856611355833,0.00019035683388440524,0.9503774275840634,0.9998779954611233,0.9631299588733578,0.00018665339353645964,{},mlp,mlp,cic77,lycos18,lycos17,0,8419dfb5010247f8bb23fc8aca5c997f
coral(lam=10.0),0,3.73600697517395,source validation (re-picked after adaptation),0.057820613313608375,0.6189273774806174,0.6444064927542754,0.5858787569235453,0.6436554462586986,0.0001859127054668705,0.9502620298310884,0.9998751102846849,0.9630523970838194,0.0001851720173972814,{},mlp,mlp,cic77,lycos18,lycos17,0,8419dfb5010247f8bb23fc8aca5c997f
dann,0,3.464111328125,source validation (re-picked after adaptation),0.024784994314355425,0.42094032292481687,0.6275380403752921,0.5148357075052559,0.5128157004750917,0.00019628233844111827,0.9504697457864434,0.9998467493728849,0.9631882294839639,0.00019257889809317264,{},mlp,mlp,cic77,lycos18,lycos17,0,8419dfb5010247f8bb23fc8aca5c997f
"fewshot(budget=50,rule=random)",50,0.0500185489654541,re-picked on the 50-flow labelled budget (13 attacks),0.03795581757360978,0.8109751760438153,0.7999620376100715,0.7747500773266551,0.519310951397859,0.002407236226164658,0.9999523022621036,0.9998484844433217,0.9962722508005214,0.00018739408160604876,"{""budget_attacks"": 13}",mlp,mlp,cic77,lycos18,lycos17,0,8419dfb5010247f8bb23fc8aca5c997f
"fewshot(budget=200,rule=random)",200,0.0463101863861084,re-picked on the 200-flow labelled budget (44 attacks),0.06816517441496742,0.8570844299025535,0.8333794975719117,0.7386703159086525,0.2760389641454789,0.010579247697941479,0.999990768179762,0.9998278403422277,0.9839363814928367,0.0002666477050520852,"{""budget_attacks"": 44}",mlp,mlp,cic77,lycos18,lycos17,0,8419dfb5010247f8bb23fc8aca5c997f
"fewshot(budget=1000,rule=random)",1000,0.05318617820739746,re-picked on the 1000-flow labelled budget (229 attacks),0.07795037113090966,0.9328010527064514,0.873093673626016,0.7721749518957115,0.07800189153482963,0.017561714129958165,0.9999923068164683,0.9998481205655232,0.9735748424748052,0.00035478958533319114,"{""budget_attacks"": 229}",mlp,mlp,cic77,lycos18,lycos17,0,8419dfb5010247f8bb23fc8aca5c997f
"fewshot(budget=200,rule=uncertainty)",200,0.23882651329040527,re-picked on the 200-flow labelled budget (127 attacks),0.012589378700729013,0.4632264030158617,0.7039543998167594,0.5939329381992713,0.6296713366232791,0.0016517343951837498,0.9711844117638008,0.9998067756724336,0.9761315470972937,0.0004444128417534753,"{""budget_attacks"": 127}",mlp,mlp,cic77,lycos18,lycos17,0,8419dfb5010247f8bb23fc8aca5c997f
"fewshot(budget=200,rule=drift)",200,0.4184544086456299,frozen source threshold (too few attacks in the budget),0.013895788942985312,0.42390995092111816,0.6805653970804189,0.5565296810774635,0.3319238822832371,0.00018443132932769224,0.9499266070291079,0.9998845238866106,0.9628087165613675,0.00018443132932769224,"{""budget_attacks"": 0}",mlp,mlp,cic77,lycos18,lycos17,0,8419dfb5010247f8bb23fc8aca5c997f
none,0,0.0,frozen source threshold,0.014532433934282045,0.6434668184081371,0.8593455651894615,0.7233545876719375,0.14257535779080507,0.00018146857704933576,0.9502004843628351,0.9998922653912087,0.9630143411967376,0.0001799872009101575,,mlp,mlp,cic77,lycos18,lycos17,1,aa25933a4b1044d2b38a2e806f68f606
scaling,0,0.33562493324279785,frozen source threshold,0.008441986185171692,0.5136389501387012,0.8507392601480193,0.649207729326334,0.5241980297125529,7.406880695891255e-07,0.6270821601228448,0.9986264455547754,0.7291362506957805,0.001676177101480191,{},mlp,mlp,cic77,lycos18,lycos17,1,aa25933a4b1044d2b38a2e806f68f606
adabn,0,0.17877960205078125,frozen source threshold,0.02634900657621156,0.6869976527491287,0.8146128631179234,0.7184317445507561,0.4306001759053791,0.0002503525675211244,0.9159288903659801,0.9997458589921207,0.9378343170213109,0.0009747454995792891,{},mlp,mlp,cic77,lycos18,lycos17,1,aa25933a4b1044d2b38a2e806f68f606
tent,0,0.45550537109375,frozen source threshold,0.021620169502128896,0.7216373853047869,0.8532559063589819,0.7566816427425548,0.41175106812837414,0.000802905867434612,0.9620279847244148,0.9998252739741581,0.9707175777185096,0.0005384802265912943,"{""tent_steps"": 49, ""tent_guard_stop"": false, ""tent_source_attack_rate"": 0.3073749840259552}",mlp,mlp,cic77,lycos18,lycos17,1,aa25933a4b1044d2b38a2e806f68f606
coral(lam=0.1),0,3.5211873054504395,source validation (re-picked after adaptation),0.11744076073556417,0.7265274912867202,0.7795068280292226,0.5525119331603342,0.2936552622572561,0.00018739408160604876,0.9502204866400175,0.9998797297846431,0.9630195592398814,0.0001851720173972814,{},mlp,mlp,cic77,lycos18,lycos17,1,aa25933a4b1044d2b38a2e806f68f606
coral(lam=1.0),0,3.639497995376587,source validation (re-picked after adaptation),0.1590986873337087,0.7467102923394267,0.7389714961537991,0.5050223848972095,0.2689291484045235,0.00018961614581481612,0.9502312570969618,0.9998770388246431,0.9630239145743545,0.00018961614581481612,{},mlp,mlp,cic77,lycos18,lycos17,1,aa25933a4b1044d2b38a2e806f68f606
coral(lam=10.0),0,3.660257577896118,source validation (re-picked after adaptation),0.17194566805403755,0.753040756810584,0.6975241738181831,0.49243534637529335,0.2824201341738519,0.00018443132932769224,0.9502651071045012,0.9998720020493792,0.9630570179960802,0.00018443132932769224,{},mlp,mlp,cic77,lycos18,lycos17,1,aa25933a4b1044d2b38a2e806f68f606
dann,0,3.468834161758423,source validation (re-picked after adaptation),0.15765611602394963,0.7184188064584963,0.7758802452902702,0.4856741229880767,0.2763149663093359,0.00019998577878906388,0.9505543708052917,0.9998627625234341,0.9632444032321338,0.00019628233844111827,{},mlp,mlp,cic77,lycos18,lycos17,1,aa25933a4b1044d2b38a2e806f68f606
"fewshot(budget=50,rule=random)",50,0.046549081802368164,re-picked on the 50-flow labelled budget (10 attacks),0.019007349017616297,0.7633010882708585,0.8604959478365187,0.7930677989301175,0.4662964557642132,0.0017658003579004752,0.9999830749962303,0.9998956343524513,0.9972767304189291,0.0001799872009101575,"{""budget_attacks"": 10}",mlp,mlp,cic77,lycos18,lycos17,1,aa25933a4b1044d2b38a2e806f68f606
"fewshot(budget=200,rule=random)",200,0.044460296630859375,re-picked on the 200-flow labelled budget (54 attacks),0.025281798209297962,0.9396649832847287,0.8814022083067041,0.8930945206563973,0.06040031353845814,0.0026412936561548217,0.9999876909063493,0.9998793199488605,0.9959407851250092,0.00018220926511892488,"{""budget_attacks"": 54}",mlp,mlp,cic77,lycos18,lycos17,1,aa25933a4b1044d2b38a2e806f68f606
"fewshot(budget=1000,rule=random)",1000,0.05270862579345703,re-picked on the 1000-flow labelled budget (232 attacks),0.06257521058965103,0.9475424994665339,0.8928922621551361,0.8128663804521438,0.06673364319176263,0.002999045993766369,0.9999923068164683,0.9998805400878363,0.9953977887698479,0.00017850582477097924,"{""budget_attacks"": 232}",mlp,mlp,cic77,lycos18,lycos17,1,aa25933a4b1044d2b38a2e806f68f606
"fewshot(budget=200,rule=uncertainty)",200,0.2350914478302002,re-picked on the 200-flow labelled budget (166 attacks),0.012802820374111732,0.7281990184223629,0.8715824929240047,0.7879172442168052,0.4060286232644064,0.0017406169635344449,0.9999338386216277,0.9998877633931939,0.9972787364282761,0.00018220926511892488,"{""budget_attacks"": 166}",mlp,mlp,cic77,lycos18,lycos17,1,aa25933a4b1044d2b38a2e806f68f606
"fewshot(budget=200,rule=drift)",200,0.40190672874450684,frozen source threshold (too few attacks in the budget),0.019474712681747424,0.6836545984778434,0.8305403323576492,0.7363750766965391,0.4950154009207432,0.00019628233844111827,0.9548871717703247,0.9998915239564561,0.9664301317511926,0.00018146857704933576,"{""budget_attacks"": 1}",mlp,mlp,cic77,lycos18,lycos17,1,aa25933a4b1044d2b38a2e806f68f606
none,0,0.0,frozen source threshold,0.012754979999043193,0.2789672096166157,0.7182479705117862,0.42788578069701255,0.3467286383525247,0.00018443132932769224,0.9503389616664051,0.9998921274001586,0.9631111948502549,0.000182949953188514,,mlp,mlp,cic77,lycos18,lycos17,2,eede13f1150c42648666de16cba525dd
scaling,0,0.34231090545654297,frozen source threshold,0.005634124171533505,0.2998257344050075,0.7537028425948332,0.48195917709558234,0.6330054427626712,1.481376139178251e-06,0.5873761012792226,0.9984466371503937,0.7000239053233206,0.0018509794859032248,{},mlp,mlp,cic77,lycos18,lycos17,2,eede13f1150c42648666de16cba525dd
adabn,0,0.1865830421447754,frozen source threshold,0.036660447417907756,0.6199231808805747,0.7041837392300965,0.6400044701953359,0.7894471492656503,0.0002473898152427679,0.9642682397688352,0.9998820325675817,0.973242862417429,0.00019628233844111827,{},mlp,mlp,cic77,lycos18,lycos17,2,eede13f1150c42648666de16cba525dd
tent,0,0.3721272945404053,frozen source threshold,0.013759627875482544,0.3073298243118287,0.7264960086999107,0.4517748190450914,0.3560611915197415,0.000177024448631801,0.9501912525425972,0.9998924002565611,0.9630146604125409,0.00017554307249262275,"{""tent_steps"": 1, ""tent_guard_stop"": true, ""tent_source_attack_rate"": 0.3068549931049347}",mlp,mlp,cic77,lycos18,lycos17,2,eede13f1150c42648666de16cba525dd
coral(lam=0.1),0,3.448023796081543,source validation (re-picked after adaptation),0.09672955835973754,0.6837079450885554,0.7304771424463723,0.5558560945397649,0.6918859043854904,0.00018813476967563788,0.9503697344005317,0.9998764956132611,0.9631278603418325,0.00018739408160604876,{},mlp,mlp,cic77,lycos18,lycos17,2,eede13f1150c42648666de16cba525dd
coral(lam=1.0),0,3.59476900100708,source validation (re-picked after adaptation),0.1491258091463437,0.6783555018137848,0.6698346004105218,0.46714917395890154,0.8948873359167135,0.0001910975219539944,0.9503004957487468,0.9998769635723277,0.9630723420119636,0.00018961614581481612,{},mlp,mlp,cic77,lycos18,lycos17,2,eede13f1150c42648666de16cba525dd
coral(lam=10.0),0,3.4361913204193115,source validation (re-picked after adaptation),0.1505131800233314,0.6840813713635394,0.6726272603490547,0.4695589878806958,0.9162903837166083,0.00018961614581481612,0.9503466548499367,0.9998764025562059,0.9631085664168726,0.00018961614581481612,{},mlp,mlp,cic77,lycos18,lycos17,2,eede13f1150c42648666de16cba525dd
dann,0,3.4240353107452393,source validation (re-picked after adaptation),0.008931430022411375,0.4341702823813927,0.7854359942736346,0.584685062952245,0.5160246856335353,0.00019406027423235088,0.9504405116890231,0.9998295677134472,0.9631703282575899,0.0001910975219539944,{},mlp,mlp,cic77,lycos18,lycos17,2,eede13f1150c42648666de16cba525dd
"fewshot(budget=50,rule=random)",50,0.04859423637390137,re-picked on the 50-flow labelled budget (11 attacks),0.034066027077652286,0.7904545131232662,0.7958538057625767,0.7704040773008775,0.273242142218395,0.0018724594399213094,0.9999892295430557,0.9998921827592401,0.9971179659355227,0.00020813334755454427,"{""budget_attacks"": 11}",mlp,mlp,cic77,lycos18,lycos17,2,eede13f1150c42648666de16cba525dd
"fewshot(budget=200,rule=random)",200,0.04867696762084961,re-picked on the 200-flow labelled budget (47 attacks),0.04629476295094154,0.8002169428835622,0.8053604321141615,0.7469157183925751,0.2524058188616199,0.0019220855405837807,0.999990768179762,0.9998885352136351,0.9970431280519553,0.00026590701698249604,"{""budget_attacks"": 47}",mlp,mlp,cic77,lycos18,lycos17,2,eede13f1150c42648666de16cba525dd
"fewshot(budget=1000,rule=random)",1000,0.05346846580505371,re-picked on the 1000-flow labelled budget (230 attacks),0.09756860493786271,0.8655487588021907,0.8043909995305959,0.6886232476449181,0.2594015537081811,0.0024146431068605492,1.0,0.9998859054552365,0.996296385000504,0.0002673883931216743,"{""budget_attacks"": 230}",mlp,mlp,cic77,lycos18,lycos17,2,eede13f1150c42648666de16cba525dd
"fewshot(budget=200,rule=uncertainty)",200,0.22583842277526855,re-picked on the 200-flow labelled budget (154 attacks),0.009733676312022287,0.33156696777864714,0.7502320435103734,0.4923459761603211,0.505098679973651,0.0003051634846707197,0.9709628480780889,0.9998785084101108,0.9780793854061217,0.00017850582477097924,"{""budget_attacks"": 154}",mlp,mlp,cic77,lycos18,lycos17,2,eede13f1150c42648666de16cba525dd
"fewshot(budget=200,rule=drift)",200,0.3841848373413086,frozen source threshold (too few attacks in the budget),0.011536890449221121,0.2332491642364322,0.7038669158912074,0.38506575567915985,0.4035188435877337,9.628944904658632e-05,0.9118945849219757,0.9998909958813915,0.9351449292478712,0.000182949953188514,"{""budget_attacks"": 0}",mlp,mlp,cic77,lycos18,lycos17,2,eede13f1150c42648666de16cba525dd
none,0,0.0,frozen source threshold,0.8504356623046047,0.570409198865836,0.15112798301308888,-0.289614697761029,0.8962373135789576,0.006255882991818116,0.9491501416430594,0.9544762133948155,0.9125492887567086,0.006321048439649555,,mlp,mlp,nf43,nf_unsw_v2,nf_cse_cic18_v2,0,f9ca49879ede45e2b4eb11c2694f6fc2
scaling,0,0.18423056602478027,frozen source threshold,0.3852560127924812,0.019314270169601473,0.137002390970511,-0.3405161911549885,0.999220050256176,0.004127145029324451,0.3961756373937677,0.8128787530579322,0.5602610535398848,0.015292158424444284,{},mlp,mlp,nf43,nf_unsw_v2,nf_cse_cic18_v2,0,f9ca49879ede45e2b4eb11c2694f6fc2
adabn,0,0.11707401275634766,frozen source threshold,6.526776098945926e-06,0.0,0.1698511699467179,-0.0012456910013491668,0.9472375420161211,0.0,0.0,0.27903380057222005,0.0,0.7994641952067193,{},mlp,mlp,nf43,nf_unsw_v2,nf_cse_cic18_v2,0,f9ca49879ede45e2b4eb11c2694f6fc2
tent,0,0.15851473808288574,frozen source threshold,0.8504356623046047,0.570409198865836,0.15112798301308888,-0.289614697761029,0.8962373135789576,0.006255882991818116,0.9491501416430594,0.9544762133948155,0.9125492887567086,0.006321048439649555,"{""tent_steps"": 0, ""tent_guard_stop"": true, ""tent_source_attack_rate"": 0.054292380809783936}",mlp,mlp,nf43,nf_unsw_v2,nf_cse_cic18_v2,0,f9ca49879ede45e2b4eb11c2694f6fc2
coral(lam=0.1),0,1.4609832763671875,source validation (re-picked after adaptation),0.8435303331919198,0.20428554987078482,0.13476235838863715,-0.5892122838221536,0.9980028065137225,0.01293172109188328,0.9447592067988668,0.8453236166359194,0.8557786498917127,0.01314893925132141,{},mlp,mlp,nf43,nf_unsw_v2,nf_cse_cic18_v2,0,f9ca49879ede45e2b4eb11c2694f6fc2
coral(lam=1.0),0,1.4445278644561768,source validation (re-picked after adaptation),0.8499331005449858,0.2006863575964929,0.13525067668500565,-0.6006290640476903,0.9943771823907581,0.021844906234161177,0.946600566572238,0.834516804316124,0.7965893189652644,0.030330895662877416,{},mlp,mlp,nf43,nf_unsw_v2,nf_cse_cic18_v2,0,f9ca49879ede45e2b4eb11c2694f6fc2
coral(lam=10.0),0,1.507533073425293,source validation (re-picked after adaptation),0.8493261103677838,0.20292538999968612,0.1336195113998024,-0.5980346404056587,0.9978494272753973,0.01587864745492723,0.9460339943342776,0.834145390843283,0.8352469374356015,0.01661718919701687,{},mlp,mlp,nf43,nf_unsw_v2,nf_cse_cic18_v2,0,f9ca49879ede45e2b4eb11c2694f6fc2
dann,0,1.4290754795074463,source validation (re-picked after adaptation),0.8648141500505825,0.22606903334484238,0.13320432063201726,-0.6010758098389667,0.9967039780700323,0.4826804720874665,0.9485835694050991,0.7692827876155022,0.2004418424534256,0.4998551878937079,{},mlp,mlp,nf43,nf_unsw_v2,nf_cse_cic18_v2,0,f9ca49879ede45e2b4eb11c2694f6fc2
"fewshot(budget=50,rule=random)",50,0.046431779861450195,re-picked on the 50-flow labelled budget (9 attacks),0.04075318996181836,0.5533339610994277,0.6619969703539569,0.5913216430244026,0.8765395033123389,0.000818188400550286,0.34206798866855526,0.9407570399875435,0.5611449701613676,0.006422416914054015,"{""budget_attacks"": 9}",mlp,mlp,nf43,nf_unsw_v2,nf_cse_cic18_v2,0,f9ca49879ede45e2b4eb11c2694f6fc2
"fewshot(budget=200,rule=random)",200,0.038973093032836914,re-picked on the 200-flow labelled budget (41 attacks),0.036484678393107726,0.8699268652500078,0.9161298561323846,0.837246548080567,0.5227849753614202,0.0003041054232133806,0.11402266288951841,0.9353984693980444,0.32117133434396367,0.00833393671710955,"{""budget_attacks"": 41}",mlp,mlp,nf43,nf_unsw_v2,nf_cse_cic18_v2,0,f9ca49879ede45e2b4eb11c2694f6fc2
"fewshot(budget=1000,rule=random)",1000,0.040847063064575195,re-picked on the 1000-flow labelled budget (241 attacks),0.055010932349965735,0.9249401006518304,0.9456914873164917,0.8423670667347745,0.06957216982671409,0.0006878575048874086,0.23696883852691217,0.9312259246666539,0.46336683242099963,0.007175439866772862,"{""budget_attacks"": 241}",mlp,mlp,nf43,nf_unsw_v2,nf_cse_cic18_v2,0,f9ca49879ede45e2b4eb11c2694f6fc2
"fewshot(budget=200,rule=uncertainty)",200,0.17149972915649414,re-picked on the 200-flow labelled budget (132 attacks),0.007965930228763502,0.3847159881561463,0.5454229240727578,0.5405806068577909,0.8813497372972621,0.0006661356889435956,0.22620396600566572,0.9394320414946824,0.4523996800743746,0.007761928897255811,"{""budget_attacks"": 132}",mlp,mlp,nf43,nf_unsw_v2,nf_cse_cic18_v2,0,f9ca49879ede45e2b4eb11c2694f6fc2
"fewshot(budget=200,rule=drift)",200,0.1701509952545166,frozen source threshold (too few attacks in the budget),0.854309303919329,0.5574458290174414,0.14909965595623578,-0.3069617138628022,0.9419019025552329,0.00611107088552603,0.944900849858357,0.9542564663656137,0.9114288635667043,0.006342770255593368,"{""budget_attacks"": 2}",mlp,mlp,nf43,nf_unsw_v2,nf_cse_cic18_v2,0,f9ca49879ede45e2b4eb11c2694f6fc2
none,0,0.0,frozen source threshold,0.8509545410044709,0.37603189051759317,0.149424706611118,-0.4598065642292578,0.919188721730901,0.006082108464267613,0.9484419263456091,0.9522652166416994,0.913688927459955,0.006154514517413656,,mlp,mlp,nf43,nf_unsw_v2,nf_cse_cic18_v2,1,e18713c8762041e490fe1be59d425a6e
scaling,0,0.18763017654418945,frozen source threshold,0.3074111542603531,0.060715444092197916,0.1451532687537072,-0.24293555087201155,0.9961067780569788,0.002765911230178843,0.25694050991501416,0.712191646735158,0.4479219632047263,0.619781333719499,{},mlp,mlp,nf43,nf_unsw_v2,nf_cse_cic18_v2,1,e18713c8762041e490fe1be59d425a6e
adabn,0,0.1176614761352539,frozen source threshold,0.0,0.0,0.18412818068261866,0.0,0.96693535228274,0.0,0.0016997167138810198,0.23211858581934477,0.04021428460751328,0.6495619433784664,{},mlp,mlp,nf43,nf_unsw_v2,nf_cse_cic18_v2,1,e18713c8762041e490fe1be59d425a6e
tent,0,0.16571640968322754,frozen source threshold,0.8509545410044709,0.37603189051759317,0.149424706611118,-0.4598065642292578,0.919188721730901,0.006082108464267613,0.9484419263456091,0.9522652166416994,0.913688927459955,0.006154514517413656,"{""tent_steps"": 0, ""tent_guard_stop"": true, ""tent_source_attack_rate"": 0.05412717163562775}",mlp,mlp,nf43,nf_unsw_v2,nf_cse_cic18_v2,1,e18713c8762041e490fe1be59d425a6e
coral(lam=0.1),0,1.782332420349121,source validation (re-picked after adaptation),0.8672714812518356,0.2562018058737981,0.13785385347965998,-0.5806355389155106,0.9834611493652711,0.015429729925421765,0.9436260623229462,0.811172751537546,0.8369811136072833,0.015603504452972268,{},mlp,mlp,nf43,nf_unsw_v2,nf_cse_cic18_v2,1,e18713c8762041e490fe1be59d425a6e
coral(lam=1.0),0,1.6865909099578857,source validation (re-picked after adaptation),0.856068270077995,0.25417202883538925,0.1381612345579775,-0.5664088542251376,0.9748621218549097,0.016356527405691115,0.946600566572238,0.815347309372842,0.8322643381754453,0.016595467381073058,{},mlp,mlp,nf43,nf_unsw_v2,nf_cse_cic18_v2,1,e18713c8762041e490fe1be59d425a6e
coral(lam=10.0),0,1.871387243270874,source validation (re-picked after adaptation),0.8556375028554646,0.2519643847369137,0.1367524678192883,-0.5675782360758598,0.994148745227295,0.016074143798421547,0.9468838526912181,0.8220596816391221,0.8343853987097309,0.016349286800376513,{},mlp,mlp,nf43,nf_unsw_v2,nf_cse_cic18_v2,1,e18713c8762041e490fe1be59d425a6e
dann,0,1.4511191844940186,source validation (re-picked after adaptation),0.7751036125705708,0.359908764660954,0.16813865946569045,-0.37779094547517966,0.9422380315243286,0.015299399029758888,0.9475920679886686,0.8100658813727148,0.8402280739662417,0.015379045688219534,{},mlp,mlp,nf43,nf_unsw_v2,nf_cse_cic18_v2,1,e18713c8762041e490fe1be59d425a6e
"fewshot(budget=50,rule=random)",50,0.04218435287475586,re-picked on the 50-flow labelled budget (8 attacks),0.22803576673302223,0.8971719137449387,0.8071839268268983,0.5848064377752908,0.8571060274777274,0.0032293099703135184,0.4743626062322946,0.8772643785408453,0.6351356820316203,0.010969517051625516,"{""budget_attacks"": 8}",mlp,mlp,nf43,nf_unsw_v2,nf_cse_cic18_v2,1,e18713c8762041e490fe1be59d425a6e
"fewshot(budget=200,rule=random)",200,0.04204750061035156,re-picked on the 200-flow labelled budget (55 attacks),0.10241490715660999,0.9144773324126098,0.8525176259729356,0.7576810033679361,0.21955748458049146,0.0009267974802693505,0.2405099150141643,0.9034423917489205,0.46241400475454325,0.00952863659401926,"{""budget_attacks"": 55}",mlp,mlp,nf43,nf_unsw_v2,nf_cse_cic18_v2,1,e18713c8762041e490fe1be59d425a6e
"fewshot(budget=1000,rule=random)",1000,0.05096268653869629,re-picked on the 1000-flow labelled budget (226 attacks),0.5410305779460236,0.9452378710359187,0.8668197711503126,0.3578685119358345,0.6542342459941912,0.002519730649482297,0.5035410764872521,0.9068201421708535,0.6662719126396704,0.010100644413872999,"{""budget_attacks"": 226}",mlp,mlp,nf43,nf_unsw_v2,nf_cse_cic18_v2,1,e18713c8762041e490fe1be59d425a6e
"fewshot(budget=200,rule=uncertainty)",200,0.15186738967895508,re-picked on the 200-flow labelled budget (123 attacks),0.6733740169043501,0.43081494501815293,0.16516185970619776,-0.21227931889328075,0.8742453415135594,0.0015422489320107162,0.645042492917847,0.9420849605205562,0.7766992027245608,0.008507711244660054,"{""budget_attacks"": 123}",mlp,mlp,nf43,nf_unsw_v2,nf_cse_cic18_v2,1,e18713c8762041e490fe1be59d425a6e
"fewshot(budget=200,rule=drift)",200,0.18128299713134766,frozen source threshold (too few attacks in the budget),0.8540971836961133,0.3934523996358957,0.14901015278251994,-0.4496672206886223,0.9261593186045752,0.006371732676851784,0.9541076487252125,0.9523118543727646,0.9143283223619288,0.006183476938672073,"{""budget_attacks"": 2}",mlp,mlp,nf43,nf_unsw_v2,nf_cse_cic18_v2,1,e18713c8762041e490fe1be59d425a6e
none,0,0.0,frozen source threshold,0.8402604183663479,0.25456961402847966,0.14777815733897498,-0.5446127461494028,0.9255490650393238,0.005901093331402505,0.9464589235127479,0.9545100450596165,0.9141811728977601,0.006038664832379987,,mlp,mlp,nf43,nf_unsw_v2,nf_cse_cic18_v2,2,a85e456796614d44b9f0ee7aa2453778
scaling,0,0.20592951774597168,frozen source threshold,0.38900564566132556,0.008087719848917627,0.1333483291492645,-0.35438728854398416,0.9970792676957217,0.0035696184200999202,0.35410764872521244,0.8046717760102372,0.5306180553651033,0.016204474694084425,{},mlp,mlp,nf43,nf_unsw_v2,nf_cse_cic18_v2,2,a85e456796614d44b9f0ee7aa2453778
adabn,0,0.11844038963317871,frozen source threshold,6.526776098945926e-06,0.0,0.1398224909047414,-0.0012456910013491668,0.9922788238749469,0.0,0.0,0.39413791544922905,0.0,0.782086742451669,{},mlp,mlp,nf43,nf_unsw_v2,nf_cse_cic18_v2,2,a85e456796614d44b9f0ee7aa2453778
tent,0,0.1698160171508789,frozen source threshold,0.8402604183663479,0.25456961402847966,0.14777815733897498,-0.5446127461494028,0.9255490650393238,0.005901093331402505,0.9464589235127479,0.9545100450596165,0.9141811728977601,0.006038664832379987,"{""tent_steps"": 0, ""tent_guard_stop"": true, ""tent_source_attack_rate"": 0.05405833572149277}",mlp,mlp,nf43,nf_unsw_v2,nf_cse_cic18_v2,2,a85e456796614d44b9f0ee7aa2453778
coral(lam=0.1),0,1.6089277267456055,source validation (re-picked after adaptation),0.8540253891590249,0.21201753559956893,0.13277329685065192,-0.597195309775925,0.9960937245047808,0.012975164723770907,0.9456090651558073,0.8476002854365433,0.8559497154018941,0.013011367750343929,{},mlp,mlp,nf43,nf_unsw_v2,nf_cse_cic18_v2,2,a85e456796614d44b9f0ee7aa2453778
coral(lam=1.0),0,1.46565580368042,source validation (re-picked after adaptation),0.842730803119799,0.19674189397030667,0.1334488616148533,-0.5941558753113808,0.996439643638025,0.013402360437332561,0.9464589235127479,0.8443621452785983,0.8532727048939418,0.01383679675620882,{},mlp,mlp,nf43,nf_unsw_v2,nf_cse_cic18_v2,2,a85e456796614d44b9f0ee7aa2453778
coral(lam=10.0),0,1.8409013748168945,source validation (re-picked after adaptation),0.8250987174884965,0.18716846103141968,0.13313300774041575,-0.5790924642077147,0.9966615540253891,0.013206864093838245,0.9463172804532578,0.8479383192976969,0.8546378814975241,0.013373398016074144,{},mlp,mlp,nf43,nf_unsw_v2,nf_cse_cic18_v2,2,a85e456796614d44b9f0ee7aa2453778
dann,0,1.3765428066253662,source validation (re-picked after adaptation),0.8989035016153771,0.22249076660702888,0.13600743481103092,-0.6549196264595998,0.9706360343308423,0.01595829411338788,0.9439093484419263,0.8077259984459959,0.833443235906913,0.03279994207515748,{},mlp,mlp,nf43,nf_unsw_v2,nf_cse_cic18_v2,2,a85e456796614d44b9f0ee7aa2453778
"fewshot(budget=50,rule=random)",50,0.05240631103515625,re-picked on the 50-flow labelled budget (12 attacks),0.09823450706523512,0.7736903229856555,0.8254497711980271,0.6565122027354939,0.23974153966648173,0.0032293099703135184,0.4708215297450425,0.8696054326942823,0.6323926441724236,0.012497284773007024,"{""budget_attacks"": 12}",mlp,mlp,nf43,nf_unsw_v2,nf_cse_cic18_v2,2,a85e456796614d44b9f0ee7aa2453778
"fewshot(budget=200,rule=random)",200,0.043733835220336914,re-picked on the 200-flow labelled budget (46 attacks),0.0525046503279705,0.9502599997907446,0.944745781023925,0.8649802414068172,0.05212936070228111,0.0017667076967634494,0.35524079320113316,0.8804672403868313,0.5575269131271847,0.01065817102309753,"{""budget_attacks"": 46}",mlp,mlp,nf43,nf_unsw_v2,nf_cse_cic18_v2,2,a85e456796614d44b9f0ee7aa2453778
"fewshot(budget=1000,rule=random)",1000,0.04327201843261719,re-picked on the 1000-flow labelled budget (255 attacks),0.04995920764938159,0.9470165416365862,0.9401195901553149,0.8671475996651292,0.054403942172763765,0.0013250307725725871,0.3147308781869688,0.8929802170499522,0.5281455113123423,0.010433712258344798,"{""budget_attacks"": 255}",mlp,mlp,nf43,nf_unsw_v2,nf_cse_cic18_v2,2,a85e456796614d44b9f0ee7aa2453778
"fewshot(budget=200,rule=uncertainty)",200,0.1608893871307373,re-picked on the 200-flow labelled budget (44 attacks),0.04523708514179421,0.12603450620965295,0.3132612147460012,0.14007860346809417,0.8949058512547727,0.0006950981102020129,0.3082152974504249,0.9453547011655935,0.5329314154062412,0.006494822967200058,"{""budget_attacks"": 44}",mlp,mlp,nf43,nf_unsw_v2,nf_cse_cic18_v2,2,a85e456796614d44b9f0ee7aa2453778
"fewshot(budget=200,rule=drift)",200,0.18355274200439453,frozen source threshold (too few attacks in the budget),0.849355480860229,0.2603973759377256,0.14576733679199358,-0.5521654987094833,0.9421597102111412,0.006617913257548331,0.9613314447592068,0.9543410261711394,0.9162458967800938,0.005995221200492361,"{""budget_attacks"": 3}",mlp,mlp,nf43,nf_unsw_v2,nf_cse_cic18_v2,2,a85e456796614d44b9f0ee7aa2453778
none,0,0.0,frozen source threshold,0.1880367150901123,0.24842333148337561,0.6291279966124155,0.07131125162903382,0.9696318635470667,0.006255882991818116,0.9491501416430594,0.9544762133948155,0.9125492887567086,0.006321048439649555,,mlp,mlp,nf43,nf_unsw_v2,nf_ton_v2,0,7f4d53dd9bec4b68920e62549c9a4ff4
scaling,0,0.18245220184326172,frozen source threshold,0.12651857108128176,0.32423643377074896,0.7074404686104937,0.22683885171586213,0.8973974861858488,0.016349286800376513,0.6685552407932012,0.635336875252699,0.6558322042692405,0.212772427774962,{},mlp,mlp,nf43,nf_unsw_v2,nf_ton_v2,0,7f4d53dd9bec4b68920e62549c9a4ff4
adabn,0,0.11537766456604004,frozen source threshold,0.0001182662172550411,5.045339253198057e-05,0.5939230343115122,-0.0037701253513718683,0.9376014297071597,0.0,0.00014164305949008498,0.6881065339629796,0.011608424189776397,0.24388530881181666,{},mlp,mlp,nf43,nf_unsw_v2,nf_ton_v2,0,7f4d53dd9bec4b68920e62549c9a4ff4
tent,0,0.1600804328918457,frozen source threshold,0.1880367150901123,0.24842333148337561,0.6291279966124155,0.07131125162903382,0.9696318635470667,0.006255882991818116,0.9491501416430594,0.9544762133948155,0.9125492887567086,0.006321048439649555,"{""tent_steps"": 0, ""tent_guard_stop"": true, ""tent_source_attack_rate"": 0.054292380809783936}",mlp,mlp,nf43,nf_unsw_v2,nf_ton_v2,0,7f4d53dd9bec4b68920e62549c9a4ff4
coral(lam=0.1),0,1.6651179790496826,source validation (re-picked after adaptation),0.07664307912666969,0.06560775697976819,0.6424482657399869,-0.021260603632149787,0.9640799216814828,0.009767576569401202,0.9456090651558073,0.9174546698753228,0.8808555560753529,0.009905148070378683,{},mlp,mlp,nf43,nf_unsw_v2,nf_ton_v2,0,7f4d53dd9bec4b68920e62549c9a4ff4
coral(lam=1.0),0,1.6865592002868652,source validation (re-picked after adaptation),0.11335816923895689,0.0532650224976264,0.6150193112557532,-0.11027699600860894,0.9659524701213543,0.01041923104771559,0.9477337110481586,0.9088570516069023,0.8768620845292349,0.01050611831149084,{},mlp,mlp,nf43,nf_unsw_v2,nf_ton_v2,0,7f4d53dd9bec4b68920e62549c9a4ff4
coral(lam=10.0),0,1.7606186866760254,source validation (re-picked after adaptation),0.08795721391073529,0.03735385716185907,0.6110203758215522,-0.10638586084740462,0.9651443176367782,0.010889870393164868,0.9497167138810199,0.9017456547760037,0.8742926449957713,0.010918832814423286,{},mlp,mlp,nf43,nf_unsw_v2,nf_ton_v2,0,7f4d53dd9bec4b68920e62549c9a4ff4
dann,0,1.5688941478729248,source validation (re-picked after adaptation),0.10463275054369608,0.49489274067414907,0.835749764175833,0.4069967609151336,0.7213910735287354,0.014669466367388313,0.9546742209631728,0.8928641091384153,0.8488494610891888,0.01372094707117515,{},mlp,mlp,nf43,nf_unsw_v2,nf_ton_v2,0,7f4d53dd9bec4b68920e62549c9a4ff4
"fewshot(budget=50,rule=random)",50,0.04914236068725586,re-picked on the 50-flow labelled budget (30 attacks),0.2519793165526712,0.7653045779573715,0.8628206671068184,0.5081493555489959,0.6502999362676496,0.013141698646006806,1.0,0.9448427094958508,0.8860241695466067,0.0067772065744696255,"{""budget_attacks"": 30}",mlp,mlp,nf43,nf_unsw_v2,nf_ton_v2,0,7f4d53dd9bec4b68920e62549c9a4ff4
"fewshot(budget=200,rule=random)",200,0.054370880126953125,re-picked on the 200-flow labelled budget (115 attacks),0.49690208214245823,0.9510647959160272,0.8870931226212864,0.5265399127084699,0.4954894578808008,0.016588226775758455,0.9997167138810198,0.924333334808678,0.8615076769202885,0.010535080732749258,"{""budget_attacks"": 115}",mlp,mlp,nf43,nf_unsw_v2,nf_ton_v2,0,7f4d53dd9bec4b68920e62549c9a4ff4
"fewshot(budget=1000,rule=random)",1000,0.04345107078552246,re-picked on the 1000-flow labelled budget (586 attacks),0.5425397013120979,0.952367410777762,0.8939464078238692,0.4899238203760704,0.5420797771338839,0.016805444935196583,0.99985835694051,0.9158676023489596,0.8601149449174665,0.010100644413872999,"{""budget_attacks"": 586}",mlp,mlp,nf43,nf_unsw_v2,nf_ton_v2,0,7f4d53dd9bec4b68920e62549c9a4ff4
"fewshot(budget=200,rule=uncertainty)",200,0.16196966171264648,re-picked on the 200-flow labelled budget (94 attacks),0.12850938573840825,0.3824504754085578,0.7256892680245393,0.27887558980780985,0.9736069225159166,0.010513358916805444,0.9953257790368272,0.9479505183778606,0.9032878160196606,0.008022590688581565,"{""budget_attacks"": 94}",mlp,mlp,nf43,nf_unsw_v2,nf_ton_v2,0,7f4d53dd9bec4b68920e62549c9a4ff4
"fewshot(budget=200,rule=drift)",200,0.18169522285461426,re-picked on the 200-flow labelled budget (53 attacks),0.11203752981294227,0.19640588378290363,0.6180859834944542,0.11274465092112423,0.9712284574800097,0.011331547317355731,0.4324362606232295,0.6462405853972963,0.5161305148463573,0.04054014915646948,"{""budget_attacks"": 53}",mlp,mlp,nf43,nf_unsw_v2,nf_ton_v2,0,7f4d53dd9bec4b68920e62549c9a4ff4
none,0,0.0,frozen source threshold,0.2719071741601456,0.26408222985648305,0.600269662977472,-0.00869989451887357,0.8758598939546252,0.006082108464267613,0.9484419263456091,0.9522652166416994,0.913688927459955,0.006154514517413656,,mlp,mlp,nf43,nf_unsw_v2,nf_ton_v2,1,bd13443f25af4e6e958c029ff6a6b066
scaling,0,0.1899855136871338,frozen source threshold,0.11536212458688953,0.25937630433486375,0.6579175988737236,0.1770925507759969,0.8880084626048791,0.009152125117659836,0.3076487252124646,0.4519673166967703,0.4223677036505983,0.20270798638766202,{},mlp,mlp,nf43,nf_unsw_v2,nf_ton_v2,1,bd13443f25af4e6e958c029ff6a6b066
adabn,0,0.11872339248657227,frozen source threshold,0.00017739932588256165,1.376001614508561e-05,0.6132667302079087,-0.00894479830206804,0.8952818349660642,1.4481210629208601e-05,0.020113314447592068,0.20926871997225355,0.13733510994944692,0.2938382448772717,{},mlp,mlp,nf43,nf_unsw_v2,nf_ton_v2,1,bd13443f25af4e6e958c029ff6a6b066
tent,0,0.1644277572631836,frozen source threshold,0.2719071741601456,0.26408222985648305,0.600269662977472,-0.00869989451887357,0.8758598939546252,0.006082108464267613,0.9484419263456091,0.9522652166416994,0.913688927459955,0.006154514517413656,"{""tent_steps"": 0, ""tent_guard_stop"": true, ""tent_source_attack_rate"": 0.05412717163562775}",mlp,mlp,nf43,nf_unsw_v2,nf_ton_v2,1,bd13443f25af4e6e958c029ff6a6b066
coral(lam=0.1),0,1.5124516487121582,source validation (re-picked after adaptation),0.4464549701377801,0.7097232860753223,0.6713789902102743,0.26458193662849694,0.9641521954809165,0.12567518644558684,0.9440509915014165,0.7579960105220598,0.4737017493557415,0.12687712692781117,{},mlp,mlp,nf43,nf_unsw_v2,nf_ton_v2,1,bd13443f25af4e6e958c029ff6a6b066
coral(lam=1.0),0,1.7258923053741455,source validation (re-picked after adaptation),0.3529392440160579,0.5830944441641478,0.630319349241313,0.22654838876557784,0.9554793395488801,0.1302802114256752,0.941784702549575,0.7300497093376999,0.46496888247638585,0.13556585330533633,{},mlp,mlp,nf43,nf_unsw_v2,nf_ton_v2,1,bd13443f25af4e6e958c029ff6a6b066
coral(lam=10.0),0,1.8042857646942139,source validation (re-picked after adaptation),0.29609918593420453,0.4539658659866161,0.625458200943013,0.159322241226829,0.9492637927975873,0.04080805155310984,0.9412181303116147,0.7606751420831829,0.6959753826489936,0.05276229092752154,{},mlp,mlp,nf43,nf_unsw_v2,nf_ton_v2,1,bd13443f25af4e6e958c029ff6a6b066
dann,0,1.536118507385254,source validation (re-picked after adaptation),0.35372768546442485,0.6883860877063429,0.6779127102862501,0.33103993033851364,0.9674899309456698,0.1279849395409456,0.9451841359773371,0.5106455875537683,0.47046905845046727,0.12823836072695677,{},mlp,mlp,nf43,nf_unsw_v2,nf_ton_v2,1,bd13443f25af4e6e958c029ff6a6b066
"fewshot(budget=50,rule=random)",50,0.041893720626831055,re-picked on the 50-flow labelled budget (36 attacks),0.5635845176380923,0.9604858203033625,0.8275239391494684,0.48579686268868394,0.5548919506698468,0.013431322858590979,0.9988668555240793,0.9372158831760563,0.8832597330304924,0.008891463326334082,"{""budget_attacks"": 36}",mlp,mlp,nf43,nf_unsw_v2,nf_ton_v2,1,bd13443f25af4e6e958c029ff6a6b066
"fewshot(budget=200,rule=random)",200,0.04904484748840332,re-picked on the 200-flow labelled budget (117 attacks),0.3964020788572855,0.9306311719405751,0.8969599805505798,0.5798857680237035,0.45129074435443073,0.01247556295706321,0.9954674220963173,0.9350644421440505,0.8883795679378909,0.009941351096951705,"{""budget_attacks"": 117}",mlp,mlp,nf43,nf_unsw_v2,nf_ton_v2,1,bd13443f25af4e6e958c029ff6a6b066
"fewshot(budget=1000,rule=random)",1000,0.04231381416320801,re-picked on the 1000-flow labelled budget (612 attacks),0.4250684958508269,0.9442811079565,0.9128064028833127,0.5759959873115033,0.4645891234502198,0.012258344797625081,0.9963172804532577,0.9328745838944003,0.8904876579309949,0.010028238360726957,"{""budget_attacks"": 612}",mlp,mlp,nf43,nf_unsw_v2,nf_ton_v2,1,bd13443f25af4e6e958c029ff6a6b066
"fewshot(budget=200,rule=uncertainty)",200,0.15380859375,re-picked on the 200-flow labelled budget (106 attacks),0.1316697218772791,0.3681033652412819,0.7076912199147207,0.2617601461117609,0.8399923783993325,0.01072333647092897,0.9950424929178471,0.9463597993222643,0.9014903813727734,0.007588154369705308,"{""budget_attacks"": 106}",mlp,mlp,nf43,nf_unsw_v2,nf_ton_v2,1,bd13443f25af4e6e958c029ff6a6b066
"fewshot(budget=200,rule=drift)",200,0.19314289093017578,re-picked on the 200-flow labelled budget (59 attacks),0.2877219955453058,0.32648848974649464,0.5910108755598591,0.04122243354746211,0.9821352308490857,0.014227789443197452,0.6879603399433428,0.7591624899427366,0.684794310203968,0.01614654985156759,"{""budget_attacks"": 59}",mlp,mlp,nf43,nf_unsw_v2,nf_ton_v2,1,bd13443f25af4e6e958c029ff6a6b066
none,0,0.0,frozen source threshold,0.15898921806319358,0.2714117317897653,0.645158458659132,0.13242586237742798,0.9523978475548459,0.005901093331402505,0.9464589235127479,0.9545100450596165,0.9141811728977601,0.006038664832379987,,mlp,mlp,nf43,nf_unsw_v2,nf_ton_v2,2,ec8e01004f794cabb57de3b7a1c5f01d
scaling,0,0.18078017234802246,frozen source threshold,0.14241880695668171,0.3189617609151328,0.6718829856341003,0.20158748127380952,0.9628118450186927,0.01639273043226414,0.5560906515580737,0.5727142330334357,0.5745716322220319,0.25446383317645355,{},mlp,mlp,nf43,nf_unsw_v2,nf_ton_v2,2,ec8e01004f794cabb57de3b7a1c5f01d
adabn,0,0.11903858184814453,frozen source threshold,0.0,0.0,0.5496456568364314,0.0,0.9200454667901892,0.0,0.0,0.5807294854304603,0.0,0.24870031134602852,{},mlp,mlp,nf43,nf_unsw_v2,nf_ton_v2,2,ec8e01004f794cabb57de3b7a1c5f01d
tent,0,0.16797399520874023,frozen source threshold,0.15898921806319358,0.2714117317897653,0.645158458659132,0.13242586237742798,0.9523978475548459,0.005901093331402505,0.9464589235127479,0.9545100450596165,0.9141811728977601,0.006038664832379987,"{""tent_steps"": 0, ""tent_guard_stop"": true, ""tent_source_attack_rate"": 0.05405833572149277}",mlp,mlp,nf43,nf_unsw_v2,nf_ton_v2,2,ec8e01004f794cabb57de3b7a1c5f01d
coral(lam=0.1),0,1.693195104598999,source validation (re-picked after adaptation),0.13935702599885677,0.23473211541901542,0.6250886962869182,0.11832427659402063,0.9647106748401764,0.01703714430526392,0.9458923512747875,0.8693275428249782,0.8271870637255465,0.017913257548331042,{},mlp,mlp,nf43,nf_unsw_v2,nf_ton_v2,2,ec8e01004f794cabb57de3b7a1c5f01d
coral(lam=1.0),0,1.4346537590026855,source validation (re-picked after adaptation),0.11651193503242466,0.14919068171706654,0.6139299771341423,0.04694204478467675,0.9421349680352696,0.018123235102454564,0.945042492917847,0.8585473262676628,0.8193931164845624,0.018492505973499385,{},mlp,mlp,nf43,nf_unsw_v2,nf_ton_v2,2,ec8e01004f794cabb57de3b7a1c5f01d
coral(lam=10.0),0,1.720484733581543,source validation (re-picked after adaptation),0.12374588532119134,0.14063195167482329,0.6000354321502297,0.024413897748894065,0.9357814440305127,0.019346897400622693,0.9461756373937678,0.8550087404658081,0.8120513467746322,0.019491709506914777,{},mlp,mlp,nf43,nf_unsw_v2,nf_ton_v2,2,ec8e01004f794cabb57de3b7a1c5f01d
dann,0,1.4634783267974854,source validation (re-picked after adaptation),0.24813566449188235,0.2619540140260431,0.5627404018858118,0.015573730669023149,0.9845202662303957,0.022923756426037216,0.9505665722379604,0.817599413511996,0.7924019001548733,0.02279342553037434,{},mlp,mlp,nf43,nf_unsw_v2,nf_ton_v2,2,ec8e01004f794cabb57de3b7a1c5f01d
"fewshot(budget=50,rule=random)",50,0.04512453079223633,re-picked on the 50-flow labelled budget (27 attacks),0.2796207596633355,0.8111712984409901,0.8235688769067854,0.5322998695547074,0.35573821115776055,0.0036420244732459635,0.7932011331444759,0.9315912631306281,0.8462834215918953,0.009195568749547462,"{""budget_attacks"": 27}",mlp,mlp,nf43,nf_unsw_v2,nf_ton_v2,2,ec8e01004f794cabb57de3b7a1c5f01d
"fewshot(budget=200,rule=random)",200,0.041953086853027344,re-picked on the 200-flow labelled budget (115 attacks),0.3468551041728264,0.9474275649816762,0.9059613242780447,0.6451647703551655,0.35219022464010935,0.010455434074288611,0.9347025495750708,0.9211212833971142,0.8690254500059622,0.011809427268119614,"{""budget_attacks"": 115}",mlp,mlp,nf43,nf_unsw_v2,nf_ton_v2,2,ec8e01004f794cabb57de3b7a1c5f01d
"fewshot(budget=1000,rule=random)",1000,0.04143381118774414,re-picked on the 1000-flow labelled budget (595 attacks),0.32307702415916006,0.9600638464749132,0.9093812866150888,0.6827703240638118,0.31757764505680064,0.009065237853884585,0.9058073654390935,0.9207708393737336,0.8634740136193175,0.01055680254869307,"{""budget_attacks"": 595}",mlp,mlp,nf43,nf_unsw_v2,nf_ton_v2,2,ec8e01004f794cabb57de3b7a1c5f01d
"fewshot(budget=200,rule=uncertainty)",200,0.15931296348571777,re-picked on the 200-flow labelled budget (164 attacks),0.07248405048653407,0.39138072588671835,0.7490345761241746,0.35759368624898014,0.957857804584787,0.009658967489682138,0.9830028328611898,0.9466616153063173,0.9030838413501455,0.008174643400188256,"{""budget_attacks"": 164}",mlp,mlp,nf43,nf_unsw_v2,nf_ton_v2,2,ec8e01004f794cabb57de3b7a1c5f01d
"fewshot(budget=200,rule=drift)",200,0.1815629005432129,re-picked on the 200-flow labelled budget (69 attacks),0.12028988363918292,0.30175715406172743,0.7109764677578974,0.21310094918344513,0.9918987641180297,0.001274346535370357,0.38427762039660057,0.9063464530038221,0.5898888320634316,0.012649337484613714,"{""budget_attacks"": 69}",mlp,mlp,nf43,nf_unsw_v2,nf_ton_v2,2,ec8e01004f794cabb57de3b7a1c5f01d
none,0,0.0,frozen source threshold,1.4481210629208601e-05,0.0,0.08609184324677156,-0.0008392074661145727,0.9995148794439215,0.0,0.9546648252194566,0.9960355048469367,0.9702339083030336,0.0,,mlp,mlp,nf43,nf_cse_cic18_v2,nf_unsw_v2,0,63c969e98e194da88c7059daf23994d8
scaling,0,0.1863389015197754,frozen source threshold,9.412786908985591e-05,0.0,0.02680020763358601,-0.00213964868953565,0.9997610600246181,0.0,0.02722412295845235,0.3976654044562302,0.14452262485221462,0.8862089221029272,{},mlp,mlp,nf43,nf_cse_cic18_v2,nf_unsw_v2,0,63c969e98e194da88c7059daf23994d8
adabn,0,0.1155388355255127,frozen source threshold,0.05229165158207226,0.0033994334277620396,0.02540139463670437,-0.04829315371216157,0.9991962928100789,0.0016969617857259408,0.8900363058057901,0.9861305887545052,0.9238157668554262,0.0026466077081225728,{},mlp,mlp,nf43,nf_cse_cic18_v2,nf_unsw_v2,0,63c969e98e194da88c7059daf23994d8
tent,0,0.20021700859069824,frozen source threshold,1.4481210629208601e-05,0.0,0.08609184324677156,-0.0008392074661145727,0.9995148794439215,0.0,0.9546648252194566,0.9960355048469367,0.9702339083030336,0.0,"{""tent_steps"": 0, ""tent_guard_stop"": true, ""tent_source_attack_rate"": 0.22678999602794647}",mlp,mlp,nf43,nf_cse_cic18_v2,nf_unsw_v2,0,63c969e98e194da88c7059daf23994d8
coral(lam=0.1),0,1.609372854232788,source validation (re-picked after adaptation),0.006900296864817899,0.0028328611898017,0.0692370086175908,-0.010722623918464118,0.9991600897835059,0.0002023300590673237,0.9730374462475282,0.9929233323763061,0.9818718303293543,0.0002023300590673237,{},mlp,mlp,nf43,nf_cse_cic18_v2,nf_unsw_v2,0,63c969e98e194da88c7059daf23994d8
coral(lam=1.0),0,1.8096561431884766,source validation (re-picked after adaptation),0.0044384910578524365,0.00198300283286119,0.06628323402809037,-0.008054163961761233,0.9991456085728767,0.00015011585027575628,0.9706414723207466,0.9931818308544397,0.9804095352240396,0.00015011585027575628,{},mlp,mlp,nf43,nf_cse_cic18_v2,nf_unsw_v2,0,63c969e98e194da88c7059daf23994d8
coral(lam=10.0),0,1.756868600845337,source validation (re-picked after adaptation),0.0029976106002461804,0.0018413597733711049,0.06912247261313204,-0.004592553741862899,0.9990949243356745,8.484808928629704e-05,0.9653682371281793,0.9934658306928555,0.9770850548879608,8.484808928629704e-05,{},mlp,mlp,nf43,nf_cse_cic18_v2,nf_unsw_v2,0,63c969e98e194da88c7059daf23994d8
dann,0,1.439823865890503,source validation (re-picked after adaptation),0.005111867352110637,0.0008498583569405099,0.04542617336220993,-0.013122557348493144,0.9990080370718992,0.00025780765590836406,0.9714366427069274,0.9924894373498424,0.9807013454559282,0.00025780765590836406,{},mlp,mlp,nf43,nf_cse_cic18_v2,nf_unsw_v2,0,63c969e98e194da88c7059daf23994d8
"fewshot(budget=50,rule=random)",50,0.049567461013793945,frozen source threshold (too few attacks in the budget),6.516544783143871e-05,0.0005665722379603399,0.23254247927320995,0.011397627416800822,0.9936355079284628,0.0,0.9742720528997563,0.9958846804861022,0.9831154963390275,0.0,"{""budget_attacks"": 1}",mlp,mlp,nf43,nf_cse_cic18_v2,nf_unsw_v2,0,63c969e98e194da88c7059daf23994d8
"fewshot(budget=200,rule=random)",200,0.04496455192565918,re-picked on the 200-flow labelled budget (13 attacks),0.9977698935631019,0.8998583569405099,0.20339465214508573,-0.25275566794222376,0.9994569546014047,0.8735763469634175,1.0,0.9954702559714631,0.18238028550602386,0.0,"{""budget_attacks"": 13}",mlp,mlp,nf43,nf_cse_cic18_v2,nf_unsw_v2,0,63c969e98e194da88c7059daf23994d8
"fewshot(budget=1000,rule=random)",1000,0.045699357986450195,re-picked on the 1000-flow labelled budget (36 attacks),0.8135833755701977,0.9567988668555241,0.45144497148385426,0.08027904387893575,0.8019549634349432,0.9501158502757563,0.9999790744635215,0.9921136471912974,0.1109812476134568,9.790164148418888e-06,"{""budget_attacks"": 36}",mlp,mlp,nf43,nf_cse_cic18_v2,nf_unsw_v2,0,63c969e98e194da88c7059daf23994d8
"fewshot(budget=200,rule=uncertainty)",200,0.14503026008605957,re-picked on the 200-flow labelled budget (48 attacks),9.412786908985591e-05,0.010056657223796034,0.15159400308594873,0.08911116684499697,0.9892766635290711,0.00011095519368208073,0.9820145013967796,0.9959320685153319,0.98796247753436,0.0,"{""budget_attacks"": 48}",mlp,mlp,nf43,nf_cse_cic18_v2,nf_unsw_v2,0,63c969e98e194da88c7059daf23994d8
"fewshot(budget=200,rule=drift)",200,0.17369723320007324,re-picked on the 200-flow labelled budget (8 attacks),0.7769097096517269,0.5211048158640227,0.10725604907034866,-0.12967106044293258,0.9994641952067193,0.6408151943347583,0.9999686116952823,0.9959227411406678,0.3428828357078031,0.0,"{""budget_attacks"": 8}",mlp,mlp,nf43,nf_cse_cic18_v2,nf_unsw_v2,0,63c969e98e194da88c7059daf23994d8
none,0,0.0,frozen source threshold,7.240605314604301e-05,0.0,0.06400787377239417,-0.0018765766498920248,0.9995221200492361,0.0,0.950228611486027,0.9960472735178283,0.9673173315436014,0.0,,mlp,mlp,nf43,nf_cse_cic18_v2,nf_unsw_v2,1,edc5fc17cdb1459eb0b26d1c16d2645b
scaling,0,0.17969393730163574,frozen source threshold,5.0684237202230105e-05,0.0,0.028841670567478894,-0.001570040445880225,0.9995510824704945,6.526776098945926e-06,0.036870795275013864,0.44584286434832066,0.1683073163336587,0.9723721567731619,{},mlp,mlp,nf43,nf_cse_cic18_v2,nf_unsw_v2,1,edc5fc17cdb1459eb0b26d1c16d2645b
adabn,0,0.11791515350341797,frozen source threshold,0.0760915212511766,0.0008498583569405099,0.025158147432848815,-0.06243921260674725,0.9992759394685395,0.0029468394086740856,0.877470521150486,0.9815879524680041,0.9126468954916089,0.005688085370231374,{},mlp,mlp,nf43,nf_cse_cic18_v2,nf_unsw_v2,1,edc5fc17cdb1459eb0b26d1c16d2645b
tent,0,0.2002570629119873,frozen source threshold,0.0002751430019549634,0.0,0.06141701371962971,-0.003658474195417948,0.9993990297588878,0.0,0.9633279973215313,0.9956668209715854,0.9759271958934767,0.0,"{""tent_steps"": 2, ""tent_guard_stop"": true, ""tent_source_attack_rate"": 0.22545500099658966}",mlp,mlp,nf43,nf_cse_cic18_v2,nf_unsw_v2,1,edc5fc17cdb1459eb0b26d1c16d2645b
coral(lam=0.1),0,1.6470880508422852,source validation (re-picked after adaptation),0.006444138729997828,0.0008498583569405099,0.08119925796406102,-0.015364240632488585,0.9988197813337195,0.00010442841758313482,0.9687895623424045,0.9930827696054176,0.9792908539312969,0.00010442841758313482,{},mlp,mlp,nf43,nf_cse_cic18_v2,nf_unsw_v2,1,edc5fc17cdb1459eb0b26d1c16d2645b
coral(lam=1.0),0,1.6259751319885254,source validation (re-picked after adaptation),0.005082904930852219,0.0008498583569405099,0.07469001737590875,-0.013069967857860678,0.9987039316486859,0.00014685246222628334,0.950845914812141,0.9931050528891799,0.967404264649125,0.00014685246222628334,{},mlp,mlp,nf43,nf_cse_cic18_v2,nf_unsw_v2,1,edc5fc17cdb1459eb0b26d1c16d2645b
coral(lam=10.0),0,1.8461320400238037,source validation (re-picked after adaptation),0.006422416914054015,0.0008498583569405099,0.07383676226315465,-0.015330110061537703,0.9988777061762363,0.00016316940247364814,0.9491300208209088,0.9931851525478098,0.9662401406434498,0.0001664327905231211,{},mlp,mlp,nf43,nf_cse_cic18_v2,nf_unsw_v2,1,edc5fc17cdb1459eb0b26d1c16d2645b
dann,0,1.5894651412963867,source validation (re-picked after adaptation),0.002432843385707045,0.0008498583569405099,0.04453672505409915,-0.007023480823088315,0.9985446383317645,0.00014685246222628334,0.9495485315504776,0.9934030807935502,0.9665509023034838,0.00015337923832522924,{},mlp,mlp,nf43,nf_cse_cic18_v2,nf_unsw_v2,1,edc5fc17cdb1459eb0b26d1c16d2645b
"fewshot(budget=50,rule=random)",50,0.04298090934753418,frozen source threshold (too few attacks in the budget),9.412786908985591e-05,0.0,0.2989527794501634,-0.00213964868953565,0.990246904641228,0.0,0.9649811147033283,0.9955221516593774,0.9770132708317815,0.0,"{""budget_attacks"": 2}",mlp,mlp,nf43,nf_cse_cic18_v2,nf_unsw_v2,1,edc5fc17cdb1459eb0b26d1c16d2645b
"fewshot(budget=200,rule=random)",200,0.04216265678405762,re-picked on the 200-flow labelled budget (11 attacks),0.9920208529433061,0.9419263456090652,0.2040931691197605,-0.10613636738431499,0.997784374773731,0.9626080997291387,1.0,0.9950750262715129,0.0956594105890067,3.263388049472963e-06,"{""budget_attacks"": 11}",mlp,mlp,nf43,nf_cse_cic18_v2,nf_unsw_v2,1,edc5fc17cdb1459eb0b26d1c16d2645b
"fewshot(budget=1000,rule=random)",1000,0.057566165924072266,re-picked on the 1000-flow labelled budget (54 attacks),0.105727318803852,0.974929178470255,0.5099853875437415,0.5265133219557815,0.07091448845123452,0.57863786182815,0.9946012115885621,0.9896473898092684,0.3788400774722855,0.00010769180563260777,"{""budget_attacks"": 54}",mlp,mlp,nf43,nf_cse_cic18_v2,nf_unsw_v2,1,edc5fc17cdb1459eb0b26d1c16d2645b
"fewshot(budget=200,rule=uncertainty)",200,0.14876651763916016,re-picked on the 200-flow labelled budget (75 attacks),7.964665846064731e-05,0.014730878186968839,0.21234549431415123,0.11201437827307376,0.9895590471363406,4.242404464314852e-05,0.980089352040763,0.9958471579652569,0.9868444312565959,6.526776098945926e-06,"{""budget_attacks"": 75}",mlp,mlp,nf43,nf_cse_cic18_v2,nf_unsw_v2,1,edc5fc17cdb1459eb0b26d1c16d2645b
"fewshot(budget=200,rule=drift)",200,0.1763160228729248,re-picked on the 200-flow labelled budget (9 attacks),0.018340453261892695,0.08427762039660057,0.05688622609036778,0.09767950186833015,0.99954384186518,0.038622197565512516,0.9892547370183203,0.9957971443348002,0.9173740253996875,0.0,"{""budget_attacks"": 9}",mlp,mlp,nf43,nf_cse_cic18_v2,nf_unsw_v2,1,edc5fc17cdb1459eb0b26d1c16d2645b
none,0,0.0,frozen source threshold,3.6203026573021506e-05,0.000708215297450425,0.04923936183050731,0.01741681090427407,0.9996596915502136,0.0,0.9502181487177878,0.9959562043304644,0.9673104518389491,0.0,,mlp,mlp,nf43,nf_cse_cic18_v2,nf_unsw_v2,2,a136db14138f44aab3392bf8914d7a69
scaling,0,0.17963910102844238,frozen source threshold,9.412786908985591e-05,0.00028328611898016995,0.028757790718748625,0.004002935301915374,0.9998769097096517,6.526776098945926e-05,0.03761365181999853,0.7072058199300211,0.16932618904203323,0.7675782397284862,{},mlp,mlp,nf43,nf_cse_cic18_v2,nf_unsw_v2,2,a136db14138f44aab3392bf8914d7a69
adabn,0,0.11589217185974121,frozen source threshold,0.13027297082036057,0.000708215297450425,0.02503855525828755,-0.0845676527524587,0.9993266237057418,0.0013543060405312795,0.7930045931552571,0.9876144842943565,0.8598061673299437,0.003256861273374017,{},mlp,mlp,nf43,nf_cse_cic18_v2,nf_unsw_v2,2,a136db14138f44aab3392bf8914d7a69
tent,0,0.29036569595336914,frozen source threshold,0.15581782637028455,0.000708215297450425,0.025263756118502838,-0.0938844707796922,0.9993700673376295,0.0012564043990470908,0.788547453885349,0.9877149809311665,0.8570418160150164,0.0031785399601866656,"{""tent_steps"": 49, ""tent_guard_stop"": false, ""tent_source_attack_rate"": 0.225724995136261}",mlp,mlp,nf43,nf_cse_cic18_v2,nf_unsw_v2,2,a136db14138f44aab3392bf8914d7a69
coral(lam=0.1),0,1.8513660430908203,source validation (re-picked after adaptation),0.005966258779233944,0.000991501416430595,0.03983418740123779,-0.014183860741426788,0.9996090073130114,7.505792513787814e-05,0.9496322336963914,0.9940807287281075,0.9667619972139907,7.505792513787814e-05,{},mlp,mlp,nf43,nf_cse_cic18_v2,nf_unsw_v2,2,a136db14138f44aab3392bf8914d7a69
coral(lam=1.0),0,1.7803044319152832,source validation (re-picked after adaptation),0.015328361451017306,0.0033994334277620396,0.045738640213709644,-0.021286092571814547,0.99954384186518,0.00022191038736416147,0.9491195580526696,0.9940249619036456,0.9661055943064051,0.00022191038736416147,{},mlp,mlp,nf43,nf_cse_cic18_v2,nf_unsw_v2,2,a136db14138f44aab3392bf8914d7a69
coral(lam=10.0),0,1.8273518085479736,source validation (re-picked after adaptation),0.022561726160307,0.007507082152974505,0.0562666455926824,-0.022160450376908156,0.9994207515748317,0.0003067584766504585,0.9487324356278184,0.9939715472818152,0.9656665069752778,0.0003067584766504585,{},mlp,mlp,nf43,nf_cse_cic18_v2,nf_unsw_v2,2,a136db14138f44aab3392bf8914d7a69
dann,0,1.7470519542694092,source validation (re-picked after adaptation),0.02786184925059735,0.0018413597733711049,0.03549222497014432,-0.03478528474422473,0.9995872854970675,0.00017295956662206704,0.949946116743568,0.9934696116979064,0.9667557080088208,0.00017295956662206704,{},mlp,mlp,nf43,nf_cse_cic18_v2,nf_unsw_v2,2,a136db14138f44aab3392bf8914d7a69
"fewshot(budget=50,rule=random)",50,0.04014945030212402,frozen source threshold (too few attacks in the budget),7.240605314604301e-06,0.0,0.22892292987390778,-0.0005934072462516933,0.9995583230758092,0.0,0.5874321227910481,0.9947666251046813,0.7214281129448447,0.0,"{""budget_attacks"": 2}",mlp,mlp,nf43,nf_cse_cic18_v2,nf_unsw_v2,2,a136db14138f44aab3392bf8914d7a69
"fewshot(budget=200,rule=random)",200,0.04397940635681152,re-picked on the 200-flow labelled budget (10 attacks),0.7710593005575266,0.9521246458923512,0.4375357916064753,0.09399810530130219,0.7703135182101224,0.6072120875893352,0.9984305847641168,0.9937427021495621,0.36350570293134055,0.0,"{""budget_attacks"": 10}",mlp,mlp,nf43,nf_cse_cic18_v2,nf_unsw_v2,2,a136db14138f44aab3392bf8914d7a69
"fewshot(budget=1000,rule=random)",1000,0.046408653259277344,re-picked on the 1000-flow labelled budget (41 attacks),0.0415827963217725,0.9205382436260623,0.6373005153144542,0.6803734412230861,0.061204836724350155,0.360891557615116,0.9864821034349268,0.9900058594929169,0.5327327354603263,9.790164148418888e-06,"{""budget_attacks"": 41}",mlp,mlp,nf43,nf_cse_cic18_v2,nf_unsw_v2,2,a136db14138f44aab3392bf8914d7a69
"fewshot(budget=200,rule=uncertainty)",200,0.1567823886871338,re-picked on the 200-flow labelled budget (71 attacks),3.6203026573021506e-05,0.010481586402266289,0.25390134321136115,0.09633975000093055,0.9865035116935775,2.6107104395783704e-05,0.9794929742511274,0.9954235006612556,0.9864876706467095,3.263388049472963e-06,"{""budget_attacks"": 71}",mlp,mlp,nf43,nf_cse_cic18_v2,nf_unsw_v2,2,a136db14138f44aab3392bf8914d7a69
"fewshot(budget=200,rule=drift)",200,0.19131875038146973,re-picked on the 200-flow labelled budget (6 attacks),0.011244660053580479,0.03002832861189802,0.06426518396762179,0.036867257118730755,0.9995003982332923,0.00854681330156969,0.9861054437783149,0.9955605770934217,0.9730745774451522,0.0,"{""budget_attacks"": 6}",mlp,mlp,nf43,nf_cse_cic18_v2,nf_unsw_v2,2,a136db14138f44aab3392bf8914d7a69
none,0,0.0,frozen source threshold,0.00019711036209173516,0.01059521243171592,0.7807526046398926,0.06455783138282963,0.80324443656003,0.0,0.9546648252194566,0.9960355048469367,0.9702339083030336,0.0,,mlp,mlp,nf43,nf_cse_cic18_v2,nf_ton_v2,0,18dae704999b47f2a8c906fe8aa2bea5
scaling,0,0.17026472091674805,frozen source threshold,1.3140690806115678e-05,7.797342482215179e-05,0.4610679364446572,0.004453019778067805,0.9638039671745544,0.0,0.03682894420205698,0.7923217118516477,0.1682880182052888,0.7047841268805274,{},mlp,mlp,nf43,nf_cse_cic18_v2,nf_ton_v2,0,18dae704999b47f2a8c906fe8aa2bea5
adabn,0,0.11586523056030273,frozen source threshold,0.02149159981340219,0.10112694532228252,0.6262588268592151,0.15523554238703807,0.9772009014513893,0.0004895082074209444,0.7837555060317859,0.9275214363748664,0.8556790168265593,0.4332441340599811,{},mlp,mlp,nf43,nf_cse_cic18_v2,nf_ton_v2,0,18dae704999b47f2a8c906fe8aa2bea5
tent,0,0.19992518424987793,frozen source threshold,0.00019711036209173516,0.01059521243171592,0.7807526046398926,0.06455783138282963,0.80324443656003,0.0,0.9546648252194566,0.9960355048469367,0.9702339083030336,0.0,"{""tent_steps"": 0, ""tent_guard_stop"": true, ""tent_source_attack_rate"": 0.22678999602794647}",mlp,mlp,nf43,nf_cse_cic18_v2,nf_ton_v2,0,18dae704999b47f2a8c906fe8aa2bea5
coral(lam=0.1),0,1.6128907203674316,source validation (re-picked after adaptation),0.18397624163102255,0.41884571811230925,0.7602452932245477,0.24727254875612903,0.9471087195053844,0.005466174982867213,0.9491823346621049,0.9928695838529101,0.9548839691282596,0.0055803935645987665,{},mlp,mlp,nf43,nf_cse_cic18_v2,nf_ton_v2,0,18dae704999b47f2a8c906fe8aa2bea5
coral(lam=1.0),0,1.5645108222961426,source validation (re-picked after adaptation),0.198227320810255,0.40286116602376815,0.7492221751710147,0.21607230064207397,0.9478314574997208,0.005916522533694481,0.9491927974303441,0.993258749933875,0.9539359122810646,0.005968736742486049,{},mlp,mlp,nf43,nf_cse_cic18_v2,nf_ton_v2,0,18dae704999b47f2a8c906fe8aa2bea5
coral(lam=10.0),0,1.6717321872711182,source validation (re-picked after adaptation),0.19588170750136336,0.40140260431238906,0.7478028410386899,0.21734164250050317,0.9612349621219588,0.0038083738537349476,0.9495903826234345,0.9944372771113076,0.9586865331524206,0.003841007734229677,{},mlp,mlp,nf43,nf_cse_cic18_v2,nf_ton_v2,0,18dae704999b47f2a8c906fe8aa2bea5
dann,0,1.6473701000213623,source validation (re-picked after adaptation),0.5595568959060178,0.4879439325208808,0.531499035072605,-0.07051461319422123,0.9677790261434044,0.19139770910158926,0.9489312282243636,0.9598645764418039,0.6673878395110383,0.20862513461475704,{},mlp,mlp,nf43,nf_cse_cic18_v2,nf_ton_v2,0,18dae704999b47f2a8c906fe8aa2bea5
"fewshot(budget=50,rule=random)",50,0.05350017547607422,re-picked on the 50-flow labelled budget (30 attacks),0.8207806884407913,0.9151098737289185,0.8659262321774177,0.14098611420972337,0.9108798349529235,0.5339522892667167,0.998817707188968,0.9951292051534596,0.4134257640474308,0.0,"{""budget_attacks"": 30}",mlp,mlp,nf43,nf_cse_cic18_v2,nf_ton_v2,0,18dae704999b47f2a8c906fe8aa2bea5
"fewshot(budget=200,rule=random)",200,0.05364418029785156,re-picked on the 200-flow labelled budget (115 attacks),0.8749466159436001,0.9555368011631801,0.8645943024227033,0.1482183236737217,0.8481658880807365,0.6335345755963842,0.9998639840128901,0.9954976195816609,0.34756344553032104,0.0,"{""budget_attacks"": 115}",mlp,mlp,nf43,nf_cse_cic18_v2,nf_ton_v2,0,18dae704999b47f2a8c906fe8aa2bea5
"fewshot(budget=1000,rule=random)",1000,0.05480456352233887,re-picked on the 1000-flow labelled budget (586 attacks),0.872200211565122,0.9518903968847323,0.8827848562618859,0.14381907975617766,0.8713526370081275,0.6527820383121757,0.9998849095493686,0.9954374674431712,0.3349350653477283,0.0,"{""budget_attacks"": 586}",mlp,mlp,nf43,nf_cse_cic18_v2,nf_ton_v2,0,18dae704999b47f2a8c906fe8aa2bea5
"fewshot(budget=200,rule=uncertainty)",200,0.15357303619384766,re-picked on the 200-flow labelled budget (198 attacks),0.011898895524937746,0.05093499309705857,0.7483771225325205,0.104674110074983,0.7335593532151985,0.0006265705054988088,0.9741988135220817,0.9954520417694459,0.9817289295713753,4.568743269262148e-05,"{""budget_attacks"": 198}",mlp,mlp,nf43,nf_cse_cic18_v2,nf_ton_v2,0,18dae704999b47f2a8c906fe8aa2bea5
"fewshot(budget=200,rule=drift)",200,0.20622777938842773,re-picked on the 200-flow labelled budget (17 attacks),0.3484648387965755,0.6010237452011944,0.7701876094907687,0.24853888433183116,0.8202024980453222,0.3060699017720197,0.9964740471033826,0.9953174214438776,0.5888628242989629,0.0,"{""budget_attacks"": 17}",mlp,mlp,nf43,nf_cse_cic18_v2,nf_ton_v2,0,18dae704999b47f2a8c906fe8aa2bea5
none,0,0.0,frozen source threshold,0.00040079106958652817,0.027189791902689164,0.7601995175473548,0.10448327304542035,0.7819827988357348,0.0,0.950228611486027,0.9960472735178283,0.9673173315436014,0.0,,mlp,mlp,nf43,nf_cse_cic18_v2,nf_ton_v2,1,a1f867eb77ec4c7787529c71f0524dc0
scaling,0,0.18644332885742188,frozen source threshold,0.00012483656265809893,0.0015273617921045027,0.533889276122661,0.022390915555389784,0.9429299798290396,0.0,0.04467602038147253,0.8589256097511783,0.18552604391667524,0.6641941063211827,{},mlp,mlp,nf43,nf_cse_cic18_v2,nf_ton_v2,1,a1f867eb77ec4c7787529c71f0524dc0
adabn,0,0.11192679405212402,frozen source threshold,0.015092083390823855,0.10835554047050082,0.6791235989130074,0.17983472156215627,0.9904138660569386,0.00038181640178833664,0.7999623340343388,0.987897019391204,0.8668239680086083,0.00851417942107496,{},mlp,mlp,nf43,nf_cse_cic18_v2,nf_ton_v2,1,a1f867eb77ec4c7787529c71f0524dc0
tent,0,0.21195125579833984,frozen source threshold,0.0014257649524635511,0.059021295918320546,0.7533744829902059,0.15347638275658507,0.8430213076301422,0.0,0.8775856116011175,0.9958303768258517,0.9194075694164762,9.790164148418888e-06,"{""tent_steps"": 4, ""tent_guard_stop"": true, ""tent_source_attack_rate"": 0.22545500099658966}",mlp,mlp,nf43,nf_cse_cic18_v2,nf_ton_v2,1,a1f867eb77ec4c7787529c71f0524dc0
coral(lam=0.1),0,1.7465929985046387,source validation (re-picked after adaptation),0.010230027792561054,0.12350073157419171,0.7450589531754709,0.2091387543335748,0.8954526639465437,5.547759684104037e-05,0.9491090952844303,0.9955310779160776,0.9664605146768442,5.547759684104037e-05,{},mlp,mlp,nf43,nf_cse_cic18_v2,nf_ton_v2,1,a1f867eb77ec4c7787529c71f0524dc0
coral(lam=1.0),0,1.971818208694458,source validation (re-picked after adaptation),0.02429056695510483,0.1465028918967265,0.7550116317966504,0.2038744559042553,0.9084619478445982,5.874098489051333e-05,0.9489626165290813,0.9955654309718601,0.966357081916824,5.874098489051333e-05,{},mlp,mlp,nf43,nf_cse_cic18_v2,nf_ton_v2,1,a1f867eb77ec4c7787529c71f0524dc0
coral(lam=10.0),0,1.8636574745178223,source validation (re-picked after adaptation),0.018304982292919138,0.15852455933548296,0.760590056951732,0.229082595722754,0.9401178719965309,0.00013706229807786444,0.9490777069797127,0.9954896936864471,0.9662624789711002,0.00013706229807786444,{},mlp,mlp,nf43,nf_cse_cic18_v2,nf_ton_v2,1,a1f867eb77ec4c7787529c71f0524dc0
dann,0,1.54213547706604,source validation (re-picked after adaptation),0.07163647592953962,0.30092237974892555,0.6637420487061059,0.27862004995612166,0.9952102182011708,0.0002969683125020396,0.9491614091256264,0.9950694861281985,0.9659700565670465,0.0003067584766504585,{},mlp,mlp,nf43,nf_cse_cic18_v2,nf_ton_v2,1,a1f867eb77ec4c7787529c71f0524dc0
"fewshot(budget=50,rule=random)",50,0.05432295799255371,re-picked on the 50-flow labelled budget (36 attacks),0.8608335140178319,0.9624626759562065,0.8039082508179424,0.1850436933823407,0.8118055966202143,0.4811245635218484,0.9970494993565397,0.993597296834732,0.4490438165569822,3.263388049472963e-06,"{""budget_attacks"": 36}",mlp,mlp,nf43,nf_cse_cic18_v2,nf_ton_v2,1,a1f867eb77ec4c7787529c71f0524dc0
"fewshot(budget=200,rule=random)",200,0.04062509536743164,re-picked on the 200-flow labelled budget (117 attacks),0.7804716193930314,0.9623480091549974,0.88072376989125,0.2832974623858423,0.6678099067667987,0.6213164507391574,0.9983991964593992,0.9937946586497319,0.35411740023414073,0.0,"{""budget_attacks"": 117}",mlp,mlp,nf43,nf_cse_cic18_v2,nf_ton_v2,1,a1f867eb77ec4c7787529c71f0524dc0
"fewshot(budget=1000,rule=random)",1000,0.04127311706542969,re-picked on the 1000-flow labelled budget (612 attacks),0.7444792672750806,0.9535828788705779,0.8960315747965613,0.30358503325935626,0.7351690878389477,0.5510948666905982,0.9977923559015244,0.9936743690755333,0.4006659715578289,0.0,"{""budget_attacks"": 612}",mlp,mlp,nf43,nf_cse_cic18_v2,nf_ton_v2,1,a1f867eb77ec4c7787529c71f0524dc0
"fewshot(budget=200,rule=uncertainty)",200,0.15508604049682617,re-picked on the 200-flow labelled budget (199 attacks),0.022562566114100617,0.058159001573228515,0.6889212407656667,0.08584085154341249,0.9665043791352111,0.0004960349835198903,0.9819203364826266,0.9959857618809431,0.9870821996983553,1.6316940247364814e-05,"{""budget_attacks"": 199}",mlp,mlp,nf43,nf_cse_cic18_v2,nf_ton_v2,1,a1f867eb77ec4c7787529c71f0524dc0
"fewshot(budget=200,rule=drift)",200,0.19820570945739746,frozen source threshold (too few attacks in the budget),0.00019711036209173516,0.0137370827848438,0.7552403607790689,0.07400525906201377,0.9780419056629807,0.0,0.8781715266225137,0.9952185547130711,0.9197953955536522,0.0,"{""budget_attacks"": 1}",mlp,mlp,nf43,nf_cse_cic18_v2,nf_ton_v2,1,a1f867eb77ec4c7787529c71f0524dc0
none,0,0.0,frozen source threshold,0.00038108003337735465,0.019222742554684598,0.8125339293648657,0.08703789663199851,0.8347295317314831,0.0,0.9502181487177878,0.9959562043304644,0.9673104518389491,0.0,,mlp,mlp,nf43,nf_cse_cic18_v2,nf_ton_v2,2,96c4975e090b4fd88c4afe2c2d045292
scaling,0,0.17325115203857422,frozen source threshold,4.599241782140487e-05,0.0002430936185631791,0.5103572342460485,0.007618593176996677,0.9312019132845814,0.0,0.03797984870837126,0.8361555026882864,0.1709208828495305,0.6986979081682603,{},mlp,mlp,nf43,nf_cse_cic18_v2,nf_ton_v2,2,96c4975e090b4fd88c4afe2c2d045292
adabn,0,0.11759018898010254,frozen source threshold,0.020985683217366737,0.13935227017333035,0.720349686918237,0.20280794890408216,0.9840800530883909,0.00038181640178833664,0.7755526957322368,0.9787444875793438,0.8504203965109002,0.03548281826191953,{},mlp,mlp,nf43,nf_cse_cic18_v2,nf_ton_v2,2,96c4975e090b4fd88c4afe2c2d045292
tent,0,0.20305514335632324,frozen source threshold,0.0007227379943363623,0.03088206290162047,0.813368562511898,0.11017307939738454,0.8425876648335403,0.0,0.9363131297278634,0.9959345600163745,0.9581629507284056,0.0,"{""tent_steps"": 1, ""tent_guard_stop"": true, ""tent_source_attack_rate"": 0.225724995136261}",mlp,mlp,nf43,nf_cse_cic18_v2,nf_ton_v2,2,96c4975e090b4fd88c4afe2c2d045292
coral(lam=0.1),0,1.8017921447753906,source validation (re-picked after adaptation),0.04557191571560917,0.27969526150910684,0.8052288110792156,0.29764071813047377,0.8267597027575739,0.00038181640178833664,0.9494229783316069,0.9953501520083766,0.9659579291586714,0.0003850797898378096,{},mlp,mlp,nf43,nf_cse_cic18_v2,nf_ton_v2,2,96c4975e090b4fd88c4afe2c2d045292
coral(lam=1.0),0,1.8259215354919434,source validation (re-picked after adaptation),0.0543564675194975,0.33016700072928085,0.8166104600364782,0.3293469547280815,0.8066741568604262,0.0006330972815977548,0.9490567814432342,0.9953224978853115,0.9651715542806082,0.0006526776098945926,{},mlp,mlp,nf43,nf_cse_cic18_v2,nf_ton_v2,2,96c4975e090b4fd88c4afe2c2d045292
coral(lam=10.0),0,1.5490467548370361,source validation (re-picked after adaptation),0.056294719413399565,0.3643101874572866,0.8338529031515124,0.35604066698613646,0.7750445140901057,0.0008941683255555918,0.9490358559067558,0.9953973416852389,0.9645918048981471,0.0009300655940997944,{},mlp,mlp,nf43,nf_cse_cic18_v2,nf_ton_v2,2,96c4975e090b4fd88c4afe2c2d045292
dann,0,1.6344273090362549,source validation (re-picked after adaptation),0.6659702100539425,0.4832471803433583,0.48082186073876776,-0.1810494801671848,0.9977923639445726,0.2773357699964103,0.9487324356278184,0.9566570120029024,0.5762320772419934,0.287090036876285,{},mlp,mlp,nf43,nf_cse_cic18_v2,nf_ton_v2,2,96c4975e090b4fd88c4afe2c2d045292
"fewshot(budget=50,rule=random)",50,0.04985666275024414,re-picked on the 50-flow labelled budget (27 attacks),0.2586416467913718,0.8499332639216963,0.9214570231707172,0.5956307982913598,0.6313182083982155,0.091851320040466,0.9907195245718112,0.9951173468842458,0.830692658778193,0.0,"{""budget_attacks"": 27}",mlp,mlp,nf43,nf_cse_cic18_v2,nf_ton_v2,2,96c4975e090b4fd88c4afe2c2d045292
"fewshot(budget=200,rule=random)",200,0.044867515563964844,re-picked on the 200-flow labelled budget (115 attacks),0.6175599051242123,0.949794287758631,0.9066406858011673,0.41943348366473937,0.61785557066735,0.304464314851679,0.9954277702794605,0.994383781528279,0.5894462400861553,0.0,"{""budget_attacks"": 115}",mlp,mlp,nf43,nf_cse_cic18_v2,nf_ton_v2,2,96c4975e090b4fd88c4afe2c2d045292
"fewshot(budget=1000,rule=random)",1000,0.04224681854248047,re-picked on the 1000-flow labelled budget (595 attacks),0.44463498446113314,0.962063635487999,0.9224884082631214,0.5874457448984078,0.4041222347058785,0.133554155924681,0.9905311947435053,0.9939519989798379,0.7716337629322273,0.0,"{""budget_attacks"": 595}",mlp,mlp,nf43,nf_cse_cic18_v2,nf_ton_v2,2,96c4975e090b4fd88c4afe2c2d045292
"fewshot(budget=200,rule=uncertainty)",200,0.15436291694641113,re-picked on the 200-flow labelled budget (193 attacks),0.05226052733592205,0.22080239240814042,0.8128007567401541,0.23128811726937493,0.8466087162202117,0.0015990601442417518,0.9833118846584429,0.9958376048116349,0.985661907605854,2.284371634631074e-05,"{""budget_attacks"": 193}",mlp,mlp,nf43,nf_cse_cic18_v2,nf_ton_v2,2,96c4975e090b4fd88c4afe2c2d045292
"fewshot(budget=200,rule=drift)",200,0.19868254661560059,frozen source threshold (too few attacks in the budget),0.00024967312531619785,0.015200231168271237,0.8119654950971387,0.07766160356642826,0.8437768973514937,0.0,0.9307678625610765,0.9957596074799668,0.9545123618505582,0.0,"{""budget_attacks"": 1}",mlp,mlp,nf43,nf_cse_cic18_v2,nf_ton_v2,2,96c4975e090b4fd88c4afe2c2d045292
none,0,0.0,frozen source threshold,0.019651002823836073,0.3328611898016997,0.282932864543962,0.36717709062962745,0.9973426978495402,0.021793835701942852,0.9504455951894983,0.9975359652024878,0.9225997575362254,0.021511310849611363,,mlp,mlp,nf43,nf_ton_v2,nf_unsw_v2,0,3c8aa6d2d35740ccb770f28e4d408e95
scaling,0,0.17437219619750977,frozen source threshold,0.23926580262109912,0.023937677053824363,0.02537450688990019,-0.11026340398953739,0.9998769097096517,0.005275987358655444,0.022795760080358496,0.6637185019859768,0.06957710634144611,0.5372637139534425,{},mlp,mlp,nf43,nf_ton_v2,nf_unsw_v2,0,3c8aa6d2d35740ccb770f28e4d408e95
adabn,0,0.11593127250671387,frozen source threshold,0.6167764825139381,0.06572237960339944,0.02574472884252309,-0.2409964636777235,0.9988197813337195,0.009277327709117668,0.1375038413378405,0.8309760835967945,0.22648567849550869,0.7201887003199758,{},mlp,mlp,nf43,nf_ton_v2,nf_unsw_v2,0,3c8aa6d2d35740ccb770f28e4d408e95
tent,0,0.3009190559387207,frozen source threshold,0.650083266961118,0.07195467422096317,0.026144928403550434,-0.2564566920217275,0.9988053001230903,0.0013206394260146257,0.07440499396852626,0.8674179275442083,0.17465335149510455,0.6584865866398597,"{""tent_steps"": 49, ""tent_guard_stop"": false, ""tent_source_attack_rate"": 0.567704975605011}",mlp,mlp,nf43,nf_ton_v2,nf_unsw_v2,0,3c8aa6d2d35740ccb770f28e4d408e95
coral(lam=0.1),0,1.8926689624786377,source validation (re-picked after adaptation),0.22112808630801534,0.4548158640226629,0.12567912823583677,0.118994793901758,0.9988342625443487,0.2163811851589038,0.9496383409089867,0.9421051402224787,0.7555222568585455,0.21677540588308727,{},mlp,mlp,nf43,nf_ton_v2,nf_unsw_v2,0,3c8aa6d2d35740ccb770f28e4d408e95
coral(lam=1.0),0,1.5908348560333252,source validation (re-picked after adaptation),0.1961117949460575,0.42478753541076486,0.13753550819567117,0.12135452349803073,0.9954746216783723,0.23944309752363682,0.9505923686950459,0.9343704090565028,0.7377378818698676,0.23941024579662154,{},mlp,mlp,nf43,nf_ton_v2,nf_unsw_v2,0,3c8aa6d2d35740ccb770f28e4d408e95
coral(lam=10.0),0,2.0275282859802246,source validation (re-picked after adaptation),0.15738179711823908,0.41827195467422096,0.14281248566525262,0.14936937940020198,0.9653899065961914,0.335343859026669,0.950174981538645,0.9029305414759802,0.6585397900331149,0.335343859026669,{},mlp,mlp,nf43,nf_ton_v2,nf_unsw_v2,0,3c8aa6d2d35740ccb770f28e4d408e95
dann,0,1.753894567489624,source validation (re-picked after adaptation),0.4237491854319021,0.49291784702549574,0.09078317771530724,0.030077485397362866,0.9983998262254724,0.6269226473235698,0.9506795154639648,0.8638120409308473,0.41249121988722404,0.6268832252511515,{},mlp,mlp,nf43,nf_ton_v2,nf_unsw_v2,0,3c8aa6d2d35740ccb770f28e4d408e95
"fewshot(budget=50,rule=random)",50,0.0407102108001709,frozen source threshold (too few attacks in the budget),0.012960683513141698,0.3029745042492918,0.3005229844687613,0.38442551227439825,0.9961479979726305,0.01869920301710261,0.9455607894579929,0.9974717686982449,0.9197856785981021,0.021741272938718387,"{""budget_attacks"": 1}",mlp,mlp,nf43,nf_ton_v2,nf_unsw_v2,0,3c8aa6d2d35740ccb770f28e4d408e95
"fewshot(budget=200,rule=random)",200,0.04314565658569336,re-picked on the 200-flow labelled budget (13 attacks),0.7772934617334009,0.886543909348442,0.41348786108792535,0.056972638156285664,0.9288320903627544,0.17626265612783265,0.9999174399031295,0.9971239345057704,0.8563212846242835,0.025216985656935986,"{""budget_attacks"": 13}",mlp,mlp,nf43,nf_ton_v2,nf_unsw_v2,0,3c8aa6d2d35740ccb770f28e4d408e95
"fewshot(budget=1000,rule=random)",1000,0.04315757751464844,re-picked on the 1000-flow labelled budget (36 attacks),0.267685178480921,0.9103399433427762,0.494403210942654,0.3019579739464616,0.3140105712837593,0.1653755937949658,0.9998761598546942,0.9970282982622165,0.864837825134873,0.023508695852140948,"{""budget_attacks"": 36}",mlp,mlp,nf43,nf_ton_v2,nf_unsw_v2,0,3c8aa6d2d35740ccb770f28e4d408e95
"fewshot(budget=200,rule=uncertainty)",200,0.16720843315124512,re-picked on the 200-flow labelled budget (33 attacks),0.01129534429078271,0.35807365439093486,0.3552304046973497,0.4508951788207381,0.9957932083122149,0.012996143207248406,0.9303055182251414,0.9974490200724907,0.907847270172021,0.022214337807738554,"{""budget_attacks"": 33}",mlp,mlp,nf43,nf_ton_v2,nf_unsw_v2,0,3c8aa6d2d35740ccb770f28e4d408e95
"fewshot(budget=200,rule=drift)",200,0.1783156394958496,re-picked on the 200-flow labelled budget (64 attacks),0.12910723336470928,0.47337110481586403,0.33714639952041614,0.20980197578304088,0.9902324234305988,0.04219475817843744,0.9688748434798163,0.997334174906349,0.9263475564768335,0.022877942693447395,"{""budget_attacks"": 64}",mlp,mlp,nf43,nf_ton_v2,nf_unsw_v2,0,3c8aa6d2d35740ccb770f28e4d408e95
none,0,0.0,frozen source threshold,0.01740641517630874,0.3096317280453258,0.29548500172821174,0.3592234116577115,0.9990007964665846,0.021925242610004007,0.9505143952702237,0.9975363775684678,0.9225619950431996,0.021563873612835828,,mlp,mlp,nf43,nf_ton_v2,nf_unsw_v2,1,a1cd95ca3561482487c5878ecc0541a6
scaling,0,0.1839580535888672,frozen source threshold,0.1558974730287452,0.026628895184135977,0.025994338751180974,-0.07795440576089921,0.996249366447035,0.025584924999507225,0.036629162978217895,0.7130889670198485,0.030834416493043408,0.48198739807751695,{},mlp,mlp,nf43,nf_ton_v2,nf_unsw_v2,1,a1cd95ca3561482487c5878ecc0541a6
adabn,0,0.11678051948547363,frozen source threshold,0.7034465281297516,0.0471671388101983,0.025157182073104682,-0.3005704027891171,0.9991962928100789,0.06002667560233641,0.32499782133077704,0.8400877746736295,0.31678108628641544,0.5918632842528532,{},mlp,mlp,nf43,nf_ton_v2,nf_unsw_v2,1,a1cd95ca3561482487c5878ecc0541a6
tent,0,0.29490232467651367,frozen source threshold,0.719817536746072,0.032577903682719546,0.025449468126121935,-0.31861615099856416,0.9991962928100789,0.011294423747856424,0.18531531076996463,0.8526698903977667,0.269650249237123,0.5333872101656384,"{""tent_steps"": 49, ""tent_guard_stop"": false, ""tent_source_attack_rate"": 0.5674999952316284}",mlp,mlp,nf43,nf_ton_v2,nf_unsw_v2,1,a1cd95ca3561482487c5878ecc0541a6
coral(lam=0.1),0,1.9224770069122314,source validation (re-picked after adaptation),0.18255738179711825,0.49575070821529743,0.1431591163262514,0.1691240336128582,0.9986025631742814,0.34693394831766305,0.9498676745114047,0.9209591872489409,0.6486163600664271,0.34696680004467834,{},mlp,mlp,nf43,nf_ton_v2,nf_unsw_v2,1,a1cd95ca3561482487c5878ecc0541a6
coral(lam=1.0),0,1.9926753044128418,source validation (re-picked after adaptation),0.18559119542393743,0.5463172804532578,0.16158056184362826,0.19285523036614424,0.9964738252117877,0.4555680392118214,0.9507299688564967,0.9014519670405969,0.5605532557971136,0.4536757797357407,{},mlp,mlp,nf43,nf_ton_v2,nf_unsw_v2,1,a1cd95ca3561482487c5878ecc0541a6
coral(lam=10.0),0,1.7292494773864746,source validation (re-picked after adaptation),0.17858228947940047,0.5715297450424929,0.18312509890289183,0.2122301640871463,0.9659184707841576,0.5323622362827614,0.9508905023781895,0.8564533041284985,0.49617751554666967,0.5306079540601449,{},mlp,mlp,nf43,nf_ton_v2,nf_unsw_v2,1,a1cd95ca3561482487c5878ecc0541a6
dann,0,1.6255433559417725,source validation (re-picked after adaptation),0.19357034248063137,0.469971671388102,0.11991452480954905,0.14673939762298632,0.9988342625443487,0.2375902601199745,0.949693380973567,0.9601609601658335,0.7380601450387971,0.23782022220908153,{},mlp,mlp,nf43,nf_ton_v2,nf_unsw_v2,1,a1cd95ca3561482487c5878ecc0541a6
"fewshot(budget=50,rule=random)",50,0.03788948059082031,frozen source threshold (too few attacks in the budget),0.010238215914850482,0.31855524079320113,0.41010510122637783,0.42286817212302524,0.990905799724857,0.019954138989086656,0.9470422845296138,0.9974526616496009,0.9203495633868587,0.02188582053758566,"{""budget_attacks"": 2}",mlp,mlp,nf43,nf_ton_v2,nf_unsw_v2,1,a1cd95ca3561482487c5878ecc0541a6
"fewshot(budget=200,rule=random)",200,0.05105710029602051,re-picked on the 200-flow labelled budget (11 attacks),0.45511548765476795,0.7701133144475921,0.42080204000238314,0.13574885075052245,0.9988342625443487,0.15709695858711292,0.9997477330373401,0.9971381539939111,0.871201690911141,0.026399647829486395,"{""budget_attacks"": 11}",mlp,mlp,nf43,nf_ton_v2,nf_unsw_v2,1,a1cd95ca3561482487c5878ecc0541a6
"fewshot(budget=1000,rule=random)",1000,0.043871402740478516,re-picked on the 1000-flow labelled budget (54 attacks),0.8474766490478604,0.9253541076487252,0.4912772997283846,0.047077096192743834,0.9549489537325321,0.26867456422184116,0.9999770666397582,0.9964937663860731,0.7847091366281758,0.03134711791798895,"{""budget_attacks"": 54}",mlp,mlp,nf43,nf_ton_v2,nf_unsw_v2,1,a1cd95ca3561482487c5878ecc0541a6
"fewshot(budget=200,rule=uncertainty)",200,0.1551811695098877,re-picked on the 200-flow labelled budget (42 attacks),0.009383824487727174,0.35580736543909347,0.3993183618162043,0.4662378198571471,0.9991600897835059,0.017063187011741206,0.9415566247597731,0.9974359650266678,0.916723789784379,0.022273470916366073,"{""budget_attacks"": 42}",mlp,mlp,nf43,nf_ton_v2,nf_unsw_v2,1,a1cd95ca3561482487c5878ecc0541a6
"fewshot(budget=200,rule=drift)",200,0.18632888793945312,re-picked on the 200-flow labelled budget (53 attacks),0.018427340525667947,0.3545325779036827,0.32915518075709466,0.3946184225845052,0.9992397364419665,0.02238516678821806,0.9508859157061411,0.9974735835241362,0.9225799880946468,0.02191867226460095,"{""budget_attacks"": 53}",mlp,mlp,nf43,nf_ton_v2,nf_unsw_v2,1,a1cd95ca3561482487c5878ecc0541a6
none,0,0.0,frozen source threshold,0.02454565201650858,0.3604815864022663,0.31735762624514163,0.3649108729405635,0.9958945767866194,0.022174915735320207,0.9507483155446902,0.9974942802234564,0.9226086416776709,0.02180040604734591,,mlp,mlp,nf43,nf_ton_v2,nf_unsw_v2,2,f08a54d87e8a4df0b1d7088b662ead7c
scaling,0,0.18168020248413086,frozen source threshold,0.20762435739627833,0.0330028328611898,0.029732901358628397,-0.09405562438622442,0.9977698935631019,0.0036859637711154475,0.021864665654541034,0.68847906996791,0.07510251029649413,0.4806207662336809,{},mlp,mlp,nf43,nf_ton_v2,nf_unsw_v2,2,f08a54d87e8a4df0b1d7088b662ead7c
adabn,0,0.11484479904174805,frozen source threshold,0.5511186735211063,0.11019830028328612,0.026845954965958117,-0.19001787700703307,0.9992397364419665,0.001386342880045204,0.051866087522876025,0.7184021106052594,0.143053771077891,0.7986911871957109,{},mlp,mlp,nf43,nf_ton_v2,nf_unsw_v2,2,f08a54d87e8a4df0b1d7088b662ead7c
tent,0,0.2944061756134033,frozen source threshold,0.5569763232206213,0.14206798866855525,0.028445916085991847,-0.1789779597007931,0.9992180146260228,0.0009067076656219818,0.05324208913738459,0.7772267332812562,0.14691881218264347,0.6752343970722541,"{""tent_steps"": 49, ""tent_guard_stop"": false, ""tent_source_attack_rate"": 0.5675599575042725}",mlp,mlp,nf43,nf_ton_v2,nf_unsw_v2,2,f08a54d87e8a4df0b1d7088b662ead7c
coral(lam=0.1),0,1.6951806545257568,source validation (re-picked after adaptation),0.46979943523278545,0.663314447592068,0.1384729565921861,0.08332175770919086,0.9380493809282456,0.24841818934421384,0.9499869279846622,0.9628972657841872,0.7295296187232188,0.2484247596896169,{},mlp,mlp,nf43,nf_ton_v2,nf_unsw_v2,2,f08a54d87e8a4df0b1d7088b662ead7c
coral(lam=1.0),0,1.981417179107666,source validation (re-picked after adaptation),0.48194193034537686,0.7359773371104816,0.16064487045989082,0.10929254576205905,0.8970820360582145,0.2657507605174804,0.9500282080330974,0.9614058522082902,0.7153316207221151,0.26569819775425596,{},mlp,mlp,nf43,nf_ton_v2,nf_unsw_v2,2,f08a54d87e8a4df0b1d7088b662ead7c
coral(lam=10.0),0,1.7330377101898193,source validation (re-picked after adaptation),0.4581855043081602,0.773371104815864,0.1594626534142728,0.1357827460910294,0.8853160524219825,0.3191085355357131,0.9497071409897121,0.9558226442476203,0.6711549839513252,0.3192596534799834,{},mlp,mlp,nf43,nf_ton_v2,nf_unsw_v2,2,f08a54d87e8a4df0b1d7088b662ead7c
dann,0,1.5772244930267334,source validation (re-picked after adaptation),0.31739193396567955,0.6784702549575071,0.19746831895498376,0.16455899519866668,0.9984649916733039,0.40159922207110427,0.9492897538333112,0.9142601651494754,0.6029357878045484,0.40351776292879715,{},mlp,mlp,nf43,nf_ton_v2,nf_unsw_v2,2,f08a54d87e8a4df0b1d7088b662ead7c
"fewshot(budget=50,rule=random)",50,0.03880906105041504,frozen source threshold (too few attacks in the budget),0.010904351603794077,0.33342776203966007,0.3510571602956956,0.4312171809746413,0.9948808920425748,0.01845610023718947,0.9443269746769836,0.997400850084554,0.918604541368163,0.022050079172662107,"{""budget_attacks"": 2}",mlp,mlp,nf43,nf_ton_v2,nf_unsw_v2,2,f08a54d87e8a4df0b1d7088b662ead7c
"fewshot(budget=200,rule=random)",200,0.03981733322143555,re-picked on the 200-flow labelled budget (10 attacks),0.12907103033813627,0.8002832861189801,0.563133527196251,0.39212827359984853,0.6168561291723988,0.11050006898862673,0.9984267714874119,0.997305940334547,0.9066429211007107,0.022490292314666982,"{""budget_attacks"": 10}",mlp,mlp,nf43,nf_ton_v2,nf_unsw_v2,2,f08a54d87e8a4df0b1d7088b662ead7c
"fewshot(budget=1000,rule=random)",1000,0.04968833923339844,re-picked on the 1000-flow labelled budget (41 attacks),0.057113894721598724,0.9194050991501417,0.6870269454077176,0.6208913326831228,0.08593874447903845,0.09691916504050618,0.9961747155116663,0.9969314984632703,0.9146807299830695,0.02538781463741549,"{""budget_attacks"": 41}",mlp,mlp,nf43,nf_ton_v2,nf_unsw_v2,2,f08a54d87e8a4df0b1d7088b662ead7c
"fewshot(budget=200,rule=uncertainty)",200,0.1593332290649414,re-picked on the 200-flow labelled budget (37 attacks),0.009572080225906885,0.3756373937677054,0.4209189236775711,0.4825567160025615,0.8202230106436899,0.006977706818047425,0.907803305155878,0.9974098974149601,0.8889731052006126,0.022720254403774006,"{""budget_attacks"": 37}",mlp,mlp,nf43,nf_ton_v2,nf_unsw_v2,2,f08a54d87e8a4df0b1d7088b662ead7c
"fewshot(budget=200,rule=drift)",200,0.1855483055114746,re-picked on the 200-flow labelled budget (59 attacks),0.018217362971544422,0.40311614730878187,0.40713690289064053,0.43896716527020935,0.6546593295199479,0.006550634366848666,0.9066795705040294,0.9974070563023331,0.8881747669423968,0.02228004126176913,"{""budget_attacks"": 59}",mlp,mlp,nf43,nf_ton_v2,nf_unsw_v2,2,f08a54d87e8a4df0b1d7088b662ead7c
none,0,0.0,frozen source threshold,0.01681950200698365,0.7398537305000157,0.8027904971087376,0.7866339866000626,0.6057566165192703,0.021793835701942852,0.9504455951894983,0.9975359652024878,0.9225997575362254,0.021511310849611363,,mlp,mlp,nf43,nf_ton_v2,nf_cse_cic18_v2,0,1d3eb3f2319b4c24a81c4ce9c255808a
scaling,0,0.1877899169921875,frozen source threshold,0.140978363737232,0.7405442732038042,0.6806824381676159,0.5663038234362744,0.5857030969552589,0.014172235034395759,0.7727120533154759,0.9797088429038362,0.748750140287386,0.1647514109816753,{},mlp,mlp,nf43,nf_ton_v2,nf_cse_cic18_v2,0,1d3eb3f2319b4c24a81c4ce9c255808a
adabn,0,0.11522436141967773,frozen source threshold,0.3304865711581764,0.7455350136539125,0.5311799322227682,0.3569769465823802,0.43410566850504195,0.04502000670175231,0.9547570669149585,0.9909789782436738,0.9071546981519849,0.042759807883100416,{},mlp,mlp,nf43,nf_ton_v2,nf_cse_cic18_v2,0,1d3eb3f2319b4c24a81c4ce9c255808a
tent,0,0.30262064933776855,frozen source threshold,0.3443331266520902,0.743515699383743,0.4482502045982909,0.3424057019969782,0.650272492902131,0.04479661495804835,0.9455562027859447,0.9913114172514246,0.8966212048823392,0.04837088285731181,"{""tent_steps"": 49, ""tent_guard_stop"": false, ""tent_source_attack_rate"": 0.567704975605011}",mlp,mlp,nf43,nf_ton_v2,nf_cse_cic18_v2,0,1d3eb3f2319b4c24a81c4ce9c255808a
coral(lam=0.1),0,1.731555700302124,source validation (re-picked after adaptation),0.2896713768234181,0.741245278675832,0.5461709012370258,0.39289590587217293,0.4791534771399667,0.03057838750583118,0.9508446356577058,0.9955514089018502,0.9152827319554449,0.030052759873586556,{},mlp,mlp,nf43,nf_ton_v2,nf_cse_cic18_v2,0,1d3eb3f2319b4c24a81c4ce9c255808a
coral(lam=1.0),0,1.8550169467926025,source validation (re-picked after adaptation),0.2961883627582156,0.7411406509934398,0.45559702077365316,0.38633394712892133,0.5621708057305094,0.03097917857541771,0.9508125289533673,0.9953801345483299,0.9148917612913943,0.030598098542040354,{},mlp,mlp,nf43,nf_ton_v2,nf_cse_cic18_v2,0,1d3eb3f2319b4c24a81c4ce9c255808a
coral(lam=10.0),0,1.563896894454956,source validation (re-picked after adaptation),0.2865678947883693,0.7410360233110477,0.4433103102511631,0.3958303145729449,0.6061416963091081,0.03511192583394109,0.9503125817000959,0.9944255726005903,0.9106675202366091,0.0349542375442677,{},mlp,mlp,nf43,nf_ton_v2,nf_cse_cic18_v2,0,1d3eb3f2319b4c24a81c4ce9c255808a
dann,0,1.6446483135223389,source validation (re-picked after adaptation),0.3241653885063473,0.7425949757786915,0.6829673506829473,0.3604829944459978,0.6351630062330712,0.08019763598972399,0.9495603674841645,0.9897498206753835,0.8704263068684486,0.0802107766805301,{},mlp,mlp,nf43,nf_ton_v2,nf_cse_cic18_v2,0,1d3eb3f2319b4c24a81c4ce9c255808a
"fewshot(budget=50,rule=random)",50,0.049028873443603516,re-picked on the 50-flow labelled budget (9 attacks),0.01571647684626179,0.8647268694351151,0.9380341133287012,0.8759930578607386,0.3318865646314003,0.028462736286046557,0.959706086055141,0.9974656168856623,0.927432143102751,0.021760983974927563,"{""budget_attacks"": 9}",mlp,mlp,nf43,nf_ton_v2,nf_cse_cic18_v2,0,1d3eb3f2319b4c24a81c4ce9c255808a
"fewshot(budget=200,rule=random)",200,0.046686649322509766,re-picked on the 200-flow labelled budget (41 attacks),0.00643213784551121,0.8391663266266989,0.9459023830018226,0.8790548137908781,0.3405802303951963,0.025098719439680943,0.954142452860478,0.9973341716855216,0.9239278285514164,0.02255599576869756,"{""budget_attacks"": 41}",mlp,mlp,nf43,nf_ton_v2,nf_cse_cic18_v2,0,1d3eb3f2319b4c24a81c4ce9c255808a
"fewshot(budget=1000,rule=random)",1000,0.0485076904296875,re-picked on the 1000-flow labelled budget (241 attacks),0.016176614561237476,0.9237996589137554,0.9664814570850039,0.9154052525544124,0.024325294520771465,0.02739176998534813,0.957564110208556,0.9973178256507799,0.9258749620218398,0.02238516678821806,"{""budget_attacks"": 241}",mlp,mlp,nf43,nf_ton_v2,nf_cse_cic18_v2,0,1d3eb3f2319b4c24a81c4ce9c255808a
"fewshot(budget=200,rule=uncertainty)",200,0.15259909629821777,re-picked on the 200-flow labelled budget (24 attacks),0.0008550076689619162,0.7368090649424025,0.8181427769678624,0.8230129903981213,0.7303005580393565,0.005584793592599163,0.8944239827908065,0.9972695790993287,0.8761546501399231,0.023416711016498136,"{""budget_attacks"": 24}",mlp,mlp,nf43,nf_ton_v2,nf_cse_cic18_v2,0,1d3eb3f2319b4c24a81c4ce9c255808a
"fewshot(budget=200,rule=drift)",200,0.20252680778503418,frozen source threshold (too few attacks in the budget),0.010694122638122899,0.7389748579679212,0.8010724803791835,0.8003824072330892,0.7036680481676076,0.018528374036623104,0.9451158822693019,0.9975132066845525,0.9194337250872797,0.021379903941550208,"{""budget_attacks"": 0}",mlp,mlp,nf43,nf_ton_v2,nf_cse_cic18_v2,0,1d3eb3f2319b4c24a81c4ce9c255808a
none,0,0.0,frozen source threshold,0.0320823679143687,0.6841290268579261,0.7630627146453615,0.7117482472979069,0.8977547890219626,0.021925242610004007,0.9505143952702237,0.9975363775684678,0.9225619950431996,0.021563873612835828,,mlp,mlp,nf43,nf_ton_v2,nf_cse_cic18_v2,1,e30e79669017476db89570d09a98bf40
scaling,0,0.18088436126708984,frozen source threshold,0.15234474431354633,0.7674649758833192,0.6020431536540831,0.5721967787030615,0.46617171947916325,0.02784512381815912,0.7322988858973595,0.9717217287429173,0.6978280000522362,0.25410153811785885,{},mlp,mlp,nf43,nf_ton_v2,nf_cse_cic18_v2,1,e30e79669017476db89570d09a98bf40
adabn,0,0.12347722053527832,frozen source threshold,0.38104297882061156,0.7603398307124098,0.3639705354139552,0.3234733902802097,0.6040890252259896,0.05565082556389989,0.9112341358480527,0.985663133264789,0.847977558620297,0.1054868954460936,{},mlp,mlp,nf43,nf_ton_v2,nf_cse_cic18_v2,1,e30e79669017476db89570d09a98bf40
tent,0,0.28537821769714355,frozen source threshold,0.40108344483242503,0.7510802808206996,0.34394441936235415,0.2981378915536896,0.5408413014391541,0.05952732935170402,0.9494181806506653,0.9881898991393926,0.8882105466757095,0.060210645273622035,"{""tent_steps"": 49, ""tent_guard_stop"": false, ""tent_source_attack_rate"": 0.5674999952316284}",mlp,mlp,nf43,nf_ton_v2,nf_cse_cic18_v2,1,e30e79669017476db89570d09a98bf40
coral(lam=0.1),0,1.9457573890686035,source validation (re-picked after adaptation),0.31484841562510196,0.7430239492764996,0.45022438913384544,0.36972662529411643,0.8255555918154228,0.03601863349956307,0.9498860211995982,0.9951132984889635,0.9093743684989393,0.03608433695359365,{},mlp,mlp,nf43,nf_ton_v2,nf_cse_cic18_v2,1,e30e79669017476db89570d09a98bf40
coral(lam=1.0),0,1.8473079204559326,source validation (re-picked after adaptation),0.34895082074209444,0.743327369555437,0.4086917328617136,0.3380019004320688,0.803870378226675,0.061734965407131456,0.9501612215224999,0.9933953136247241,0.8871625596217927,0.06156413642665195,{},mlp,mlp,nf43,nf_ton_v2,nf_cse_cic18_v2,1,e30e79669017476db89570d09a98bf40
coral(lam=10.0),0,1.9545531272888184,source validation (re-picked after adaptation),0.34145155500440555,0.7436621781390921,0.43432631639062425,0.34519046403423237,0.765956335867898,0.06683355343990434,0.949973167968517,0.99289100307722,0.8825036821899688,0.06684012378530739,{},mlp,mlp,nf43,nf_ton_v2,nf_cse_cic18_v2,1,e30e79669017476db89570d09a98bf40
dann,0,1.397282361984253,source validation (re-picked after adaptation),0.3576640668341873,0.7433169067871978,0.30178052955942675,0.3300462527826623,0.8834905198577163,0.06511869328970624,0.9499318879200819,0.9926996507255997,0.883945959209941,0.06523038916155822,{},mlp,mlp,nf43,nf_ton_v2,nf_cse_cic18_v2,1,e30e79669017476db89570d09a98bf40
"fewshot(budget=50,rule=random)",50,0.04913139343261719,re-picked on the 50-flow labelled budget (8 attacks),0.21241066475214568,0.9752974041871999,0.9223719289050291,0.6646997894451204,0.14314525340208203,0.04806207662336809,0.9739247694050628,0.997409303268446,0.9274004178549887,0.021990946064034587,"{""budget_attacks"": 8}",mlp,mlp,nf43,nf_ton_v2,nf_cse_cic18_v2,1,e30e79669017476db89570d09a98bf40
"fewshot(budget=200,rule=random)",200,0.0530855655670166,re-picked on the 200-flow labelled budget (55 attacks),0.13133178866298992,0.9454262008642247,0.9270276480313747,0.7399982422382372,0.13413177560943773,0.031905597277248864,0.9615499282185824,0.9973462201027641,0.9265816972265899,0.022418018515233347,"{""budget_attacks"": 55}",mlp,mlp,nf43,nf_ton_v2,nf_cse_cic18_v2,1,e30e79669017476db89570d09a98bf40
"fewshot(budget=1000,rule=random)",1000,0.048159122467041016,re-picked on the 1000-flow labelled budget (226 attacks),0.09928858140521489,0.9188612323048432,0.9306001225687007,0.7657008728226075,0.12543810984564174,0.031025170993239114,0.960683047201442,0.9972704550378091,0.9263334636977425,0.022319463334187477,"{""budget_attacks"": 226}",mlp,mlp,nf43,nf_ton_v2,nf_cse_cic18_v2,1,e30e79669017476db89570d09a98bf40
"fewshot(budget=200,rule=uncertainty)",200,0.15227746963500977,re-picked on the 200-flow labelled budget (138 attacks),0.0005874098489051334,0.43446645113364096,0.8093529484697604,0.6057363141291915,0.9805697875534379,0.002003955347932641,0.8163817578879292,0.9973020583269714,0.8019464387577678,0.02350212550673789,"{""budget_attacks"": 138}",mlp,mlp,nf43,nf_ton_v2,nf_cse_cic18_v2,1,e30e79669017476db89570d09a98bf40
"fewshot(budget=200,rule=drift)",200,0.19726252555847168,frozen source threshold (too few attacks in the budget),0.013468002480174917,0.41801897946158595,0.747343933161438,0.551185227175179,0.9677087752504651,0.016885787685858647,0.9416529448727886,0.9974828783623942,0.9169914975805828,0.021898961228391776,"{""budget_attacks"": 4}",mlp,mlp,nf43,nf_ton_v2,nf_cse_cic18_v2,1,e30e79669017476db89570d09a98bf40
none,0,0.0,frozen source threshold,0.024106647521456775,0.7397700283541019,0.7363707985183501,0.7700737700131857,0.9570374963286884,0.022174915735320207,0.9507483155446902,0.9974942802234564,0.9226086416776709,0.02180040604734591,,mlp,mlp,nf43,nf_ton_v2,nf_cse_cic18_v2,2,1846226c345f4334bc385e52a64b9978
scaling,0,0.182647705078125,frozen source threshold,0.17485233169076134,0.7402408529248669,0.5886665562335363,0.5207525482319597,0.6015240022191038,0.01480955853849237,0.7656623383771437,0.975651844814948,0.7416392729240351,0.18196571593768684,{},mlp,mlp,nf43,nf_ton_v2,nf_cse_cic18_v2,2,1846226c345f4334bc385e52a64b9978
adabn,0,0.1105794906616211,frozen source threshold,0.3648304669908299,0.6967575881226655,0.34831020511129857,0.28441183357643146,0.5903795320301537,0.04482289633966058,0.9133394183182508,0.9865239262803766,0.8601471143291077,0.0886733815596686,{},mlp,mlp,nf43,nf_ton_v2,nf_cse_cic18_v2,2,1846226c345f4334bc385e52a64b9978
tent,0,0.29387331008911133,frozen source threshold,0.3782364650980648,0.7592412400472918,0.34272434492996645,0.3250238332076637,0.5410534216623699,0.043246013442926695,0.9136558986895877,0.9872745180510889,0.861931818724661,0.08757613387735794,"{""tent_steps"": 49, ""tent_guard_stop"": false, ""tent_source_attack_rate"": 0.5675599575042725}",mlp,mlp,nf43,nf_ton_v2,nf_cse_cic18_v2,2,1846226c345f4334bc385e52a64b9978
coral(lam=0.1),0,1.5393216609954834,source validation (re-picked after adaptation),0.2785040629181216,0.741433608504138,0.4070191789901491,0.40431193272806404,0.8556244493032666,0.03593978935472638,0.9504134884851598,0.9948479841632666,0.910054677350238,0.03569668657481324,{},mlp,mlp,nf43,nf_ton_v2,nf_cse_cic18_v2,2,1846226c345f4334bc385e52a64b9978
coral(lam=1.0),0,1.6873054504394531,source validation (re-picked after adaptation),0.3052051039389094,0.7423752576456679,0.4282682351969054,0.37851283781420647,0.8041967170316222,0.05354174468951833,0.9499456479362269,0.9932126759770096,0.8940588924429105,0.053607448143548904,{},mlp,mlp,nf43,nf_ton_v2,nf_cse_cic18_v2,2,1846226c345f4334bc385e52a64b9978
coral(lam=10.0),0,1.7694289684295654,source validation (re-picked after adaptation),0.3899324478673759,0.74583843393285,0.4271770924887782,0.3034152286454826,0.76873021570995,0.06899519707751037,0.9500511413933392,0.9918882768941077,0.8807182145656014,0.0689886267321073,{},mlp,mlp,nf43,nf_ton_v2,nf_cse_cic18_v2,2,1846226c345f4334bc385e52a64b9978
dann,0,1.411076307296753,source validation (re-picked after adaptation),0.5010736546682766,0.7521056321081432,0.35887461709977597,0.21532672226720076,0.8546650132167216,0.09288497296302867,0.9496566875971801,0.9915512123027932,0.8596008070227799,0.0937522585562323,{},mlp,mlp,nf43,nf_ton_v2,nf_cse_cic18_v2,2,1846226c345f4334bc385e52a64b9978
"fewshot(budget=50,rule=random)",50,0.04248166084289551,re-picked on the 50-flow labelled budget (12 attacks),0.09304572006657312,0.8864475762997374,0.9242779128854545,0.7508730236103687,0.10811278269098978,0.07714899572270514,0.9916660168881265,0.9973489179333397,0.925056340547499,0.022181486080723265,"{""budget_attacks"": 12}",mlp,mlp,nf43,nf_ton_v2,nf_cse_cic18_v2,2,1846226c345f4334bc385e52a64b9978
"fewshot(budget=200,rule=random)",200,0.04177093505859375,re-picked on the 200-flow labelled budget (46 attacks),0.02343765297131482,0.9322954267240027,0.963867049603559,0.9065483377872786,0.02698495578109193,0.028745261138378046,0.958109924182311,0.9972635513411359,0.9253223931732083,0.02258227715030979,"{""budget_attacks"": 46}",mlp,mlp,nf43,nf_ton_v2,nf_cse_cic18_v2,2,1846226c345f4334bc385e52a64b9978
"fewshot(budget=1000,rule=random)",1000,0.04343581199645996,re-picked on the 1000-flow labelled budget (255 attacks),0.028368632314068467,0.9259026753298387,0.9668809307458234,0.8924130830363826,0.028998466207616747,0.060460318398938236,0.9804240836975915,0.997040602274629,0.9248417999870712,0.02310790478255442,"{""budget_attacks"": 255}",mlp,mlp,nf43,nf_ton_v2,nf_cse_cic18_v2,2,1846226c345f4334bc385e52a64b9978
"fewshot(budget=200,rule=uncertainty)",200,0.15258073806762695,re-picked on the 200-flow labelled budget (6 attacks),0.0004829814313219985,0.692844512801197,0.803790386827467,0.7938888333547236,0.9982116633488888,0.0032720320107228035,0.8002504322938405,0.9969729325138627,0.7854597518408475,0.024119737974625327,"{""budget_attacks"": 6}",mlp,mlp,nf43,nf_ton_v2,nf_cse_cic18_v2,2,1846226c345f4334bc385e52a64b9978
"fewshot(budget=200,rule=drift)",200,0.2127988338470459,re-picked on the 200-flow labelled budget (13 attacks),0.02263485951114447,0.7402513156931061,0.7410684574187003,0.7737019404718664,0.9425839506575727,0.0339883967700182,0.9647193186040005,0.9974623079005154,0.928502566962776,0.02191210191919789,"{""budget_attacks"": 13}",mlp,mlp,nf43,nf_ton_v2,nf_cse_cic18_v2,2,1846226c345f4334bc385e52a64b9978
none,0,0.0,frozen source threshold,6.66619262630213e-06,0.0,0.5376179321347743,-0.0014718192395072973,0.8491011009587467,0.0012512098094849063,0.8298598762358631,0.9972323065597977,0.8912900784260787,0.002918262879180973,,trees,xgb,cic77,lycos17,lycos18,0,ef1e865dc756498baf97e8ea4155e8d4
scaling,0,0.3527510166168213,frozen source threshold,0.0,0.0,0.5149631554547115,0.0,0.5040648961259051,0.0,0.0,0.9733116022061848,0.0,0.01407243032785377,{},trees,xgb,cic77,lycos17,lycos18,0,ef1e865dc756498baf97e8ea4155e8d4
"fewshot(budget=50,rule=random)",50,2.1662890911102295,re-picked on the 50-flow labelled budget (12 attacks),5.332954101041704e-05,0.24293227228946065,0.996376437701794,0.4217726945820678,0.004487088325570922,0.0016155326657760997,0.8468063162387083,0.996462130404354,0.900809451605935,0.002885142619518137,"{""budget_attacks"": 12, ""fewshot_repeat"": 1500}",trees,xgb,cic77,lycos17,lycos18,0,ef1e865dc756498baf97e8ea4155e8d4
"fewshot(budget=200,rule=random)",200,2.2695016860961914,re-picked on the 200-flow labelled budget (60 attacks),0.00022146573280714852,0.8305037804303874,0.9984734258072349,0.8758848599044831,0.0030116376909493842,0.0020497760702443907,0.8903727149868411,0.9974116406506849,0.9267165523811336,0.0028925026772209893,"{""budget_attacks"": 60, ""fewshot_repeat"": 375}",trees,xgb,cic77,lycos17,lycos18,0,ef1e865dc756498baf97e8ea4155e8d4
"fewshot(budget=1000,rule=random)",1000,2.4517598152160645,re-picked on the 1000-flow labelled budget (317 attacks),0.0010577025633732712,0.925546908417266,0.9991900588066456,0.9435458546419908,0.0011725092141595856,0.0021233766472729147,0.8787787182587666,0.9948182218955965,0.91926012336769,0.0029329829945866775,"{""budget_attacks"": 317, ""fewshot_repeat"": 75}",trees,xgb,cic77,lycos17,lycos18,0,ef1e865dc756498baf97e8ea4155e8d4
none,0,0.0,frozen source threshold,6.66619262630213e-06,0.0,0.5376179321347743,-0.0014718192395072973,0.8491011009587467,0.0012512098094849063,0.8298598762358631,0.9972323065597977,0.8912900784260787,0.002918262879180973,,trees,xgb,cic77,lycos17,lycos18,1,0079e380eb9749aeab42d81344b537c9
scaling,0,0.32286548614501953,frozen source threshold,0.0,0.0,0.5133894613828189,0.0,0.5041693331437171,0.0,0.0,0.96872547240556,0.0,0.014370512664819292,{},trees,xgb,cic77,lycos17,lycos18,1,0079e380eb9749aeab42d81344b537c9
"fewshot(budget=50,rule=random)",50,2.377567768096924,re-picked on the 50-flow labelled budget (16 attacks),0.0001629513753096076,0.5428141049904143,0.9973320424121052,0.6666434385515165,0.007385400741873171,0.00150881182908474,0.8358524788391778,0.9975200458995193,0.8942467434338321,0.0028777825618152846,"{""budget_attacks"": 16, ""fewshot_repeat"": 1500}",trees,xgb,cic77,lycos17,lycos18,1,0079e380eb9749aeab42d81344b537c9
"fewshot(budget=200,rule=random)",200,2.3978726863861084,re-picked on the 200-flow labelled budget (64 attacks),0.00030812623694907623,0.8629182399226989,0.9991092992443003,0.8991970984042889,0.0010354819212855975,0.0019945756374729977,0.8937157692581265,0.9970888001101734,0.9289661292079915,0.002866742475261006,"{""budget_attacks"": 64, ""fewshot_repeat"": 375}",trees,xgb,cic77,lycos17,lycos18,1,0079e380eb9749aeab42d81344b537c9
"fewshot(budget=1000,rule=random)",1000,2.953526020050049,re-picked on the 1000-flow labelled budget (322 attacks),0.0003829357319775779,0.9157765653320532,0.9993765565594411,0.9375062618728155,0.00045404178665813395,0.0021196966184214884,0.904296180382673,0.997139880871568,0.9351547944796184,0.0027821018116782037,"{""budget_attacks"": 322, ""fewshot_repeat"": 75}",trees,xgb,cic77,lycos17,lycos18,1,0079e380eb9749aeab42d81344b537c9
none,0,0.0,frozen source threshold,6.66619262630213e-06,0.0,0.5376179321347743,-0.0014718192395072973,0.8491011009587467,0.0012512098094849063,0.8298598762358631,0.9972323065597977,0.8912900784260787,0.002918262879180973,,trees,xgb,cic77,lycos17,lycos18,2,918dd11058464ee38436227b1e3f6b48
scaling,0,0.3336617946624756,frozen source threshold,0.0,0.0,0.5132817831349458,0.0,0.5064380607008687,0.0,0.0,0.973419126115967,0.0,0.014017229895082377,{},trees,xgb,cic77,lycos17,lycos18,2,918dd11058464ee38436227b1e3f6b48
"fewshot(budget=50,rule=random)",50,2.2827868461608887,re-picked on the 50-flow labelled budget (16 attacks),0.00010517770588165582,0.5547508485581435,0.992233933645578,0.6756625825015521,0.0049855713964044035,0.0020019356951758503,0.8776762216373853,0.9963079476760549,0.9189480099020473,0.002918262879180973,"{""budget_attacks"": 16, ""fewshot_repeat"": 1500}",trees,xgb,cic77,lycos17,lycos18,2,918dd11058464ee38436227b1e3f6b48
"fewshot(budget=200,rule=random)",200,2.295374631881714,re-picked on the 200-flow labelled budget (61 attacks),0.00027701733802633295,0.8361767339666362,0.9991453792566592,0.8798898506060895,0.0005666263732356811,0.0020056157240272766,0.8618144960523508,0.9968226381420738,0.9090083487125509,0.0028925026772209893,"{""budget_attacks"": 61, ""fewshot_repeat"": 375}",trees,xgb,cic77,lycos17,lycos18,2,918dd11058464ee38436227b1e3f6b48
"fewshot(budget=1000,rule=random)",1000,2.318319082260132,re-picked on the 1000-flow labelled budget (334 attacks),0.0011206610492883469,0.9276702270720051,0.999140170547685,0.9449975798481204,0.0016369206337919673,0.0021785770800443077,0.8676470588235294,0.9971103990375825,0.9121245060700386,0.0028777825618152846,"{""budget_attacks"": 334, ""fewshot_repeat"": 75}",trees,xgb,cic77,lycos17,lycos18,2,918dd11058464ee38436227b1e3f6b48
none,0,0.0,frozen source threshold,0.0013873708769876756,0.2919126538160609,0.8501208246594065,0.496815972611433,0.207075223469752,0.00015776655882248372,0.9501727889021212,0.9999169076482084,0.9630318464277442,0.0001570258707528946,,trees,xgb,cic77,lycos18,lycos17,0,4906a36b5c02466bac57093b0fd76bcd
scaling,0,0.3270905017852783,frozen source threshold,0.0,0.0,0.6600201581043214,0.0,0.3676348822574769,0.0,0.0,0.7990470592815189,0.0,0.3756458799966817,{},trees,xgb,cic77,lycos18,lycos17,0,4906a36b5c02466bac57093b0fd76bcd
"fewshot(budget=50,rule=random)",50,3.8642191886901855,re-picked on the 50-flow labelled budget (13 attacks),0.0028336222155981704,0.6053417739526282,0.9639177926577339,0.7372706439401403,0.03680764857196481,3.110889892274327e-05,0.824069201724504,0.9998976303737962,0.8715684024794363,0.00019850440264988564,"{""budget_attacks"": 13, ""fewshot_repeat"": 1500}",trees,xgb,cic77,lycos18,lycos17,0,4906a36b5c02466bac57093b0fd76bcd
"fewshot(budget=200,rule=random)",200,3.907111883163452,re-picked on the 200-flow labelled budget (44 attacks),0.005770285239036274,0.8041290276691088,0.9803062379929757,0.8604239702278015,0.011514810276112565,8.221637572439294e-05,0.8821773555758655,0.9998957358282257,0.9135505689443328,0.00021331816404166815,"{""budget_attacks"": 44, ""fewshot_repeat"": 375}",trees,xgb,cic77,lycos18,lycos17,0,4906a36b5c02466bac57093b0fd76bcd
"fewshot(budget=1000,rule=random)",1000,3.5768580436706543,re-picked on the 1000-flow labelled budget (229 attacks),0.004784037506854054,0.8783697275766413,0.9934407586240842,0.9108426127525584,0.007091415596698278,0.0001481376139178251,0.9285072454402501,0.9998992717922844,0.9471851239544296,0.00021109609983290076,"{""budget_attacks"": 229, ""fewshot_repeat"": 75}",trees,xgb,cic77,lycos18,lycos17,0,4906a36b5c02466bac57093b0fd76bcd
none,0,0.0,frozen source threshold,0.0013873708769876756,0.2919126538160609,0.8501208246594065,0.496815972611433,0.207075223469752,0.00015776655882248372,0.9501727889021212,0.9999169076482084,0.9630318464277442,0.0001570258707528946,,trees,xgb,cic77,lycos18,lycos17,1,b7ecc5a27e2943fea74a723e0f33cd4e
scaling,0,0.3304777145385742,frozen source threshold,0.0,0.0,0.6599808902210499,0.0,0.36768640266139685,0.0,0.0,0.801975350351621,0.0,0.38176988895604463,{},trees,xgb,cic77,lycos18,lycos17,1,b7ecc5a27e2943fea74a723e0f33cd4e
"fewshot(budget=50,rule=random)",50,3.363712787628174,re-picked on the 50-flow labelled budget (10 attacks),0.0028777825618152846,0.5430507148445836,0.9531022173267124,0.6927443102227621,0.0508138383804929,2.444270629644114e-05,0.7972076821053474,0.9999034550815841,0.852190895057013,0.00017628376056221188,"{""budget_attacks"": 10, ""fewshot_repeat"": 1500}",trees,xgb,cic77,lycos18,lycos17,1,b7ecc5a27e2943fea74a723e0f33cd4e
"fewshot(budget=200,rule=random)",200,3.2994065284729004,re-picked on the 200-flow labelled budget (54 attacks),0.007558779260829405,0.7310797354008108,0.9570350632809814,0.8066445671431468,0.029948074792906378,6.592123819343218e-05,0.8844514606278253,0.9999037283879677,0.9152292815838344,0.00018813476967563788,"{""budget_attacks"": 54, ""fewshot_repeat"": 375}",trees,xgb,cic77,lycos18,lycos17,1,b7ecc5a27e2943fea74a723e0f33cd4e
"fewshot(budget=1000,rule=random)",1000,3.442715883255005,re-picked on the 1000-flow labelled budget (232 attacks),0.001920975060444474,0.7932463190838609,0.9929748221901215,0.8658192682480124,0.006782293173178478,9.628944904658632e-05,0.9093542957198204,0.9998989081411621,0.9332936073282764,0.00019331958616276176,"{""budget_attacks"": 232, ""fewshot_repeat"": 75}",trees,xgb,cic77,lycos18,lycos17,1,b7ecc5a27e2943fea74a723e0f33cd4e
none,0,0.0,frozen source threshold,0.0013873708769876756,0.2919126538160609,0.8501208246594065,0.496815972611433,0.207075223469752,0.00015776655882248372,0.9501727889021212,0.9999169076482084,0.9630318464277442,0.0001570258707528946,,trees,xgb,cic77,lycos18,lycos17,2,6d3a48d504e64fb396bac5c3b510a01a
scaling,0,0.32665014266967773,frozen source threshold,0.0,0.0,0.6593989548414856,0.0,0.3676680025171397,0.0,0.0,0.8015028464283367,0.0,0.3821357888624216,{},trees,xgb,cic77,lycos18,lycos17,2,6d3a48d504e64fb396bac5c3b510a01a
"fewshot(budget=50,rule=random)",50,3.167876720428467,re-picked on the 50-flow labelled budget (11 attacks),0.0006808053375138461,0.5406678995661143,0.9517375564333687,0.6998696682180449,0.05389402252913663,6.518055012384304e-05,0.8535694832950212,0.9998944485607723,0.8928399957434914,0.00019998577878906388,"{""budget_attacks"": 11, ""fewshot_repeat"": 1500}",trees,xgb,cic77,lycos18,lycos17,2,6d3a48d504e64fb396bac5c3b510a01a
"fewshot(budget=200,rule=random)",200,3.39228892326355,re-picked on the 200-flow labelled budget (47 attacks),0.00047840375068540535,0.6352514403584892,0.9587687979152304,0.7667457201459956,0.061386561270640363,6.073642170630829e-05,0.8546280653489782,0.9998988599564828,0.8936139890297442,0.00019924509071947476,"{""budget_attacks"": 47, ""fewshot_repeat"": 375}",trees,xgb,cic77,lycos18,lycos17,2,6d3a48d504e64fb396bac5c3b510a01a
"fewshot(budget=1000,rule=random)",1000,3.4752912521362305,re-picked on the 1000-flow labelled budget (230 attacks),0.0012364896940792016,0.8190660786684686,0.988980455108882,0.8845077669900598,0.017222535024674593,7.777224730685818e-05,0.8708391416868997,0.9998967505918075,0.9053308992658008,0.00019554165037152912,"{""budget_attacks"": 230, ""fewshot_repeat"": 75}",trees,xgb,cic77,lycos18,lycos17,2,6d3a48d504e64fb396bac5c3b510a01a
none,0,0.0,frozen source threshold,0.004297882061155892,0.333082226895592,0.7624999004915807,0.5088277212207534,0.9895636850177855,0.004283865202793711,0.9506336487434812,0.9992534114348777,0.9384179909763045,0.004198450712553959,,trees,xgb,nf43,nf_ton_v2,nf_cse_cic18_v2,0,c885b64a99944719976ce455ccf6eb30
scaling,0,0.19630098342895508,frozen source threshold,0.00020885683516626963,0.0,0.28606950322981156,-0.007047235892295887,0.9438240381163724,7.227379943363622e-05,0.0009494411140109071,0.8583342902175788,0.017791314595510737,0.3222623013291809,{},trees,xgb,nf43,nf_ton_v2,nf_cse_cic18_v2,0,c885b64a99944719976ce455ccf6eb30
"fewshot(budget=50,rule=random)",50,3.94761323928833,re-picked on the 50-flow labelled budget (9 attacks),0.0,0.20123042154493237,0.9631865364792155,0.40136661317515965,0.08832033417093627,6.570345403057839e-06,0.2566655811542819,0.9989956129795932,0.3525565464424639,0.00562421566501751,"{""budget_attacks"": 9, ""fewshot_repeat"": 1500}",trees,xgb,nf43,nf_ton_v2,nf_cse_cic18_v2,0,c885b64a99944719976ce455ccf6eb30
"fewshot(budget=200,rule=random)",200,3.4819297790527344,re-picked on the 200-flow labelled budget (41 attacks),0.0,0.7850528892934493,0.9811209227159368,0.8577455796747375,0.06054563848187188,1.3140690806115678e-05,0.3628562124179559,0.9989600480501177,0.4355360891268607,0.006235257787501889,"{""budget_attacks"": 41, ""fewshot_repeat"": 375}",trees,xgb,nf43,nf_ton_v2,nf_cse_cic18_v2,0,c885b64a99944719976ce455ccf6eb30
"fewshot(budget=1000,rule=random)",1000,2.8108084201812744,re-picked on the 1000-flow labelled budget (241 attacks),1.3053552197891852e-05,0.9189658599872355,0.9889322756204901,0.94670838593085,0.0001142185817315537,4.599241782140487e-05,0.39791673355563406,0.9989367222747203,0.4621557803801681,0.006195835715083542,"{""budget_attacks"": 241, ""fewshot_repeat"": 75}",trees,xgb,nf43,nf_ton_v2,nf_cse_cic18_v2,0,c885b64a99944719976ce455ccf6eb30
none,0,0.0,frozen source threshold,0.004297882061155892,0.333082226895592,0.7624999004915807,0.5088277212207534,0.9895636850177855,0.004283865202793711,0.9506336487434812,0.9992534114348777,0.9384179909763045,0.004198450712553959,,trees,xgb,nf43,nf_ton_v2,nf_cse_cic18_v2,1,16d090df9573429296a9021ce4c16840
scaling,0,0.19580888748168945,frozen source threshold,0.0002545442678588911,0.0,0.29357694694249964,-0.0077800732654741255,0.9536142022647913,8.54144902397519e-05,0.0009127477376240121,0.8571460107319685,0.01701621135350779,0.32216374614813503,{},trees,xgb,nf43,nf_ton_v2,nf_cse_cic18_v2,1,16d090df9573429296a9021ce4c16840
"fewshot(budget=50,rule=random)",50,3.200749397277832,re-picked on the 50-flow labelled budget (8 attacks),6.526776098945926e-06,0.37901377946577103,0.9664858577973297,0.5634607841023507,0.09979766994093267,6.570345403057839e-06,0.26615999229439097,0.9989470965276473,0.3602068265006205,0.006550634366848666,"{""budget_attacks"": 8, ""fewshot_repeat"": 1500}",trees,xgb,nf43,nf_ton_v2,nf_cse_cic18_v2,1,16d090df9573429296a9021ce4c16840
"fewshot(budget=200,rule=random)",200,3.256455183029175,re-picked on the 200-flow labelled budget (55 attacks),0.0,0.7180074704165228,0.981814210543493,0.8123796730668218,0.04945011911366381,6.570345403057839e-06,0.3056787586630768,0.9989342232515191,0.3914643517599582,0.006011866043797922,"{""budget_attacks"": 55, ""fewshot_repeat"": 375}",trees,xgb,nf43,nf_ton_v2,nf_cse_cic18_v2,1,16d090df9573429296a9021ce4c16840
"fewshot(budget=1000,rule=random)",1000,3.2479734420776367,re-picked on the 1000-flow labelled budget (226 attacks),0.0,0.8788725320945415,0.9895244531261487,0.9202593664145169,0.0002937049244525667,1.9711036209173516e-05,0.4065901303990863,0.9989600401286182,0.4687706455872224,0.006031577080007096,"{""budget_attacks"": 226, ""fewshot_repeat"": 75}",trees,xgb,nf43,nf_ton_v2,nf_cse_cic18_v2,1,16d090df9573429296a9021ce4c16840
none,0,0.0,frozen source threshold,0.004297882061155892,0.333082226895592,0.7624999004915807,0.5088277212207534,0.9895636850177855,0.004283865202793711,0.9506336487434812,0.9992534114348777,0.9384179909763045,0.004198450712553959,,trees,xgb,nf43,nf_ton_v2,nf_cse_cic18_v2,2,dcc51a83edb64198b734dfeb7ce917e5
scaling,0,0.18896198272705078,frozen source threshold,0.0001827497307704859,0.0,0.309722764572719,-0.0065920199569731676,0.9233364879417811,8.54144902397519e-05,0.0009035743935272884,0.8560212728392934,0.016907433767682056,0.340337321532993,{},trees,xgb,nf43,nf_ton_v2,nf_cse_cic18_v2,2,dcc51a83edb64198b734dfeb7ce917e5
"fewshot(budget=50,rule=random)",50,3.40008282661438,re-picked on the 50-flow labelled budget (12 attacks),0.0,0.42260167195036463,0.947226292781404,0.5984218288788619,0.11455797408869889,1.9711036209173516e-05,0.23764006549767686,0.9990437452831785,0.33699631246463413,0.0056570673920327995,"{""budget_attacks"": 12, ""fewshot_repeat"": 1500}",trees,xgb,nf43,nf_ton_v2,nf_cse_cic18_v2,2,dcc51a83edb64198b734dfeb7ce917e5
"fewshot(budget=200,rule=random)",200,2.905337333679199,re-picked on the 200-flow labelled budget (46 attacks),0.0,0.7723301631145568,0.9865429598056072,0.8491892091508333,0.00475801977613158,1.9711036209173516e-05,0.3271306238332653,0.9989044672055007,0.4081035943689282,0.006471790222011971,"{""budget_attacks"": 46, ""fewshot_repeat"": 375}",trees,xgb,nf43,nf_ton_v2,nf_cse_cic18_v2,2,dcc51a83edb64198b734dfeb7ce917e5
"fewshot(budget=1000,rule=random)",1000,3.5598015785217285,re-picked on the 1000-flow labelled budget (255 attacks),4.242404464314852e-05,0.9263944254370822,0.9893948676228319,0.951538392358445,0.0001142185817315537,4.599241782140487e-05,0.4919985506116327,0.9990278958975352,0.5335782337078413,0.005729341191466435,"{""budget_attacks"": 255, ""fewshot_repeat"": 75}",trees,xgb,nf43,nf_ton_v2,nf_cse_cic18_v2,2,dcc51a83edb64198b734dfeb7ce917e5
